year	location	stratum	visits
2010	5146	1	18
2013	5146	1	18
2016	5146	1	18
2009	5149	1	18
2009	5150	1	18
2009	5151	1	18
2007	5152	1	18
2010	5152	1	18
2008	5155	1	18
2013	5156	1	6
2016	5156	1	12
2019	5156	1	18
2022	5156	1	18
2010	5163	1	12
2013	5163	1	6
2018	5173	1	18
2015	5205	1	18
2018	5205	1	18
2021	5205	1	18
2009	5206	1	6
2015	5206	1	12
2018	5206	1	18
2021	5206	1	18
2009	5207	1	18
2012	5207	1	6
2015	5207	1	18
2018	5207	1	18
2008	5208	1	18
2011	5208	1	6
2014	5208	1	18
2017	5208	1	18
2020	5208	1	6
2009	5209	1	12
2007	5211	1	18
2010	5211	1	18
2013	5211	1	18
2016	5211	1	18
2019	5211	1	18
2022	5211	1	18
2007	5212	1	18
2010	5212	1	18
2013	5212	1	18
2016	5212	1	18
2019	5212	1	18
2009	5220	1	18
2015	5220	1	18
2018	5220	1	18
2021	5220	1	12
2009	5221	1	18
2015	5221	1	18
2018	5221	1	18
2021	5221	1	12
2009	5223	1	18
2018	5223	1	18
2021	5223	1	6
2009	5225	1	18
2018	5225	1	18
2021	5225	1	18
2008	5226	1	12
2011	5226	1	18
2017	5226	1	18
2020	5226	1	12
2008	5227	1	12
2011	5227	1	18
2008	5229	1	18
2011	5229	1	18
2008	5230	1	12
2011	5230	1	18
2008	5231	1	18
2011	5231	1	18
2014	5231	1	18
2017	5231	1	18
2020	5231	1	18
2023	5231	1	18
2010	5232	1	18
2013	5232	1	18
2016	5232	1	18
2019	5232	1	18
2022	5232	1	12
2009	5233	1	18
2012	5233	1	16
2015	5233	1	18
2018	5233	1	18
2021	5233	1	18
2008	5234	1	18
2011	5234	1	18
2014	5234	1	18
2017	5234	1	18
2020	5234	1	18
2023	5234	1	18
2010	5235	1	18
2013	5235	1	18
2016	5235	1	18
2019	5235	1	18
2022	5235	1	12
2009	5236	1	18
2012	5236	1	18
2015	5236	1	18
2018	5236	1	18
2021	5236	1	18
2007	5237	1	18
2010	5237	1	18
2013	5237	1	18
2007	5238	1	12
2010	5238	1	18
2013	5238	1	18
2007	5239	1	18
2011	5239	1	18
2014	5239	1	18
2015	5239	1	6
2009	5240	1	18
2012	5240	1	12
2009	5241	1	18
2012	5241	1	18
2015	5241	1	12
2009	5242	1	18
2012	5242	1	18
2007	5244	1	18
2009	5244	1	18
2012	5244	1	18
2015	5244	1	6
2008	5248	1	6
2011	5248	1	12
2014	5248	1	18
2007	5283	1	18
2010	5283	1	12
2013	5283	1	12
2016	5283	1	18
2019	5283	1	18
2022	5283	1	24
2009	5284	1	18
2012	5284	1	18
2015	5284	1	18
2018	5284	1	18
2021	5284	1	18
2007	5318	1	18
2010	5318	1	12
2009	5345	1	6
2014	5345	1	18
2017	5345	1	18
2020	5345	1	18
2023	5345	1	18
2007	5349	1	18
2010	5349	1	18
2016	5349	1	18
2019	5349	1	18
2022	5349	1	18
2008	5351	1	18
2011	5351	1	18
2017	5351	1	18
2020	5351	1	6
2021	5351	1	18
2023	5351	1	18
2008	5352	1	18
2011	5352	1	18
2017	5352	1	18
2020	5352	1	18
2008	5353	1	18
2011	5353	1	18
2014	5353	1	18
2017	5353	1	18
2020	5353	1	18
2009	5354	1	18
2012	5354	1	18
2015	5354	1	18
2018	5354	1	18
2021	5354	1	18
2018	5358	1	18
2021	5358	1	18
2008	5362	1	18
2011	5362	1	18
2008	5363	1	18
2011	5363	1	18
2008	5364	1	11
2011	5364	1	9
2014	5364	1	12
2017	5364	1	12
2020	5364	1	16
2007	5432	1	18
2007	5436	1	6
2008	5439	1	15
2011	5439	1	15
2014	5439	1	15
2017	5439	1	15
2009	5440	1	18
2012	5440	1	6
2015	5440	1	18
2018	5440	1	18
2007	5441	1	18
2010	5441	1	12
2013	5441	1	18
2016	5441	1	18
2019	5441	1	18
2007	5442	1	18
2010	5442	1	12
2013	5442	1	18
2016	5442	1	18
2019	5442	1	18
2008	5444	1	18
2011	5444	1	18
2014	5444	1	18
2017	5444	1	18
2020	5444	1	18
2009	5447	1	18
2012	5447	1	18
2009	5451	1	18
2012	5451	1	18
2007	5454	1	18
2009	5455	1	18
2012	5455	1	18
2009	5462	1	6
2009	5498	1	18
2012	5498	1	6
2009	5500	1	18
2012	5500	1	6
2008	5502	1	18
2011	5502	1	18
2015	5502	1	17
2017	5502	1	18
2020	5502	1	18
2023	5502	1	18
2009	5519	1	18
2015	5519	1	17
2009	5564	1	12
2009	5591	1	18
2009	5592	1	18
2009	5593	1	18
2008	5598	1	18
2011	5598	1	18
2008	5600	1	18
2011	5600	1	18
2008	5601	1	18
2011	5601	1	18
2009	5602	1	18
2009	5604	1	18
2009	5605	1	18
2013	5605	1	18
2015	5605	1	18
2018	5605	1	18
2021	5605	1	18
2009	5611	1	18
2012	5611	1	18
2007	5613	1	18
2010	5613	1	18
2013	5613	1	18
2016	5613	1	18
2019	5613	1	18
2008	5615	1	18
2011	5615	1	18
2008	5617	1	18
2011	5617	1	18
2007	5631	1	18
2010	5631	1	12
2007	5639	1	18
2010	5639	1	12
2013	5639	1	18
2016	5639	1	18
2019	5639	1	24
2009	5644	1	18
2009	5654	1	18
2007	5666	1	18
2010	5667	1	18
2011	5667	1	18
2013	5667	1	18
2007	5668	1	18
2007	5671	1	18
2010	5671	1	18
2013	5671	1	18
2016	5671	1	18
2019	5671	1	18
2022	5671	1	18
2017	5673	1	18
2020	5673	1	24
2023	5673	1	18
2008	5723	1	12
2010	5723	1	6
2011	5723	1	12
2012	5723	1	6
2014	5723	1	6
2017	5723	1	6
2020	5723	1	18
2023	5723	1	18
2011	5725	1	12
2014	5725	1	12
2010	5738	1	18
2013	5738	1	18
2016	5738	1	18
2019	5738	1	18
2022	5738	1	18
2007	5786	1	18
2008	5788	1	18
2009	5788	1	18
2008	5789	1	18
2011	5789	1	18
2008	5791	1	18
2011	5791	1	18
2009	5840	1	18
2012	5840	1	18
2018	5840	1	18
2021	5840	1	6
2007	5851	1	18
2008	5851	1	18
2009	5851	1	18
2010	5851	1	18
2011	5851	1	18
2012	5851	1	18
2013	5851	1	17
2014	5851	1	11
2015	5851	1	6
2016	5851	1	11
2008	5871	1	18
2009	5881	1	18
2012	5881	1	18
2016	5881	1	18
2007	5886	1	18
2010	5886	1	18
2015	5886	1	18
2016	5886	1	15
2019	5886	1	18
2022	5886	1	24
2007	5887	1	18
2010	5887	1	18
2015	5887	1	18
2016	5887	1	18
2019	5887	1	18
2022	5887	1	30
2023	5898	1	18
2007	5906	1	18
2010	5906	1	18
2013	5906	1	18
2016	5906	1	18
2019	5906	1	18
2022	5906	1	18
2007	5950	1	18
2010	5950	1	18
2013	5950	1	18
2008	5953	1	18
2011	5953	1	18
2018	5960	1	18
2021	5960	1	18
2017	5961	1	18
2020	5961	1	18
2007	5962	1	18
2008	5962	1	18
2010	5962	1	18
2011	5962	1	18
2012	5962	1	18
2013	5962	1	18
2014	5962	1	18
2015	5962	1	18
2016	5962	1	18
2019	5962	1	18
2022	5962	1	18
2007	5967	1	18
2010	5967	1	18
2007	5968	1	18
2010	5968	1	18
2007	5969	1	18
2010	5969	1	18
2007	5971	1	18
2008	5971	1	18
2009	5971	1	18
2010	5971	1	18
2011	5971	1	18
2012	5971	1	12
2013	5971	1	18
2014	5971	1	18
2015	5971	1	6
2016	5971	1	18
2022	5971	1	18
2007	5973	1	12
2010	5973	1	12
2008	5974	1	18
2007	5975	1	18
2010	5975	1	18
2007	5976	1	18
2008	5976	1	17
2009	5976	1	18
2010	5976	1	18
2011	5976	1	6
2016	5976	1	18
2018	5976	1	18
2021	5976	1	18
2008	5978	1	18
2011	5978	1	18
2014	5978	1	18
2017	5978	1	18
2020	5978	1	18
2023	5978	1	18
2007	5979	1	12
2007	5980	1	12
2007	5981	1	12
2007	5982	1	18
2010	5982	1	18
2007	5984	1	11
2007	5985	1	12
2013	5987	1	18
2016	5987	1	18
2019	5987	1	18
2022	5987	1	18
2007	5992	1	18
2008	5992	1	18
2009	5992	1	18
2010	5992	1	18
2011	5992	1	18
2012	5992	1	18
2013	5992	1	18
2014	5992	1	18
2015	5992	1	6
2017	5992	1	18
2020	5992	1	12
2023	5992	1	18
2010	5995	1	12
2008	6011	1	18
2011	6011	1	18
2014	6011	1	12
2017	6011	1	18
2020	6011	1	18
2023	6011	1	18
2007	6016	1	18
2010	6016	1	18
2013	6016	1	18
2009	6018	1	18
2012	6018	1	12
2018	6018	1	18
2021	6018	1	18
2009	6020	1	18
2012	6020	1	12
2018	6020	1	18
2021	6020	1	18
2008	6021	1	12
2011	6021	1	18
2021	6021	1	18
2019	6023	1	18
2022	6023	1	18
2007	6024	1	18
2008	6024	1	18
2009	6024	1	18
2010	6024	1	12
2011	6024	1	18
2012	6024	1	18
2013	6024	1	18
2014	6024	1	18
2015	6024	1	12
2016	6024	1	18
2019	6024	1	18
2022	6024	1	18
2007	6025	1	18
2008	6025	1	18
2009	6025	1	18
2010	6025	1	18
2011	6025	1	18
2012	6025	1	18
2013	6025	1	18
2014	6025	1	18
2015	6025	1	18
2016	6025	1	18
2019	6025	1	18
2022	6025	1	18
2007	6027	1	18
2008	6027	1	18
2009	6027	1	12
2010	6027	1	18
2011	6027	1	18
2012	6027	1	18
2016	6027	1	18
2019	6027	1	18
2007	6031	1	18
2009	6034	1	18
2015	6034	1	12
2018	6034	1	18
2008	6055	1	18
2011	6055	1	18
2014	6055	1	18
2007	6072	1	18
2010	6072	1	18
2013	6072	1	18
2016	6072	1	18
2019	6072	1	18
2022	6072	1	18
2007	6126	1	18
2008	6136	1	18
2011	6136	1	18
2014	6136	1	18
2017	6136	1	18
2020	6136	1	12
2008	6137	1	18
2011	6137	1	18
2014	6137	1	18
2017	6137	1	18
2020	6137	1	18
2023	6137	1	12
2008	6138	1	18
2012	6138	1	6
2014	6138	1	18
2017	6138	1	12
2008	6143	1	18
2011	6143	1	18
2018	6144	1	4
2009	6146	1	18
2018	6146	1	6
2018	6147	1	6
2008	6150	1	18
2011	6150	1	18
2008	6151	1	18
2011	6151	1	12
2017	6151	1	18
2011	6165	1	18
2014	6165	1	18
2017	6165	1	18
2020	6165	1	18
2023	6165	1	18
2010	6166	1	18
2013	6166	1	18
2016	6166	1	18
2019	6166	1	18
2022	6166	1	18
2007	6169	1	18
2008	6169	1	18
2009	6169	1	18
2010	6169	1	18
2012	6169	1	18
2015	6169	1	18
2018	6169	1	18
2021	6169	1	18
2007	6181	1	18
2010	6181	1	18
2013	6181	1	18
2016	6181	1	12
2019	6181	1	18
2022	6181	1	18
2008	6182	1	18
2011	6182	1	18
2014	6182	1	18
2018	6182	1	18
2021	6182	1	18
2018	6185	1	18
2021	6185	1	18
2011	6187	1	18
2012	6187	1	18
2014	6187	1	6
2016	6188	1	18
2019	6188	1	18
2022	6188	1	18
2009	6192	1	18
2012	6192	1	18
2015	6192	1	18
2018	6192	1	18
2008	6194	1	18
2010	6194	1	18
2013	6194	1	18
2016	6194	1	18
2019	6194	1	18
2008	6198	1	18
2011	6198	1	18
2014	6198	1	18
2017	6198	1	18
2020	6198	1	18
2023	6198	1	6
2007	6200	1	12
2010	6200	1	18
2012	6200	1	12
2013	6200	1	12
2016	6200	1	18
2019	6200	1	18
2022	6200	1	18
2009	6202	1	12
2012	6202	1	15
2015	6202	1	15
2018	6202	1	15
2021	6202	1	8
2008	6203	1	18
2011	6203	1	18
2014	6203	1	18
2017	6203	1	18
2020	6203	1	12
2007	6206	1	18
2013	6206	1	18
2016	6206	1	18
2019	6206	1	18
2019	6248	1	18
2022	6248	1	18
2007	6249	1	6
2019	6249	1	18
2022	6249	1	18
2019	6250	1	18
2022	6250	1	18
2017	6251	1	18
2020	6251	1	18
2023	6251	1	18
2018	6252	1	18
2021	6252	1	18
2007	6253	1	5
2017	6253	1	18
2020	6253	1	18
2023	6253	1	18
2018	6254	1	18
2021	6254	1	18
2009	6255	1	18
2007	6256	1	12
2007	6257	1	18
2010	6257	1	18
2013	6257	1	18
2016	6257	1	18
2014	6258	1	18
2008	6259	1	18
2011	6259	1	18
2014	6259	1	18
2007	6260	1	18
2010	6260	1	18
2013	6260	1	18
2016	6260	1	18
2018	6265	1	24
2021	6265	1	12
2010	6272	1	18
2013	6272	1	12
2008	6273	1	18
2014	6273	1	6
2017	6273	1	18
2020	6273	1	6
2023	6273	1	12
2007	6306	1	18
2019	6306	1	24
2022	6306	1	18
2009	6310	1	18
2012	6310	1	18
2015	6310	1	18
2008	6316	1	18
2017	6316	1	15
2020	6316	1	18
2023	6316	1	15
2008	6319	1	6
2009	6319	1	18
2012	6319	1	18
2015	6319	1	18
2018	6319	1	18
2009	6326	1	18
2009	6328	1	15
2009	6331	1	18
2012	6331	1	18
2015	6331	1	12
2018	6331	1	18
2021	6331	1	18
2023	6331	1	18
2008	6332	1	18
2011	6332	1	18
2017	6332	1	18
2020	6332	1	12
2007	6339	1	18
2009	6339	1	18
2012	6339	1	18
2015	6339	1	18
2014	5433	2	18
2017	5433	2	18
2020	5433	2	12
2021	5433	2	6
2007	5435	2	12
2009	5437	2	15
2012	5437	2	12
2015	5437	2	18
2018	5437	2	6
2008	5438	2	18
2011	5438	2	18
2014	5438	2	18
2017	5438	2	18
2010	5479	2	5
2013	5479	2	16
2008	5480	2	18
2014	5480	2	18
2017	5480	2	18
2020	5480	2	18
2023	5480	2	18
2007	5606	2	18
2010	5606	2	18
2008	5607	2	18
2011	5607	2	6
2007	5608	2	18
2010	5608	2	18
2013	5608	2	18
2008	5609	2	18
2011	5609	2	6
2008	5610	2	18
2011	5610	2	18
2014	5610	2	12
2008	5618	2	18
2011	5618	2	18
2008	5622	2	18
2011	5622	2	18
2007	5635	2	12
2010	5635	2	12
2014	5635	2	18
2017	5635	2	18
2020	5635	2	18
2023	5635	2	18
2007	5636	2	18
2010	5636	2	12
2014	5636	2	18
2007	5638	2	18
2010	5638	2	12
2012	5638	2	12
2015	5638	2	18
2018	5638	2	18
2021	5638	2	18
2007	5640	2	18
2010	5640	2	12
2014	5640	2	18
2009	5641	2	18
2012	5641	2	10
2015	5641	2	18
2018	5641	2	14
2007	5642	2	18
2010	5642	2	18
2013	5642	2	18
2016	5642	2	18
2019	5642	2	18
2007	5643	2	18
2010	5643	2	12
2011	5643	2	6
2012	5643	2	18
2016	5643	2	18
2019	5643	2	18
2022	5643	2	18
2007	5645	2	18
2010	5645	2	12
2013	5645	2	18
2008	5646	2	18
2011	5646	2	18
2014	5646	2	12
2017	5646	2	18
2007	5647	2	18
2010	5647	2	18
2013	5647	2	18
2016	5647	2	18
2007	5664	2	18
2007	5665	2	18
2016	5665	2	18
2019	5665	2	18
2022	5665	2	18
2008	5766	2	6
2017	5766	2	18
2007	5767	2	18
2008	5769	2	17
2017	5769	2	18
2008	5770	2	9
2012	5770	2	12
2017	5770	2	9
2008	5792	2	18
2011	5792	2	18
2008	5793	2	18
2011	5793	2	18
2007	5934	2	12
2010	5934	2	18
2013	5934	2	18
2016	5934	2	18
2019	5934	2	18
2022	5934	2	18
2009	5937	2	18
2021	5937	2	18
2021	5938	2	18
2008	5939	2	18
2020	5939	2	11
2008	5940	2	18
2020	5940	2	12
2023	5940	2	18
2007	5941	2	18
2019	5941	2	18
2007	5942	2	6
2019	5942	2	12
2021	5943	2	18
2021	5946	2	17
2007	5947	2	18
2019	5947	2	18
2008	5948	2	15
2017	5948	2	15
2007	5988	2	12
2016	5988	2	18
2008	5989	2	12
2009	5989	2	12
2007	5990	2	18
2009	5990	2	6
2012	5990	2	18
2015	5990	2	18
2018	5990	2	18
2021	5990	2	18
2008	5991	2	12
2009	5991	2	6
2019	5994	2	18
2007	5996	2	18
2010	5996	2	18
2013	5996	2	18
2008	6000	2	12
2017	6000	2	18
2008	6004	2	18
2010	6004	2	18
2017	6004	2	18
2010	6007	2	15
2013	6007	2	15
2016	6007	2	15
2019	6007	2	15
2022	6007	2	21
2009	6008	2	18
2012	6008	2	18
2018	6008	2	18
2021	6008	2	18
2010	6010	2	18
2013	6010	2	18
2016	6010	2	18
2019	6010	2	18
2022	6010	2	18
2010	6120	2	18
2013	6120	2	18
2016	6120	2	18
2019	6120	2	18
2022	6120	2	18
2012	6121	2	18
2015	6121	2	18
2018	6121	2	18
2021	6121	2	18
2022	6121	2	6
2007	6122	2	18
2010	6122	2	18
2013	6122	2	18
2016	6122	2	18
2019	6122	2	18
2022	6122	2	18
2011	6124	2	15
2014	6124	2	15
2017	6124	2	15
2020	6124	2	15
2023	6124	2	16
2011	6131	2	18
2014	6131	2	18
2017	6131	2	18
2020	6131	2	24
2023	6131	2	18
2008	6132	2	6
2010	6132	2	18
2013	6132	2	18
2016	6132	2	18
2019	6132	2	18
2022	6132	2	24
2012	6134	2	18
2015	6134	2	18
2018	6134	2	18
2021	6134	2	18
2007	6139	2	12
2010	6139	2	6
2016	6139	2	18
2007	6160	2	18
2011	6160	2	18
2013	6160	2	18
2017	6160	2	18
2020	6160	2	18
2023	6160	2	18
2017	6162	2	18
2020	6162	2	18
2023	6162	2	18
2009	6170	2	18
2012	6170	2	12
2015	6170	2	18
2018	6170	2	18
2021	6170	2	18
2007	6171	2	18
2008	6171	2	18
2009	6171	2	18
2010	6171	2	18
2011	6171	2	18
2014	6171	2	18
2017	6171	2	18
2020	6171	2	18
2023	6171	2	18
2007	6173	2	18
2008	6173	2	18
2009	6173	2	18
2010	6173	2	18
2012	6173	2	18
2015	6173	2	18
2018	6173	2	18
2021	6173	2	18
2007	6174	2	18
2008	6174	2	18
2009	6174	2	18
2010	6174	2	18
2013	6174	2	18
2016	6174	2	18
2019	6174	2	18
2022	6174	2	18
2007	6189	2	18
2010	6189	2	18
2014	6189	2	18
2018	6189	2	12
2008	6190	2	18
2011	6190	2	18
2015	6190	2	12
2018	6190	2	12
2021	6190	2	18
2009	6195	2	18
2011	6195	2	18
2014	6195	2	18
2017	6195	2	18
2010	6196	2	18
2013	6196	2	18
2016	6196	2	18
2019	6196	2	18
2022	6196	2	18
2011	6197	2	18
2014	6197	2	18
2017	6197	2	18
2020	6197	2	18
2023	6197	2	18
2012	6199	2	18
2015	6199	2	18
2018	6199	2	18
2021	6199	2	18
2008	6246	2	18
2011	6246	2	6
2014	6246	2	12
2017	6246	2	18
2021	6246	2	18
2023	6246	2	18
2019	6263	2	18
2022	6263	2	18
2007	6267	2	18
2010	6267	2	18
2013	6267	2	18
2019	6267	2	18
2022	6267	2	18
2007	6288	2	18
2010	6288	2	18
2013	6288	2	18
2015	6288	2	18
2018	6288	2	18
2021	6288	2	18
2008	6289	2	18
2012	6289	2	18
2015	6289	2	18
2018	6289	2	12
2021	6289	2	6
2007	6290	2	18
2010	6290	2	12
2013	6290	2	18
2019	6290	2	12
2008	6291	2	18
2012	6291	2	18
2016	6291	2	12
2019	6291	2	18
2009	6292	2	18
2012	6292	2	12
2016	6292	2	18
2019	6292	2	18
2008	6295	2	18
2011	6295	2	18
2014	6295	2	18
2017	6295	2	18
2020	6295	2	18
2015	6296	2	18
2017	6296	2	18
2020	6296	2	18
2009	6302	2	18
2017	6302	2	12
2008	6304	2	12
2011	6304	2	18
2017	6304	2	18
2007	6307	2	18
2017	6307	2	18
2007	6308	2	18
2010	6308	2	18
2013	6308	2	18
2016	6308	2	6
2022	6308	2	18
2007	6309	2	18
2008	6309	2	6
2010	6309	2	18
2012	6309	2	12
2013	6309	2	18
2016	6309	2	18
2019	6309	2	108
2009	6311	2	12
2018	6311	2	18
2021	6311	2	18
2007	6312	2	18
2018	6312	2	18
2021	6312	2	18
2007	6313	2	12
2010	6313	2	12
2013	6313	2	12
2016	6313	2	12
2019	6313	2	14
2023	6313	2	18
2007	6317	2	18
2011	6320	2	18
2017	6320	2	18
2007	6324	2	12
2013	6324	2	18
2016	6324	2	12
2019	6324	2	18
2022	6324	2	24
2007	5145	3	18
2010	5145	3	18
2013	5145	3	18
2016	5145	3	18
2008	5153	3	18
2018	5158	3	18
2021	5158	3	18
2018	5159	3	18
2008	5160	3	18
2016	5160	3	18
2019	5160	3	18
2022	5160	3	18
2008	5161	3	18
2017	5161	3	18
2023	5161	3	18
2008	5165	3	18
2011	5165	3	18
2014	5165	3	18
2017	5165	3	18
2020	5165	3	12
2021	5165	3	6
2023	5165	3	18
2009	5171	3	18
2012	5171	3	18
2007	5175	3	18
2010	5175	3	12
2007	5176	3	18
2010	5176	3	12
2008	5177	3	18
2011	5177	3	18
2008	5178	3	18
2011	5178	3	18
2019	5181	3	6
2009	5182	3	18
2012	5182	3	18
2015	5182	3	18
2018	5182	3	18
2021	5182	3	18
2009	5183	3	18
2012	5183	3	18
2015	5183	3	18
2018	5183	3	18
2021	5183	3	18
2007	5184	3	18
2010	5184	3	18
2013	5184	3	18
2016	5184	3	18
2019	5184	3	18
2022	5184	3	18
2008	5185	3	18
2011	5185	3	18
2014	5185	3	18
2017	5185	3	18
2020	5185	3	18
2023	5185	3	18
2008	5186	3	18
2011	5186	3	18
2014	5186	3	9
2017	5186	3	12
2020	5186	3	16
2023	5186	3	14
2009	5187	3	17
2012	5187	3	18
2015	5187	3	18
2018	5187	3	6
2021	5187	3	6
2009	5188	3	18
2012	5188	3	18
2015	5188	3	18
2018	5188	3	6
2009	5189	3	18
2012	5189	3	18
2015	5189	3	18
2020	5189	3	18
2008	5190	3	12
2011	5190	3	18
2014	5190	3	12
2017	5190	3	18
2020	5190	3	18
2008	5191	3	12
2011	5191	3	18
2014	5191	3	12
2017	5191	3	18
2020	5191	3	18
2007	5192	3	18
2010	5192	3	18
2013	5192	3	18
2016	5192	3	18
2007	5194	3	18
2010	5194	3	6
2008	5195	3	18
2007	5196	3	18
2010	5196	3	6
2008	5197	3	18
2009	5198	3	6
2015	5201	3	18
2008	5202	3	12
2007	5203	3	17
2007	5204	3	18
2010	5204	3	18
2013	5204	3	18
2016	5204	3	18
2019	5204	3	18
2008	5218	3	12
2011	5218	3	12
2008	5254	3	18
2011	5254	3	18
2008	5255	3	18
2011	5255	3	18
2008	5256	3	18
2011	5256	3	18
2014	5256	3	12
2009	5257	3	12
2012	5257	3	18
2015	5257	3	18
2019	5257	3	18
2009	5258	3	18
2009	5259	3	6
2017	5259	3	18
2021	5259	3	18
2010	5260	3	18
2016	5260	3	18
2019	5260	3	18
2022	5260	3	18
2017	5261	3	18
2021	5261	3	18
2023	5261	3	18
2008	5262	3	18
2011	5262	3	18
2014	5262	3	18
2017	5262	3	18
2021	5262	3	18
2023	5262	3	18
2009	5263	3	18
2012	5263	3	18
2015	5263	3	18
2018	5263	3	18
2021	5263	3	18
2007	5264	3	18
2010	5264	3	18
2013	5264	3	18
2016	5264	3	18
2019	5264	3	18
2022	5264	3	18
2007	5265	3	18
2010	5265	3	18
2016	5265	3	18
2019	5265	3	18
2008	5266	3	18
2011	5266	3	18
2014	5266	3	18
2017	5266	3	18
2021	5266	3	18
2023	5266	3	18
2007	5267	3	18
2010	5267	3	18
2016	5267	3	18
2019	5267	3	12
2007	5268	3	18
2010	5268	3	6
2016	5268	3	18
2019	5268	3	18
2008	5269	3	18
2011	5269	3	18
2014	5269	3	12
2020	5269	3	12
2008	5270	3	18
2011	5270	3	6
2014	5270	3	18
2017	5270	3	18
2020	5270	3	18
2023	5270	3	18
2009	5271	3	6
2012	5271	3	12
2015	5271	3	18
2018	5271	3	18
2021	5271	3	18
2009	5272	3	6
2012	5272	3	12
2015	5272	3	18
2018	5272	3	15
2021	5272	3	15
2007	5273	3	18
2010	5273	3	6
2013	5273	3	6
2016	5273	3	12
2019	5273	3	18
2022	5273	3	18
2007	5274	3	18
2010	5274	3	12
2013	5274	3	6
2016	5274	3	5
2019	5274	3	17
2022	5274	3	17
2008	5275	3	18
2014	5275	3	18
2017	5275	3	18
2020	5275	3	18
2023	5275	3	18
2007	5276	3	18
2010	5276	3	6
2013	5276	3	6
2016	5276	3	18
2019	5276	3	18
2022	5276	3	11
2007	5277	3	18
2010	5277	3	12
2013	5277	3	18
2016	5277	3	18
2019	5277	3	18
2022	5277	3	18
2009	5278	3	6
2012	5278	3	12
2015	5278	3	6
2018	5278	3	18
2021	5278	3	18
2009	5279	3	18
2012	5279	3	18
2015	5279	3	18
2018	5279	3	18
2021	5279	3	18
2008	5280	3	18
2011	5280	3	18
2014	5280	3	18
2017	5280	3	18
2020	5280	3	12
2023	5280	3	18
2008	5281	3	17
2011	5281	3	18
2017	5281	3	18
2020	5281	3	18
2023	5281	3	18
2008	5282	3	18
2011	5282	3	18
2014	5282	3	18
2017	5282	3	18
2020	5282	3	12
2023	5282	3	18
2009	5285	3	12
2012	5285	3	6
2015	5285	3	18
2018	5285	3	18
2021	5285	3	18
2007	5286	3	18
2010	5286	3	18
2013	5286	3	18
2016	5286	3	18
2007	5287	3	18
2013	5287	3	6
2007	5288	3	18
2010	5288	3	18
2013	5288	3	12
2016	5288	3	18
2019	5288	3	18
2011	5289	3	18
2017	5289	3	18
2007	5290	3	18
2013	5290	3	18
2016	5290	3	18
2008	5291	3	6
2013	5291	3	18
2016	5291	3	18
2007	5292	3	18
2013	5292	3	12
2019	5292	3	6
2008	5293	3	18
2011	5293	3	18
2014	5293	3	18
2017	5293	3	18
2021	5293	3	18
2023	5293	3	18
2009	5294	3	12
2009	5297	3	18
2007	5300	3	12
2013	5300	3	18
2014	5301	3	18
2008	5303	3	12
2007	5307	3	18
2008	5307	3	18
2012	5307	3	18
2007	5309	3	18
2015	5309	3	18
2007	5311	3	18
2015	5311	3	18
2019	5311	3	18
2022	5311	3	18
2007	5312	3	18
2012	5312	3	18
2015	5312	3	18
2018	5312	3	18
2021	5312	3	18
2007	5313	3	18
2011	5313	3	18
2014	5313	3	18
2017	5313	3	18
2020	5313	3	18
2023	5313	3	18
2008	5314	3	18
2015	5314	3	18
2019	5314	3	18
2011	5315	3	18
2008	5319	3	12
2011	5319	3	18
2008	5320	3	12
2011	5320	3	18
2007	5321	3	12
2010	5321	3	6
2013	5321	3	18
2016	5321	3	18
2007	5322	3	18
2010	5322	3	18
2013	5322	3	18
2016	5322	3	18
2019	5322	3	18
2022	5322	3	18
2008	5323	3	18
2011	5323	3	12
2014	5323	3	18
2017	5323	3	18
2007	5324	3	12
2010	5324	3	18
2012	5324	3	18
2013	5324	3	12
2018	5324	3	18
2007	5328	3	18
2013	5328	3	6
2012	5329	3	12
2008	5330	3	18
2011	5330	3	18
2014	5330	3	18
2017	5330	3	18
2020	5330	3	12
2023	5330	3	18
2012	5331	3	6
2009	5332	3	12
2007	5333	3	18
2008	5334	3	6
2011	5334	3	12
2014	5334	3	6
2017	5334	3	11
2008	5335	3	6
2011	5335	3	12
2014	5335	3	6
2009	5336	3	6
2009	5337	3	18
2012	5337	3	18
2015	5337	3	18
2018	5337	3	18
2019	5337	3	12
2021	5337	3	18
2008	5338	3	18
2011	5338	3	18
2014	5338	3	18
2017	5338	3	18
2020	5338	3	18
2023	5338	3	6
2007	5339	3	18
2010	5339	3	18
2013	5339	3	18
2016	5339	3	18
2019	5339	3	18
2008	5340	3	18
2011	5340	3	18
2014	5340	3	18
2017	5340	3	18
2020	5340	3	18
2023	5340	3	18
2009	5341	3	18
2012	5341	3	18
2015	5341	3	18
2018	5341	3	18
2021	5341	3	18
2008	5342	3	18
2011	5342	3	18
2007	5343	3	18
2010	5343	3	18
2009	5344	3	18
2016	5357	3	12
2019	5357	3	18
2007	5365	3	18
2010	5365	3	18
2013	5365	3	18
2016	5365	3	12
2018	5365	3	18
2007	5366	3	18
2013	5366	3	18
2016	5366	3	18
2019	5366	3	18
2022	5366	3	18
2012	5367	3	18
2013	5367	3	18
2015	5367	3	18
2016	5367	3	18
2019	5367	3	18
2022	5367	3	18
2008	5368	3	12
2013	5368	3	12
2017	5368	3	18
2021	5368	3	18
2008	5369	3	18
2009	5370	3	6
2021	5370	3	18
2009	5371	3	12
2021	5371	3	18
2022	5372	3	18
2007	5373	3	18
2010	5373	3	18
2016	5373	3	18
2019	5373	3	18
2022	5373	3	18
2022	5374	3	18
2008	5375	3	18
2011	5375	3	18
2017	5375	3	6
2021	5375	3	18
2023	5375	3	18
2009	5376	3	17
2018	5376	3	18
2021	5376	3	18
2008	5378	3	18
2017	5378	3	6
2021	5378	3	17
2023	5378	3	18
2008	5379	3	18
2021	5379	3	17
2023	5379	3	18
2021	5380	3	18
2012	5381	3	12
2018	5381	3	18
2020	5381	3	6
2021	5381	3	18
2007	5382	3	18
2010	5382	3	18
2013	5382	3	6
2016	5382	3	18
2019	5382	3	18
2022	5382	3	12
2007	5384	3	18
2010	5384	3	12
2016	5384	3	18
2019	5384	3	18
2022	5384	3	18
2007	5385	3	17
2010	5385	3	18
2013	5385	3	6
2016	5385	3	18
2019	5385	3	18
2022	5385	3	18
2008	5386	3	18
2011	5386	3	6
2014	5386	3	12
2018	5386	3	18
2019	5386	3	12
2021	5386	3	18
2022	5386	3	24
2023	5386	3	18
2008	5387	3	18
2011	5387	3	18
2014	5387	3	18
2017	5387	3	18
2020	5387	3	12
2023	5387	3	18
2009	5388	3	18
2012	5388	3	18
2015	5388	3	12
2018	5388	3	15
2020	5388	3	12
2021	5388	3	6
2023	5388	3	6
2015	5389	3	15
2021	5389	3	6
2009	5390	3	18
2012	5390	3	18
2018	5390	3	18
2020	5390	3	12
2021	5390	3	12
2023	5390	3	18
2009	5391	3	18
2015	5391	3	12
2018	5391	3	18
2009	5395	3	18
2012	5395	3	6
2015	5395	3	18
2018	5395	3	18
2021	5395	3	18
2008	5396	3	18
2011	5396	3	12
2012	5396	3	6
2014	5396	3	18
2017	5396	3	18
2020	5396	3	12
2007	5397	3	18
2013	5397	3	18
2016	5397	3	18
2019	5397	3	18
2022	5397	3	12
2007	5398	3	18
2010	5398	3	18
2013	5398	3	18
2016	5398	3	18
2019	5398	3	18
2022	5398	3	18
2016	5399	3	18
2019	5399	3	18
2009	5400	3	18
2012	5400	3	12
2015	5400	3	18
2018	5400	3	18
2021	5400	3	18
2009	5402	3	17
2012	5402	3	6
2007	5403	3	18
2010	5403	3	18
2008	5405	3	18
2022	5405	3	12
2011	5406	3	18
2014	5406	3	18
2017	5406	3	18
2020	5406	3	18
2007	5407	3	18
2010	5407	3	18
2013	5407	3	18
2016	5407	3	18
2020	5407	3	18
2008	5409	3	12
2011	5409	3	16
2015	5409	3	18
2007	5410	3	18
2017	5416	3	18
2020	5416	3	18
2023	5416	3	18
2007	5419	3	18
2010	5419	3	18
2013	5419	3	18
2016	5419	3	18
2019	5419	3	18
2022	5419	3	18
2009	5420	3	18
2012	5420	3	6
2015	5420	3	18
2008	5421	3	12
2011	5421	3	18
2014	5421	3	18
2007	5422	3	18
2010	5422	3	18
2013	5422	3	18
2016	5422	3	18
2008	5473	3	10
2019	5473	3	18
2008	5474	3	10
2018	5474	3	18
2021	5474	3	18
2009	5481	3	18
2008	5482	3	18
2011	5482	3	18
2014	5482	3	6
2007	5483	3	18
2010	5483	3	18
2013	5483	3	18
2016	5483	3	6
2018	5483	3	6
2009	5484	3	18
2012	5484	3	18
2015	5484	3	18
2018	5484	3	18
2021	5484	3	18
2007	5485	3	18
2010	5485	3	18
2013	5485	3	18
2016	5485	3	18
2019	5485	3	18
2022	5485	3	18
2007	5487	3	18
2010	5487	3	18
2013	5487	3	18
2016	5487	3	15
2008	5488	3	18
2011	5488	3	12
2009	5490	3	12
2016	5490	3	18
2008	5491	3	18
2011	5491	3	12
2007	5493	3	18
2010	5493	3	18
2018	5493	3	18
2021	5493	3	18
2009	5494	3	18
2018	5494	3	18
2021	5494	3	18
2008	5495	3	18
2007	5496	3	18
2010	5496	3	18
2007	5497	3	18
2010	5497	3	18
2007	5499	3	18
2019	5499	3	11
2020	5499	3	6
2007	5501	3	18
2008	5501	3	18
2009	5501	3	18
2010	5501	3	12
2011	5501	3	18
2012	5501	3	12
2014	5501	3	18
2015	5501	3	18
2016	5501	3	18
2017	5501	3	18
2018	5501	3	18
2019	5501	3	18
2020	5501	3	12
2009	5503	3	17
2014	5503	3	15
2018	5503	3	17
2021	5503	3	17
2007	5505	3	18
2010	5505	3	6
2019	5505	3	18
2008	5507	3	18
2009	5515	3	18
2012	5515	3	18
2015	5515	3	18
2018	5515	3	18
2009	5517	3	12
2015	5518	3	18
2009	5520	3	18
2018	5520	3	6
2009	5521	3	18
2012	5521	3	12
2015	5521	3	18
2018	5521	3	18
2021	5521	3	18
2009	5522	3	18
2012	5522	3	12
2015	5522	3	18
2018	5522	3	18
2021	5522	3	18
2007	5523	3	18
2010	5523	3	18
2013	5523	3	18
2016	5523	3	18
2019	5523	3	18
2022	5523	3	18
2008	5524	3	18
2011	5524	3	18
2014	5524	3	18
2017	5524	3	18
2020	5524	3	18
2023	5524	3	18
2007	5525	3	18
2010	5525	3	18
2013	5525	3	18
2016	5525	3	18
2019	5525	3	18
2022	5525	3	18
2011	5526	3	12
2017	5526	3	18
2007	5527	3	18
2013	5527	3	18
2019	5527	3	18
2022	5527	3	18
2008	5528	3	18
2011	5528	3	18
2014	5528	3	18
2017	5528	3	18
2020	5528	3	18
2023	5528	3	18
2009	5529	3	18
2012	5529	3	18
2015	5529	3	18
2018	5529	3	18
2021	5529	3	18
2014	5530	3	18
2017	5530	3	18
2020	5530	3	18
2007	5531	3	18
2010	5531	3	18
2013	5531	3	18
2016	5531	3	18
2019	5531	3	18
2022	5531	3	18
2008	5533	3	18
2011	5533	3	18
2014	5533	3	17
2017	5533	3	18
2020	5533	3	18
2023	5533	3	18
2007	5534	3	18
2010	5534	3	12
2013	5534	3	6
2016	5534	3	18
2019	5534	3	18
2022	5534	3	18
2009	5535	3	18
2012	5535	3	12
2015	5535	3	18
2018	5535	3	18
2021	5535	3	18
2008	5539	3	12
2014	5539	3	12
2017	5539	3	18
2020	5539	3	18
2023	5539	3	18
2009	5542	3	18
2013	5542	3	18
2016	5542	3	18
2014	5543	3	18
2009	5544	3	18
2007	5545	3	18
2013	5548	3	18
2016	5548	3	18
2019	5548	3	18
2021	5548	3	6
2015	5549	3	15
2017	5549	3	6
2021	5549	3	18
2009	5551	3	12
2012	5551	3	18
2018	5551	3	18
2021	5551	3	18
2009	5560	3	18
2009	5561	3	18
2021	5561	3	12
2009	5562	3	18
2007	5563	3	18
2007	5566	3	10
2013	5566	3	18
2007	5567	3	8
2008	5571	3	14
2007	5572	3	18
2010	5573	3	18
2007	5575	3	12
2010	5575	3	18
2010	5576	3	18
2007	5577	3	18
2010	5577	3	18
2008	5578	3	18
2007	5579	3	9
2010	5579	3	18
2021	5579	3	6
2014	5580	3	18
2009	5581	3	18
2013	5581	3	18
2008	5582	3	18
2009	5585	3	18
2009	5660	3	18
2012	5660	3	18
2018	5660	3	18
2021	5660	3	18
2008	5670	3	18
2011	5670	3	18
2014	5670	3	6
2007	5674	3	18
2010	5674	3	18
2013	5674	3	6
2008	5685	3	18
2009	5685	3	12
2007	5686	3	18
2011	5686	3	18
2013	5686	3	18
2016	5686	3	18
2019	5686	3	18
2016	5687	3	12
2019	5687	3	18
2022	5687	3	18
2008	5688	3	18
2011	5688	3	18
2014	5688	3	18
2017	5688	3	18
2008	5691	3	18
2011	5691	3	18
2014	5691	3	18
2017	5691	3	18
2020	5691	3	12
2023	5691	3	18
2008	5694	3	18
2017	5694	3	18
2020	5694	3	18
2023	5694	3	18
2007	5695	3	18
2012	5695	3	18
2009	5696	3	18
2012	5696	3	18
2018	5696	3	18
2021	5696	3	18
2008	5697	3	18
2010	5697	3	18
2013	5697	3	18
2007	5698	3	18
2010	5698	3	18
2013	5698	3	18
2016	5698	3	18
2019	5698	3	18
2022	5698	3	18
2007	5700	3	18
2010	5700	3	18
2016	5700	3	18
2019	5700	3	18
2022	5700	3	18
2009	5708	3	18
2012	5708	3	6
2015	5708	3	6
2018	5708	3	18
2021	5708	3	18
2010	5710	3	18
2013	5710	3	18
2016	5710	3	18
2019	5710	3	12
2022	5710	3	18
2008	5711	3	18
2011	5711	3	18
2014	5711	3	18
2017	5711	3	18
2020	5711	3	18
2023	5711	3	18
2008	5712	3	18
2014	5712	3	18
2017	5712	3	18
2020	5712	3	12
2023	5712	3	18
2008	5713	3	18
2011	5713	3	18
2014	5713	3	18
2017	5713	3	18
2020	5713	3	18
2023	5713	3	15
2011	5714	3	6
2017	5714	3	18
2020	5714	3	18
2023	5714	3	18
2008	5715	3	12
2011	5715	3	12
2014	5715	3	18
2017	5715	3	12
2020	5715	3	18
2023	5715	3	18
2008	5716	3	18
2014	5716	3	18
2017	5716	3	18
2020	5716	3	18
2023	5716	3	18
2009	5717	3	18
2012	5717	3	6
2015	5717	3	18
2018	5717	3	18
2021	5717	3	18
2009	5718	3	18
2012	5718	3	12
2015	5718	3	17
2018	5718	3	18
2021	5718	3	18
2009	5719	3	18
2012	5719	3	12
2015	5719	3	18
2018	5719	3	18
2021	5719	3	18
2009	5720	3	12
2012	5720	3	6
2015	5720	3	18
2018	5720	3	18
2021	5720	3	17
2009	5722	3	18
2012	5722	3	6
2015	5722	3	18
2018	5722	3	18
2021	5722	3	18
2015	5724	3	18
2013	5726	3	18
2014	5726	3	4
2016	5726	3	18
2009	5728	3	18
2015	5728	3	18
2014	5730	3	18
2007	5731	3	18
2013	5731	3	12
2016	5731	3	18
2019	5731	3	18
2022	5731	3	18
2011	5732	3	12
2014	5732	3	6
2017	5732	3	18
2020	5732	3	18
2023	5732	3	18
2010	5733	3	18
2013	5733	3	18
2016	5733	3	18
2021	5733	3	18
2022	5733	3	18
2008	5734	3	18
2011	5734	3	18
2014	5734	3	6
2017	5734	3	18
2020	5734	3	18
2009	5737	3	18
2018	5737	3	18
2021	5737	3	18
2017	5740	3	18
2020	5740	3	18
2023	5740	3	18
2019	5741	3	18
2022	5741	3	18
2010	5742	3	12
2018	5742	3	18
2021	5742	3	18
2018	5743	3	24
2021	5743	3	18
2019	5744	3	18
2022	5744	3	24
2019	5745	3	18
2022	5745	3	24
2007	5746	3	18
2018	5746	3	18
2021	5746	3	18
2017	5747	3	18
2020	5747	3	12
2021	5747	3	6
2023	5747	3	18
2007	5749	3	12
2010	5749	3	6
2007	5753	3	18
2007	5754	3	18
2017	5754	3	18
2007	5756	3	18
2007	5759	3	17
2007	5761	3	6
2007	5762	3	6
2015	5762	3	6
2007	5777	3	18
2008	5779	3	18
2011	5779	3	18
2014	5779	3	10
2009	5797	3	10
2009	5798	3	10
2009	5799	3	12
2009	5836	3	12
2018	5836	3	18
2007	5839	3	15
2009	5839	3	18
2010	5839	3	18
2009	5842	3	18
2012	5842	3	18
2015	5842	3	12
2007	5843	3	18
2010	5843	3	18
2013	5843	3	12
2009	5845	3	6
2012	5845	3	6
2018	5845	3	6
2007	5846	3	12
2008	5846	3	6
2010	5846	3	6
2007	5849	3	18
2010	5849	3	12
2013	5849	3	12
2016	5849	3	6
2007	5850	3	18
2010	5850	3	18
2013	5850	3	18
2016	5850	3	18
2022	5850	3	18
2017	5853	3	12
2016	5854	3	18
2008	5855	3	18
2014	5855	3	14
2017	5855	3	12
2020	5855	3	18
2023	5855	3	3
2007	5857	3	18
2010	5857	3	18
2016	5857	3	18
2019	5857	3	24
2022	5857	3	18
2008	5858	3	18
2011	5858	3	18
2014	5858	3	18
2017	5858	3	18
2020	5858	3	18
2023	5858	3	18
2007	5859	3	18
2015	5859	3	18
2018	5859	3	12
2017	5860	3	18
2008	5861	3	12
2017	5861	3	18
2008	5869	3	18
2007	5870	3	18
2009	5877	3	18
2012	5877	3	18
2015	5877	3	18
2018	5877	3	18
2007	5879	3	18
2010	5879	3	12
2012	5879	3	18
2013	5879	3	18
2015	5879	3	6
2016	5879	3	18
2019	5879	3	18
2022	5879	3	18
2009	5882	3	18
2012	5882	3	18
2015	5882	3	18
2009	5888	3	6
2010	5888	3	18
2013	5888	3	18
2016	5888	3	18
2021	5888	3	6
2009	5889	3	12
2016	5889	3	18
2021	5889	3	18
2022	5889	3	18
2023	5889	3	18
2009	5890	3	6
2010	5890	3	18
2013	5890	3	18
2016	5890	3	18
2021	5890	3	6
2009	5892	3	12
2014	5892	3	12
2017	5892	3	6
2021	5892	3	18
2023	5892	3	18
2010	5896	3	12
2013	5896	3	18
2016	5896	3	18
2020	5896	3	18
2023	5896	3	18
2013	5897	3	18
2016	5897	3	18
2019	5897	3	18
2022	5897	3	18
2018	5899	3	6
2019	5899	3	18
2022	5899	3	18
2011	5900	3	18
2014	5900	3	18
2017	5900	3	18
2020	5900	3	24
2023	5900	3	24
2009	5901	3	6
2012	5901	3	18
2015	5901	3	18
2018	5901	3	18
2021	5901	3	18
2015	5902	3	18
2019	5902	3	18
2009	5903	3	18
2012	5903	3	18
2015	5903	3	18
2018	5903	3	18
2021	5903	3	18
2012	5904	3	6
2018	5904	3	18
2021	5904	3	12
2008	5905	3	18
2011	5905	3	18
2014	5905	3	18
2017	5905	3	18
2020	5905	3	18
2023	5905	3	18
2010	5907	3	18
2012	5907	3	6
2013	5907	3	18
2016	5907	3	18
2019	5907	3	18
2022	5907	3	18
2009	5909	3	18
2012	5909	3	18
2015	5909	3	18
2018	5909	3	18
2021	5909	3	18
2008	5910	3	18
2011	5910	3	18
2014	5910	3	18
2017	5910	3	18
2020	5910	3	18
2023	5910	3	18
2008	5911	3	12
2011	5911	3	18
2014	5911	3	18
2020	5911	3	18
2023	5911	3	18
2010	5912	3	18
2013	5912	3	18
2016	5912	3	18
2019	5912	3	18
2023	5912	3	12
2009	5913	3	18
2012	5913	3	18
2015	5913	3	18
2010	5914	3	18
2011	5914	3	18
2016	5914	3	18
2019	5914	3	18
2022	5914	3	18
2010	5915	3	17
2013	5915	3	12
2016	5915	3	18
2019	5915	3	18
2022	5915	3	18
2008	5916	3	18
2011	5916	3	18
2017	5916	3	18
2020	5916	3	18
2023	5916	3	18
2009	5917	3	18
2012	5917	3	18
2015	5917	3	18
2018	5917	3	18
2021	5917	3	18
2017	5918	3	18
2020	5918	3	18
2023	5918	3	18
2018	5919	3	18
2021	5919	3	18
2019	5920	3	18
2022	5920	3	18
2009	5921	3	15
2012	5921	3	18
2015	5921	3	18
2018	5921	3	18
2021	5921	3	18
2007	5922	3	15
2010	5922	3	10
2013	5922	3	10
2016	5922	3	18
2019	5922	3	18
2022	5922	3	18
2008	5923	3	15
2011	5923	3	18
2015	5923	3	18
2017	5923	3	18
2020	5923	3	18
2023	5923	3	18
2007	5924	3	18
2010	5924	3	12
2013	5924	3	18
2016	5924	3	18
2019	5924	3	18
2022	5924	3	18
2009	5925	3	17
2012	5925	3	6
2015	5925	3	18
2018	5925	3	18
2021	5925	3	18
2008	5926	3	18
2011	5926	3	18
2014	5926	3	18
2017	5926	3	18
2020	5926	3	18
2023	5926	3	18
2009	5927	3	18
2012	5927	3	18
2015	5927	3	18
2018	5927	3	18
2021	5927	3	18
2008	5928	3	18
2011	5928	3	18
2014	5928	3	18
2017	5928	3	18
2020	5928	3	18
2023	5928	3	18
2008	5929	3	18
2014	5929	3	18
2017	5929	3	18
2020	5929	3	18
2023	5929	3	18
2009	5930	3	10
2012	5930	3	18
2015	5930	3	18
2018	5930	3	18
2021	5930	3	18
2007	5931	3	18
2010	5931	3	12
2012	5931	3	6
2013	5931	3	18
2016	5931	3	18
2019	5931	3	18
2022	5931	3	18
2008	5932	3	18
2011	5932	3	18
2014	5932	3	18
2017	5932	3	18
2020	5932	3	18
2023	5932	3	18
2009	5933	3	18
2012	5933	3	18
2015	5933	3	18
2018	5933	3	18
2021	5933	3	18
2007	5936	3	6
2019	5936	3	18
2008	5956	3	18
2011	5956	3	18
2008	6012	3	18
2011	6012	3	18
2014	6012	3	12
2017	6012	3	18
2020	6012	3	18
2023	6012	3	18
2007	6013	3	18
2008	6013	3	12
2010	6013	3	18
2018	6013	3	18
2021	6013	3	18
2007	6019	3	18
2010	6019	3	18
2013	6019	3	18
2007	6026	3	18
2008	6026	3	18
2009	6026	3	18
2010	6026	3	18
2011	6026	3	18
2014	6026	3	18
2017	6026	3	18
2020	6026	3	18
2023	6026	3	18
2007	6030	3	18
2008	6030	3	18
2010	6030	3	18
2011	6030	3	18
2012	6030	3	18
2013	6030	3	18
2014	6030	3	18
2015	6030	3	18
2016	6030	3	18
2019	6030	3	18
2007	6068	3	18
2010	6068	3	18
2016	6068	3	11
2008	6069	3	18
2011	6069	3	18
2014	6069	3	18
2017	6069	3	18
2020	6069	3	12
2023	6069	3	18
2008	6071	3	18
2011	6071	3	18
2014	6071	3	18
2017	6071	3	18
2020	6071	3	12
2023	6071	3	18
2010	6076	3	18
2013	6076	3	18
2016	6076	3	18
2019	6076	3	18
2022	6076	3	18
2010	6077	3	18
2013	6077	3	18
2016	6077	3	18
2019	6077	3	18
2022	6077	3	18
2007	6079	3	18
2015	6079	3	18
2023	6079	3	18
2009	6080	3	18
2012	6080	3	18
2015	6080	3	18
2018	6080	3	18
2021	6080	3	18
2011	6081	3	18
2014	6081	3	18
2017	6081	3	18
2020	6081	3	6
2023	6081	3	18
2008	6082	3	11
2014	6082	3	18
2017	6082	3	18
2020	6082	3	18
2007	6083	3	18
2010	6083	3	18
2011	6083	3	18
2013	6083	3	18
2016	6083	3	18
2019	6083	3	18
2009	6084	3	18
2012	6084	3	12
2015	6084	3	18
2018	6084	3	18
2021	6084	3	18
2009	6085	3	6
2015	6085	3	18
2018	6085	3	18
2021	6085	3	18
2010	6086	3	18
2013	6086	3	18
2016	6086	3	18
2019	6086	3	18
2022	6086	3	18
2009	6087	3	6
2009	6088	3	18
2012	6088	3	18
2015	6088	3	18
2018	6088	3	18
2021	6088	3	18
2007	6089	3	18
2010	6089	3	18
2013	6089	3	18
2016	6089	3	18
2019	6089	3	18
2022	6089	3	18
2008	6090	3	18
2011	6090	3	18
2014	6090	3	18
2017	6090	3	18
2020	6090	3	18
2023	6090	3	18
2008	6091	3	18
2014	6091	3	18
2017	6091	3	18
2020	6091	3	18
2023	6091	3	18
2009	6092	3	12
2010	6092	3	12
2018	6092	3	18
2021	6092	3	18
2007	6093	3	18
2010	6093	3	18
2013	6093	3	18
2016	6093	3	18
2019	6093	3	18
2022	6093	3	18
2015	6094	3	18
2021	6094	3	18
2009	6095	3	12
2012	6095	3	12
2015	6095	3	18
2018	6095	3	18
2021	6095	3	18
2010	6096	3	18
2015	6096	3	18
2015	6097	3	18
2015	6098	3	18
2015	6099	3	18
2018	6099	3	12
2008	6100	3	18
2011	6100	3	18
2015	6100	3	18
2017	6100	3	18
2020	6100	3	18
2023	6100	3	18
2009	6105	3	18
2012	6105	3	18
2014	6105	3	18
2018	6105	3	18
2021	6105	3	18
2008	6110	3	16
2011	6110	3	14
2014	6110	3	15
2017	6110	3	15
2021	6110	3	18
2008	6111	3	18
2011	6111	3	18
2014	6111	3	18
2017	6111	3	18
2020	6111	3	18
2023	6111	3	18
2009	6112	3	18
2012	6112	3	18
2015	6112	3	18
2018	6112	3	18
2021	6112	3	18
2009	6113	3	12
2012	6113	3	14
2015	6113	3	12
2018	6113	3	18
2021	6113	3	18
2008	6114	3	12
2014	6114	3	12
2017	6114	3	18
2020	6114	3	18
2023	6114	3	18
2010	6115	3	18
2013	6115	3	18
2016	6115	3	18
2019	6115	3	18
2022	6115	3	18
2009	6116	3	18
2012	6116	3	18
2015	6116	3	18
2018	6116	3	18
2021	6116	3	18
2007	6117	3	18
2010	6117	3	18
2013	6117	3	18
2016	6117	3	18
2019	6117	3	18
2022	6117	3	18
2009	6118	3	18
2012	6118	3	18
2015	6118	3	18
2018	6118	3	18
2021	6118	3	18
2011	6119	3	12
2012	6119	3	18
2014	6119	3	18
2017	6119	3	18
2020	6119	3	18
2023	6119	3	18
2008	6123	3	18
2011	6123	3	18
2014	6123	3	18
2017	6123	3	18
2020	6123	3	18
2023	6123	3	18
2007	6125	3	18
2010	6125	3	18
2013	6125	3	18
2016	6125	3	18
2019	6125	3	18
2022	6125	3	18
2009	6157	3	18
2018	6157	3	18
2021	6157	3	18
2009	6158	3	18
2009	6159	3	18
2007	6161	3	6
2019	6161	3	18
2022	6161	3	24
2007	6172	3	18
2016	6172	3	18
2019	6172	3	12
2022	6172	3	6
2007	6178	3	18
2010	6178	3	18
2013	6178	3	6
2016	6178	3	6
2010	6208	3	18
2013	6208	3	18
2014	6208	3	6
2016	6208	3	18
2007	6229	3	12
2010	6229	3	8
2007	6230	3	12
2010	6230	3	8
2019	6230	3	6
2007	6231	3	18
2010	6231	3	12
2007	6232	3	18
2010	6232	3	18
2013	6232	3	18
2016	6232	3	18
2019	6232	3	18
2022	6232	3	18
2009	6233	3	9
2015	6233	3	18
2018	6233	3	18
2021	6233	3	18
2008	6234	3	18
2011	6234	3	12
2017	6234	3	18
2020	6234	3	18
2023	6234	3	18
2007	6235	3	12
2010	6235	3	18
2013	6235	3	18
2016	6235	3	18
2019	6235	3	18
2022	6235	3	18
2008	6236	3	18
2014	6236	3	18
2017	6236	3	18
2020	6236	3	18
2023	6236	3	18
2009	6237	3	18
2012	6237	3	18
2015	6237	3	6
2018	6237	3	18
2021	6237	3	18
2007	6238	3	18
2013	6238	3	6
2014	6238	3	2
2015	6238	3	3
2016	6238	3	6
2019	6238	3	10
2022	6238	3	8
2008	6239	3	6
2012	6239	3	17
2015	6239	3	18
2018	6239	3	18
2021	6239	3	24
2013	6240	3	18
2016	6240	3	12
2019	6240	3	18
2022	6240	3	24
2009	6241	3	10
2012	6241	3	15
2015	6241	3	13
2018	6241	3	8
2021	6241	3	18
2009	6242	3	3
2010	6242	3	10
2007	6244	3	12
2010	6244	3	12
2013	6244	3	14
2016	6244	3	14
2019	6244	3	17
2022	6244	3	18
2008	6245	3	6
2010	6245	3	18
2015	6245	3	18
2018	6245	3	18
2021	6245	3	18
2009	6269	3	18
2012	6269	3	18
2015	6269	3	18
2018	6269	3	18
2021	6269	3	18
2008	6270	3	18
2011	6270	3	18
2014	6270	3	18
2017	6270	3	18
2020	6270	3	18
2023	6270	3	18
2017	6271	3	18
2020	6271	3	18
2023	6271	3	18
2015	6274	3	12
2007	6275	3	18
2009	6275	3	12
2013	6275	3	6
2016	6275	3	18
2019	6275	3	18
2022	6275	3	6
2018	6276	3	18
2021	6276	3	6
2008	6278	3	18
2007	6279	3	18
2010	6279	3	18
2013	6279	3	18
2009	6280	3	18
2011	6280	3	18
2012	6280	3	18
2007	6281	3	18
2010	6281	3	18
2012	6281	3	6
2013	6281	3	12
2016	6281	3	12
2019	6281	3	18
2022	6281	3	18
2007	6282	3	12
2010	6282	3	18
2009	6283	3	12
2012	6283	3	12
2015	6283	3	12
2007	6284	3	18
2008	6284	3	18
2011	6284	3	18
2007	6285	3	18
2008	6285	3	18
2010	6285	3	18
2013	6285	3	18
2007	6287	3	18
2009	6287	3	18
2012	6287	3	18
2009	6293	3	18
2008	6294	3	18
2008	6297	3	12
2011	6297	3	18
2014	6297	3	18
2017	6297	3	36
2020	6297	3	18
2023	6297	3	18
2014	6298	3	18
2008	6299	3	12
2011	6299	3	18
2014	6299	3	18
2017	6299	3	36
2020	6299	3	18
2023	6299	3	18
2009	6300	3	18
2012	6300	3	6
2015	6300	3	18
2018	6300	3	18
2017	6301	3	18
2009	6325	3	15
2009	6333	3	12
2012	6333	3	18
2007	6334	3	18
2010	6334	3	18
2013	6334	3	6
2014	6334	3	6
2008	6336	3	18
2011	6336	3	13
2014	6336	3	18
2007	6337	3	18
2007	6340	3	18
2008	6340	3	18
2010	6340	3	18
2013	6340	3	18
2007	6341	3	18
2008	6341	3	18
2011	6341	3	18
2014	6341	3	18
2009	5179	4	18
2012	5179	4	18
2009	5213	4	10
2012	5213	4	12
2015	5213	4	18
2018	5213	4	18
2021	5213	4	18
2015	5214	4	12
2018	5214	4	18
2008	5222	4	12
2011	5222	4	12
2017	5222	4	18
2020	5222	4	11
2019	5355	4	6
2010	5356	4	18
2013	5356	4	18
2016	5356	4	12
2019	5356	4	18
2022	5356	4	18
2008	5394	4	18
2011	5394	4	18
2014	5394	4	18
2017	5394	4	18
2020	5394	4	18
2023	5394	4	18
2017	5411	4	18
2020	5411	4	18
2023	5411	4	18
2007	5429	4	18
2009	5429	4	18
2012	5429	4	18
2007	5431	4	18
2012	5468	4	18
2015	5468	4	6
2018	5468	4	10
2008	5469	4	18
2013	5469	4	18
2014	5469	4	6
2017	5469	4	18
2008	5471	4	10
2011	5471	4	4
2014	5471	4	15
2009	5472	4	18
2012	5472	4	18
2015	5472	4	18
2007	5477	4	18
2010	5477	4	6
2013	5477	4	18
2016	5477	4	18
2019	5477	4	18
2007	5478	4	6
2016	5478	4	12
2007	5486	4	18
2011	5486	4	18
2014	5486	4	18
2017	5486	4	18
2020	5486	4	12
2023	5486	4	18
2007	5489	4	17
2010	5489	4	18
2013	5489	4	12
2016	5489	4	12
2007	5508	4	18
2010	5508	4	18
2013	5508	4	18
2016	5508	4	18
2019	5508	4	18
2020	5508	4	17
2007	5509	4	12
2008	5509	4	18
2011	5509	4	18
2014	5509	4	18
2020	5509	4	11
2007	5536	4	18
2010	5536	4	18
2013	5536	4	18
2016	5536	4	18
2019	5536	4	18
2008	5568	4	16
2010	5569	4	18
2010	5570	4	18
2007	5574	4	18
2010	5574	4	18
2018	5574	4	18
2008	5589	4	18
2007	5590	4	18
2009	5590	4	18
2010	5590	4	12
2009	5599	4	18
2012	5599	4	18
2015	5599	4	18
2018	5599	4	18
2021	5599	4	18
2009	5649	4	18
2008	5656	4	18
2017	5656	4	18
2007	5662	4	18
2008	5669	4	18
2011	5669	4	18
2014	5669	4	18
2017	5669	4	18
2020	5669	4	18
2023	5669	4	18
2007	5678	4	12
2018	5678	4	18
2019	5678	4	18
2021	5678	4	18
2017	5679	4	18
2020	5679	4	18
2023	5679	4	18
2016	5680	4	12
2019	5680	4	18
2022	5680	4	18
2008	5681	4	18
2007	5682	4	18
2007	5683	4	18
2007	5684	4	18
2007	5699	4	18
2010	5699	4	18
2013	5699	4	12
2016	5699	4	6
2023	5699	4	18
2010	5701	4	18
2013	5701	4	18
2016	5701	4	18
2019	5701	4	18
2022	5701	4	18
2008	5721	4	18
2011	5721	4	12
2014	5721	4	18
2017	5721	4	18
2020	5721	4	18
2023	5721	4	18
2009	5773	4	15
2007	5866	4	12
2008	5866	4	18
2009	5866	4	12
2010	5866	4	18
2011	5866	4	18
2012	5866	4	12
2013	5866	4	6
2016	5866	4	12
2008	5880	4	18
2011	5880	4	18
2014	5880	4	18
2007	5885	4	18
2015	5885	4	18
2019	5885	4	18
2012	5894	4	12
2015	5894	4	18
2018	5894	4	18
2011	5895	4	18
2014	5895	4	18
2017	5895	4	18
2020	5895	4	12
2023	5895	4	18
2010	5935	4	6
2013	5935	4	18
2015	5935	4	18
2016	5935	4	18
2019	5935	4	18
2022	5935	4	18
2007	5964	4	18
2010	5964	4	18
2013	5964	4	18
2016	5964	4	12
2019	5964	4	12
2022	5964	4	18
2007	5965	4	18
2010	5965	4	18
2013	5965	4	18
2016	5965	4	18
2019	5965	4	12
2022	5965	4	18
2008	5998	4	12
2011	5998	4	18
2014	5998	4	18
2017	5998	4	12
2020	5998	4	18
2023	5998	4	18
2012	5999	4	18
2015	5999	4	18
2018	5999	4	18
2021	5999	4	18
2007	6001	4	12
2010	6001	4	18
2013	6001	4	18
2016	6001	4	18
2019	6001	4	18
2022	6001	4	18
2012	6002	4	12
2015	6002	4	12
2018	6002	4	14
2021	6002	4	12
2022	6002	4	8
2012	6005	4	15
2009	6006	4	18
2012	6006	4	12
2008	6014	4	18
2011	6014	4	18
2014	6014	4	18
2017	6014	4	18
2008	6022	4	18
2011	6022	4	18
2012	6022	4	18
2013	6022	4	18
2014	6022	4	18
2008	6035	4	18
2014	6035	4	18
2017	6035	4	18
2010	6045	4	12
2016	6045	4	18
2019	6045	4	18
2022	6045	4	18
2009	6046	4	6
2018	6046	4	18
2021	6046	4	18
2008	6048	4	18
2011	6048	4	18
2014	6048	4	9
2017	6048	4	9
2020	6048	4	4
2021	6048	4	14
2008	6050	4	18
2011	6050	4	18
2009	6051	4	18
2012	6051	4	18
2015	6051	4	18
2018	6051	4	18
2021	6051	4	16
2009	6053	4	8
2009	6054	4	12
2007	6060	4	18
2010	6060	4	12
2018	6060	4	17
2021	6060	4	18
2007	6061	4	18
2010	6061	4	12
2019	6061	4	18
2022	6061	4	18
2009	6074	4	18
2012	6074	4	6
2015	6074	4	18
2018	6074	4	18
2021	6074	4	18
2011	6075	4	18
2014	6075	4	18
2017	6075	4	18
2020	6075	4	6
2009	6078	4	9
2015	6078	4	18
2018	6078	4	18
2022	6078	4	18
2009	6106	4	18
2014	6106	4	18
2017	6106	4	18
2020	6106	4	18
2023	6106	4	18
2007	6133	4	6
2010	6133	4	18
2013	6133	4	18
2016	6133	4	18
2019	6133	4	18
2022	6133	4	24
2007	6135	4	6
2012	6135	4	12
2015	6135	4	17
2018	6135	4	18
2021	6135	4	18
2007	6205	4	12
2010	6205	4	18
2013	6205	4	18
2016	6205	4	18
2019	6205	4	18
2022	6205	4	6
2009	6209	4	12
2013	6209	4	18
2016	6209	4	18
2019	6209	4	18
2014	6210	4	15
2017	6210	4	15
2007	6213	4	18
2010	6213	4	18
2016	6213	4	12
2019	6213	4	18
2007	6264	4	18
2010	6264	4	18
2018	6264	4	18
2021	6264	4	18
2009	5224	5	18
2018	5224	5	18
2008	5228	5	18
2011	5228	5	18
2014	5228	5	18
2017	5228	5	18
2020	5228	5	18
2023	5228	5	18
2008	5245	5	18
2011	5245	5	18
2014	5245	5	6
2008	5246	5	18
2011	5246	5	18
2012	5246	5	6
2008	5251	5	18
2018	5251	5	15
2021	5251	5	16
2009	5295	5	12
2010	5295	5	18
2015	5295	5	18
2018	5295	5	18
2021	5295	5	18
2009	5299	5	18
2012	5299	5	12
2007	5325	5	18
2010	5325	5	12
2013	5325	5	18
2016	5325	5	18
2019	5325	5	24
2007	5326	5	18
2009	5326	5	18
2012	5326	5	18
2015	5326	5	18
2018	5326	5	18
2021	5326	5	18
2007	5327	5	18
2008	5327	5	18
2011	5327	5	18
2014	5327	5	18
2017	5327	5	18
2020	5327	5	18
2008	5359	5	18
2011	5359	5	18
2014	5359	5	18
2020	5359	5	18
2009	5361	5	18
2012	5361	5	18
2015	5361	5	18
2009	5413	5	18
2017	5414	5	18
2020	5414	5	18
2023	5414	5	17
2013	5470	5	8
2016	5470	5	12
2009	5475	5	18
2007	5511	5	18
2009	5513	5	18
2012	5513	5	18
2015	5513	5	18
2018	5513	5	18
2021	5513	5	18
2008	5514	5	18
2009	5514	5	18
2011	5514	5	16
2014	5514	5	18
2017	5514	5	18
2020	5514	5	18
2007	5516	5	18
2010	5516	5	18
2013	5516	5	18
2016	5516	5	17
2019	5516	5	18
2009	5537	5	18
2015	5537	5	18
2018	5537	5	18
2021	5537	5	18
2008	5538	5	18
2011	5538	5	18
2014	5538	5	18
2017	5538	5	18
2020	5538	5	12
2021	5538	5	12
2023	5538	5	18
2008	5554	5	18
2011	5554	5	18
2015	5554	5	18
2018	5554	5	24
2021	5554	5	18
2007	5632	5	12
2010	5632	5	12
2008	5650	5	11
2009	5650	5	12
2015	5650	5	12
2018	5650	5	18
2009	5652	5	6
2015	5652	5	18
2021	5652	5	18
2008	5653	5	12
2011	5653	5	6
2014	5653	5	18
2017	5653	5	18
2009	5655	5	12
2012	5655	5	18
2008	5659	5	18
2007	5703	5	18
2011	5703	5	12
2018	5703	5	18
2021	5703	5	18
2023	5703	5	18
2014	5707	5	18
2017	5707	5	18
2020	5707	5	18
2023	5707	5	18
2007	5709	5	18
2008	5709	5	18
2010	5709	5	18
2013	5709	5	18
2016	5709	5	18
2019	5709	5	18
2022	5709	5	18
2008	5844	5	6
2011	5844	5	18
2014	5844	5	6
2007	5848	5	18
2008	5848	5	18
2009	5848	5	18
2010	5848	5	18
2011	5848	5	18
2012	5848	5	18
2013	5848	5	18
2014	5848	5	18
2015	5848	5	12
2016	5848	5	18
2007	5865	5	12
2021	5865	5	17
2008	5873	5	12
2011	5873	5	6
2018	5873	5	18
2008	5874	5	18
2011	5874	5	18
2014	5874	5	18
2017	5874	5	18
2020	5874	5	18
2009	5891	5	18
2017	5891	5	6
2021	5891	5	13
2023	5891	5	12
2007	5908	5	6
2013	5908	5	12
2016	5908	5	6
2019	5908	5	6
2022	5908	5	18
2008	5944	5	18
2020	5944	5	12
2007	5945	5	18
2019	5945	5	18
2008	5966	5	12
2010	5966	5	18
2014	5966	5	6
2007	5993	5	15
2009	6037	5	18
2012	6037	5	18
2015	6037	5	18
2018	6037	5	18
2021	6037	5	18
2008	6041	5	18
2014	6041	5	18
2017	6041	5	18
2020	6041	5	18
2023	6041	5	18
2007	6066	5	18
2010	6066	5	18
2007	6067	5	18
2010	6067	5	14
2009	6108	5	18
2012	6108	5	18
2015	6108	5	18
2018	6108	5	18
2021	6108	5	18
2017	6156	5	18
2020	6156	5	18
2023	6156	5	18
2008	6168	5	18
2011	6168	5	18
2014	6168	5	18
2017	6168	5	18
2020	6168	5	18
2023	6168	5	18
2009	6177	5	18
2012	6177	5	18
2008	6180	5	18
2011	6180	5	12
2014	6180	5	12
2011	6186	5	18
2012	6186	5	18
2010	6191	5	18
2013	6191	5	12
2016	6191	5	18
2019	6191	5	18
2022	6191	5	18
2008	6193	5	18
2011	6193	5	18
2017	6193	5	18
2007	6201	5	12
2010	6201	5	18
2013	6201	5	18
2016	6201	5	18
2017	6201	5	18
2020	6201	5	18
2023	6201	5	18
2007	6219	5	12
2010	6219	5	18
2013	6219	5	14
2007	6222	5	18
2007	6224	5	12
2007	6226	5	12
2010	6226	5	8
2007	6243	5	18
2010	6243	5	12
2013	6243	5	18
2016	6243	5	16
2019	6243	5	18
2022	6243	5	18
2010	6247	5	12
2012	6247	5	18
2015	6247	5	18
2018	6247	5	18
2021	6247	5	18
2007	6305	5	18
2010	6305	5	18
2017	6305	5	12
2008	6318	5	18
2011	6318	5	18
2014	6318	5	18
2008	6321	5	3
2009	6321	5	18
2009	6322	5	18
2012	6322	5	4
2018	6322	5	6
2008	6323	5	9
2009	6323	5	6
2010	6323	5	18
2011	6323	5	6
2017	6323	5	3
2008	6335	5	12
2011	6335	5	12
2014	6335	5	6
2008	5219	6	12
2011	5219	6	12
2017	5219	6	18
2020	5219	6	12
2010	5247	6	18
2013	5247	6	18
2016	5247	6	18
2007	5253	6	18
2010	5253	6	12
2009	5296	6	18
2012	5296	6	12
2015	5296	6	18
2018	5296	6	18
2021	5296	6	18
2009	5298	6	18
2007	5346	6	18
2011	5346	6	12
2013	5346	6	18
2016	5346	6	12
2019	5346	6	18
2022	5346	6	18
2011	5347	6	12
2016	5347	6	18
2019	5347	6	18
2011	5348	6	18
2014	5348	6	18
2017	5348	6	18
2020	5348	6	18
2023	5348	6	12
2007	5350	6	18
2010	5350	6	18
2019	5350	6	18
2007	5377	6	18
2013	5377	6	18
2019	5377	6	16
2008	5383	6	18
2011	5383	6	18
2023	5383	6	6
2008	5392	6	18
2011	5392	6	12
2014	5392	6	18
2017	5392	6	18
2020	5392	6	18
2023	5392	6	18
2009	5393	6	18
2012	5393	6	6
2015	5393	6	18
2019	5393	6	6
2010	5415	6	18
2007	5453	6	18
2009	5463	6	18
2009	5466	6	18
2009	5492	6	18
2007	5506	6	12
2008	5512	6	18
2011	5512	6	18
2014	5512	6	18
2017	5512	6	18
2020	5512	6	18
2023	5512	6	18
2007	5532	6	18
2008	5532	6	18
2010	5532	6	18
2013	5532	6	18
2016	5532	6	18
2019	5532	6	18
2022	5532	6	18
2016	5540	6	18
2019	5540	6	18
2022	5540	6	18
2011	5663	6	18
2014	5663	6	12
2017	5663	6	18
2020	5663	6	18
2023	5663	6	18
2007	5677	6	18
2008	5677	6	12
2009	5677	6	18
2018	5677	6	12
2009	5689	6	12
2012	5689	6	18
2015	5689	6	18
2018	5689	6	18
2021	5689	6	18
2012	5690	6	18
2015	5690	6	12
2018	5690	6	18
2021	5690	6	18
2008	5692	6	18
2008	5693	6	18
2011	5693	6	18
2014	5693	6	12
2017	5693	6	17
2021	5693	6	12
2023	5693	6	6
2007	5702	6	18
2011	5702	6	12
2017	5702	6	18
2020	5702	6	18
2023	5702	6	18
2014	5704	6	12
2017	5704	6	18
2020	5704	6	18
2007	5705	6	6
2012	5705	6	18
2017	5705	6	6
2021	5705	6	18
2022	5705	6	6
2023	5705	6	18
2008	5706	6	18
2012	5706	6	18
2015	5706	6	12
2023	5706	6	18
2008	5735	6	12
2011	5735	6	18
2017	5735	6	18
2020	5735	6	18
2010	5736	6	18
2019	5736	6	18
2022	5736	6	18
2017	5739	6	18
2020	5739	6	18
2023	5739	6	18
2007	5841	6	18
2008	5841	6	12
2010	5841	6	18
2007	5852	6	18
2008	5852	6	18
2009	5852	6	18
2010	5852	6	18
2011	5852	6	6
2012	5852	6	18
2013	5852	6	6
2018	5852	6	12
2019	5852	6	6
2015	5856	6	18
2018	5856	6	18
2021	5856	6	18
2016	5862	6	18
2017	5863	6	18
2016	5864	6	18
2007	5867	6	12
2008	5867	6	18
2009	5867	6	12
2010	5867	6	18
2011	5867	6	18
2012	5867	6	12
2016	5867	6	18
2008	5868	6	18
2008	5872	6	12
2014	5872	6	18
2007	5875	6	18
2010	5875	6	18
2013	5875	6	18
2016	5875	6	18
2019	5875	6	18
2022	5875	6	6
2008	5876	6	18
2011	5876	6	18
2014	5876	6	18
2017	5876	6	18
2020	5876	6	18
2023	5876	6	6
2009	5878	6	18
2012	5878	6	6
2018	5878	6	24
2007	5883	6	18
2010	5883	6	18
2013	5883	6	18
2009	5884	6	18
2012	5884	6	18
2015	5884	6	18
2009	5893	6	12
2017	5893	6	6
2008	5957	6	18
2011	5957	6	18
2007	5963	6	18
2010	5963	6	18
2014	5963	6	6
2008	5970	6	18
2011	5970	6	12
2014	5970	6	18
2017	5970	6	12
2009	5986	6	18
2012	5986	6	12
2015	5986	6	18
2018	5986	6	18
2021	5986	6	18
2007	6009	6	18
2008	6009	6	12
2010	6009	6	18
2007	6015	6	18
2010	6015	6	18
2013	6015	6	18
2008	6017	6	12
2012	6028	6	18
2015	6028	6	18
2018	6028	6	18
2021	6028	6	18
2007	6029	6	18
2008	6029	6	18
2009	6029	6	18
2010	6029	6	18
2013	6029	6	18
2016	6029	6	18
2019	6029	6	18
2022	6029	6	18
2007	6032	6	18
2008	6032	6	18
2009	6032	6	18
2010	6032	6	18
2013	6032	6	18
2016	6032	6	18
2019	6032	6	18
2020	6032	6	6
2022	6032	6	6
2007	6033	6	18
2013	6033	6	18
2016	6033	6	18
2017	6036	6	18
2020	6036	6	18
2023	6036	6	6
2008	6038	6	18
2010	6038	6	18
2013	6038	6	12
2016	6038	6	18
2019	6038	6	18
2010	6039	6	6
2017	6039	6	18
2020	6039	6	18
2023	6039	6	18
2011	6040	6	12
2016	6040	6	18
2019	6040	6	18
2022	6040	6	18
2009	6042	6	18
2011	6042	6	18
2012	6042	6	18
2015	6042	6	18
2018	6042	6	18
2021	6042	6	18
2009	6043	6	12
2016	6043	6	18
2019	6043	6	18
2022	6043	6	18
2008	6047	6	18
2018	6047	6	18
2021	6047	6	18
2008	6052	6	18
2011	6052	6	18
2014	6052	6	12
2009	6062	6	18
2012	6062	6	18
2015	6062	6	18
2018	6062	6	18
2021	6062	6	18
2007	6070	6	18
2010	6070	6	18
2013	6070	6	18
2016	6070	6	18
2019	6070	6	18
2007	6101	6	11
2010	6101	6	18
2013	6101	6	18
2016	6101	6	18
2019	6101	6	18
2022	6101	6	18
2008	6102	6	18
2013	6102	6	18
2016	6102	6	18
2019	6102	6	18
2022	6102	6	18
2008	6103	6	18
2016	6103	6	18
2019	6103	6	18
2022	6103	6	18
2009	6104	6	18
2012	6104	6	18
2015	6104	6	18
2018	6104	6	18
2021	6104	6	18
2008	6107	6	18
2011	6107	6	12
2014	6107	6	12
2017	6107	6	18
2020	6107	6	18
2023	6107	6	18
2009	6109	6	18
2015	6109	6	12
2018	6109	6	18
2021	6109	6	18
2017	6163	6	18
2020	6163	6	18
2023	6163	6	18
2007	6164	6	12
2019	6164	6	18
2022	6164	6	18
2007	6167	6	18
2010	6167	6	18
2013	6167	6	18
2016	6167	6	18
2019	6167	6	18
2022	6167	6	18
2009	6175	6	12
2012	6175	6	6
2009	6183	6	18
2012	6183	6	18
2015	6183	6	12
2017	6183	6	18
2020	6183	6	18
2023	6183	6	18
2007	6204	6	12
2010	6204	6	18
2013	6204	6	18
2016	6204	6	12
2019	6204	6	18
2010	6207	6	18
2013	6207	6	6
2016	6207	6	18
2018	6207	6	18
2021	6207	6	18
2009	6261	6	18
2018	6261	6	18
2008	6262	6	18
2008	6277	6	12
2017	6277	6	18
2020	6277	6	6
