analysis	year	estimate	lower_confidence_limit	upper_confidence_limit
193	1	0.5002	0.3755	0.6248
193	2	0.4505	0.3315	0.5696
193	3	0.4008	0.2864	0.5153
193	4	0.3512	0.2403	0.462
193	5	0.3015	0.193	0.41
193	6	0.2519	0.1445	0.3593
193	7	0.2022	0.0946	0.3098
193	8	0.1525	0.0434	0.2617
193	9	0.1029	-0.009	0.2148
193	10	0.0532	-0.0626	0.1691
193	11	0.0036	-0.1173	0.1244
193	12	-0.0461	-0.1729	0.0807
193	13	-0.0958	-0.2293	0.0377
193	14	-0.1454	-0.2863	-0.0045
193	15	-0.1951	-0.344	-0.0462
193	16	-0.2447	-0.4022	-0.0873
193	17	-0.2944	-0.4607	-0.1281
194	1	-0.7931	-0.9762	-0.6099
194	2	-0.7888	-0.9641	-0.6135
194	3	-0.7845	-0.9529	-0.6162
194	4	-0.7803	-0.9426	-0.618
194	5	-0.776	-0.9333	-0.6187
194	6	-0.7717	-0.9253	-0.6182
194	7	-0.7674	-0.9184	-0.6164
194	8	-0.7632	-0.913	-0.6134
194	9	-0.7589	-0.9088	-0.6089
194	10	-0.7546	-0.9061	-0.6032
194	11	-0.7503	-0.9046	-0.5961
194	12	-0.7461	-0.9044	-0.5877
194	13	-0.7418	-0.9053	-0.5783
194	14	-0.7375	-0.9073	-0.5677
194	15	-0.7332	-0.9102	-0.5563
194	16	-0.729	-0.9139	-0.544
194	17	-0.7247	-0.9184	-0.531
195	1	-1.0469	-1.1741	-0.9197
195	2	-1.1956	-1.3018	-1.0894
195	3	-1.3443	-1.4452	-1.2433
195	4	-1.4929	-1.6064	-1.3795
195	5	-1.6416	-1.7808	-1.5025
195	6	-1.7903	-1.9625	-1.6181
196	1	0.1959	0.1407	0.2512
196	2	0.222	0.169	0.2751
196	3	0.2481	0.196	0.3003
196	4	0.2742	0.2216	0.3268
196	5	0.3003	0.2459	0.3548
196	6	0.3264	0.269	0.3839
197	1	-0.3701	-0.5071	-0.2332
197	2	-0.528	-0.6495	-0.4064
197	3	-0.6858	-0.8008	-0.5708
197	4	-0.8436	-0.9622	-0.7249
197	5	-1.0014	-1.1331	-0.8697
197	6	-1.1592	-1.311	-1.0074
198	1	1.1588	0.8849	1.4327
198	2	1.1533	0.9153	1.3913
198	3	1.1479	0.9299	1.3658
198	4	1.1424	0.9242	1.3605
198	5	1.1369	0.8984	1.3755
198	6	1.1315	0.8568	1.4062
199	1	0.1881	0.1319	0.2442
199	2	0.1967	0.1415	0.2518
199	3	0.2053	0.1511	0.2596
199	4	0.214	0.1604	0.2675
199	5	0.2226	0.1697	0.2755
199	6	0.2312	0.1788	0.2837
199	7	0.2399	0.1877	0.2921
199	8	0.2485	0.1965	0.3006
199	9	0.2572	0.2051	0.3092
199	10	0.2658	0.2136	0.318
199	11	0.2744	0.2219	0.327
199	12	0.2831	0.2301	0.3361
199	13	0.2917	0.2381	0.3453
199	14	0.3004	0.246	0.3547
199	15	0.309	0.2537	0.3643
199	16	0.3176	0.2613	0.3739
199	17	0.3263	0.2688	0.3837
200	1	0.2227	-0.159	0.6043
200	2	0.3015	-0.0496	0.6525
200	3	0.3803	0.0475	0.713
200	4	0.4591	0.1302	0.7879
200	5	0.5379	0.198	0.8777
200	6	0.6167	0.2523	0.981
201	1	-1.9675	-2.4297	-1.5054
201	2	-1.9546	-2.383	-1.5261
201	3	-1.9416	-2.3374	-1.5458
201	4	-1.9286	-2.2931	-1.5641
201	5	-1.9156	-2.2507	-1.5806
201	6	-1.9027	-2.2105	-1.5949
201	7	-1.8897	-2.1731	-1.6063
201	8	-1.8767	-2.1396	-1.6139
201	9	-1.8638	-2.1106	-1.6169
201	10	-1.8508	-2.0873	-1.6143
201	11	-1.8378	-2.0703	-1.6054
201	12	-1.8248	-2.0599	-1.5898
201	13	-1.8119	-2.056	-1.5677
201	14	-1.7989	-2.0579	-1.5399
201	15	-1.7859	-2.0647	-1.5072
201	16	-1.773	-2.0753	-1.4706
201	17	-1.76	-2.089	-1.431
202	1	-0.6821	-0.8342	-0.5299
202	2	-0.6753	-0.8215	-0.5291
202	3	-0.6685	-0.8093	-0.5276
202	4	-0.6617	-0.7977	-0.5257
202	5	-0.6548	-0.7867	-0.523
202	6	-0.648	-0.7764	-0.5196
202	7	-0.6412	-0.7669	-0.5155
202	8	-0.6344	-0.7583	-0.5105
202	9	-0.6276	-0.7505	-0.5047
202	10	-0.6208	-0.7436	-0.498
202	11	-0.614	-0.7375	-0.4904
202	12	-0.6072	-0.7324	-0.482
202	13	-0.6004	-0.728	-0.4727
202	14	-0.5935	-0.7245	-0.4626
202	15	-0.5867	-0.7217	-0.4518
202	16	-0.5799	-0.7195	-0.4403
202	17	-0.5731	-0.718	-0.4282
203	1	-0.5113	-0.7233	-0.2993
203	2	-0.5182	-0.7227	-0.3138
203	3	-0.5252	-0.7229	-0.3275
203	4	-0.5321	-0.7239	-0.3404
203	5	-0.5391	-0.7258	-0.3524
203	6	-0.546	-0.7287	-0.3633
203	7	-0.553	-0.7327	-0.3732
203	8	-0.5599	-0.7379	-0.3819
203	9	-0.5668	-0.7442	-0.3895
203	10	-0.5738	-0.7517	-0.3958
203	11	-0.5807	-0.7604	-0.4011
203	12	-0.5877	-0.7702	-0.4051
203	13	-0.5946	-0.7811	-0.4081
203	14	-0.6015	-0.793	-0.4101
203	15	-0.6085	-0.8058	-0.4112
203	16	-0.6154	-0.8195	-0.4113
203	17	-0.6224	-0.834	-0.4108
204	1	0.1995	-0.0081	0.4071
204	2	0.2131	0.0143	0.4119
204	3	0.2267	0.0359	0.4175
204	4	0.2403	0.0565	0.4241
204	5	0.2539	0.0761	0.4316
204	6	0.2675	0.0946	0.4404
204	7	0.2811	0.1118	0.4504
204	8	0.2947	0.1277	0.4617
204	9	0.3083	0.1422	0.4743
204	10	0.3219	0.1553	0.4884
204	11	0.3355	0.167	0.5039
204	12	0.3491	0.1774	0.5208
204	13	0.3627	0.1865	0.5389
204	14	0.3763	0.1944	0.5582
204	15	0.3899	0.2013	0.5785
204	16	0.4035	0.2071	0.5998
204	17	0.4171	0.2122	0.622
205	1	-1.4564	-1.6802	-1.2326
205	2	-1.4586	-1.6731	-1.2441
205	3	-1.4608	-1.6669	-1.2547
205	4	-1.463	-1.6616	-1.2643
205	5	-1.4652	-1.6575	-1.2728
205	6	-1.4674	-1.6546	-1.2801
205	7	-1.4696	-1.653	-1.2861
205	8	-1.4718	-1.6528	-1.2908
205	9	-1.4739	-1.654	-1.2939
205	10	-1.4761	-1.6567	-1.2956
205	11	-1.4783	-1.6608	-1.2959
205	12	-1.4805	-1.6663	-1.2947
205	13	-1.4827	-1.6732	-1.2922
205	14	-1.4849	-1.6814	-1.2885
205	15	-1.4871	-1.6906	-1.2836
205	16	-1.4893	-1.7009	-1.2777
205	17	-1.4915	-1.7121	-1.2709
206	1	-1.1061	-1.6235	-0.5888
206	2	-0.9202	-1.3703	-0.4702
206	3	-0.7343	-1.1446	-0.3241
206	4	-0.5484	-0.9547	-0.1422
206	5	-0.3625	-0.8014	0.0764
206	6	-0.1766	-0.6777	0.3244
207	1	-0.1365	-0.4565	0.1836
207	2	-0.2066	-0.5194	0.1062
207	3	-0.2767	-0.5834	0.0299
207	4	-0.3469	-0.6485	-0.0452
207	5	-0.417	-0.715	-0.1191
207	6	-0.4872	-0.7827	-0.1916
207	7	-0.5573	-0.8517	-0.2629
207	8	-0.6274	-0.9221	-0.3328
207	9	-0.6976	-0.9938	-0.4013
207	10	-0.7677	-1.0668	-0.4686
207	11	-0.8378	-1.1411	-0.5345
207	12	-0.908	-1.2167	-0.5993
207	13	-0.9781	-1.2934	-0.6629
207	14	-1.0482	-1.3712	-0.7253
207	15	-1.1184	-1.45	-0.7868
207	16	-1.1885	-1.5298	-0.8473
207	17	-1.2586	-1.6104	-0.9069
208	1	0.0021	-0.2665	0.2706
208	2	-0.0031	-0.2556	0.2493
208	3	-0.0083	-0.246	0.2294
208	4	-0.0135	-0.2381	0.2111
208	5	-0.0187	-0.2321	0.1947
208	6	-0.0239	-0.2284	0.1806
208	7	-0.0291	-0.2273	0.1691
208	8	-0.0343	-0.229	0.1604
208	9	-0.0395	-0.2337	0.1546
208	10	-0.0447	-0.2413	0.1519
208	11	-0.0499	-0.2519	0.1521
208	12	-0.0551	-0.2651	0.1549
208	13	-0.0603	-0.2807	0.1601
208	14	-0.0655	-0.2983	0.1673
208	15	-0.0707	-0.3177	0.1763
208	16	-0.0759	-0.3386	0.1868
208	17	-0.0811	-0.3607	0.1985
209	1	-1.3031	-1.4599	-1.1462
209	2	-1.3901	-1.5224	-1.2577
209	3	-1.4771	-1.5992	-1.355
209	4	-1.5641	-1.6935	-1.4347
209	5	-1.6511	-1.8029	-1.4994
209	6	-1.7381	-1.922	-1.5543
210	1	-0.0923	-0.1757	-0.0089
210	2	0.0427	-0.0374	0.1227
210	3	0.1776	0.0991	0.2561
210	4	0.3126	0.2338	0.3913
210	5	0.4475	0.3667	0.5283
210	6	0.5825	0.498	0.6669
211	1	-2.7714	-3.2506	-2.2921
211	2	-2.2967	-2.6958	-1.8977
211	3	-1.8221	-2.1569	-1.4873
211	4	-1.3475	-1.6444	-1.0506
211	5	-0.8729	-1.1683	-0.5774
211	6	-0.3982	-0.7291	-0.0674
212	1	-0.9501	-1.0571	-0.843
212	2	-0.9798	-1.079	-0.8806
212	3	-1.0095	-1.1052	-0.9138
212	4	-1.0392	-1.1362	-0.9422
212	5	-1.0689	-1.1718	-0.966
212	6	-1.0986	-1.2112	-0.9859
213	1	-0.5065	-0.7115	-0.3016
213	2	-0.3863	-0.5683	-0.2043
213	3	-0.2661	-0.4329	-0.0992
213	4	-0.1458	-0.3076	0.016
213	5	-0.0256	-0.1934	0.1422
213	6	0.0947	-0.0889	0.2782
214	1	-0.7772	-0.8343	-0.7201
214	2	-0.721	-0.7744	-0.6676
214	3	-0.6649	-0.7165	-0.6132
214	4	-0.6087	-0.6608	-0.5567
214	5	-0.5526	-0.6071	-0.498
214	6	-0.4964	-0.5553	-0.4375
215	1	-1.1409	-1.2061	-1.0757
215	2	-1.1467	-1.2088	-1.0846
215	3	-1.1525	-1.2119	-1.0931
215	4	-1.1583	-1.2153	-1.1013
215	5	-1.1641	-1.2191	-1.1092
215	6	-1.1699	-1.2233	-1.1165
215	7	-1.1757	-1.2281	-1.1234
215	8	-1.1816	-1.2334	-1.1298
215	9	-1.1874	-1.2391	-1.1356
215	10	-1.1932	-1.2455	-1.1409
215	11	-1.199	-1.2523	-1.1457
215	12	-1.2048	-1.2596	-1.15
215	13	-1.2106	-1.2674	-1.1538
215	14	-1.2164	-1.2756	-1.1573
215	15	-1.2222	-1.2841	-1.1604
215	16	-1.228	-1.293	-1.1631
215	17	-1.2339	-1.3021	-1.1656
216	1	-0.8806	-1.1341	-0.6271
216	2	-0.8721	-1.1145	-0.6298
216	3	-0.8637	-1.0962	-0.6312
216	4	-0.8552	-1.0794	-0.631
216	5	-0.8468	-1.0643	-0.6292
216	6	-0.8383	-1.051	-0.6256
216	7	-0.8298	-1.0397	-0.62
216	8	-0.8214	-1.0304	-0.6124
216	9	-0.8129	-1.0231	-0.6027
216	10	-0.8045	-1.0179	-0.591
216	11	-0.796	-1.0147	-0.5773
216	12	-0.7875	-1.0132	-0.5619
216	13	-0.7791	-1.0134	-0.5448
216	14	-0.7706	-1.015	-0.5262
216	15	-0.7622	-1.0179	-0.5064
216	16	-0.7537	-1.022	-0.4854
216	17	-0.7452	-1.0271	-0.4634
217	1	-1.3748	-1.6665	-1.0831
217	2	-1.3276	-1.5998	-1.0553
217	3	-1.2803	-1.5354	-1.0253
217	4	-1.2331	-1.4736	-0.9927
217	5	-1.1859	-1.4149	-0.9568
217	6	-1.1387	-1.36	-0.9173
217	7	-1.0914	-1.3091	-0.8738
217	8	-1.0442	-1.2624	-0.826
217	9	-0.997	-1.22	-0.7739
217	10	-0.9497	-1.1815	-0.7179
217	11	-0.9025	-1.1466	-0.6584
217	12	-0.8553	-1.1147	-0.5958
217	13	-0.808	-1.0853	-0.5307
217	14	-0.7608	-1.0581	-0.4635
217	15	-0.7136	-1.0325	-0.3947
217	16	-0.6663	-1.0082	-0.3244
217	17	-0.6191	-0.9851	-0.2531
218	1	0.1479	0.0692	0.2267
218	2	0.0951	0.0223	0.168
218	3	0.0423	-0.0281	0.1127
218	4	-0.0105	-0.0823	0.0613
218	5	-0.0633	-0.1402	0.0135
218	6	-0.1162	-0.2009	-0.0314
219	1	-1.2411	-1.4568	-1.0253
219	2	-1.1291	-1.3262	-0.932
219	3	-1.0171	-1.2035	-0.8307
219	4	-0.9051	-1.0903	-0.72
219	5	-0.7932	-0.9866	-0.5997
219	6	-0.6812	-0.8914	-0.471
220	1	-0.1512	-0.2311	-0.0712
220	2	-0.1062	-0.1847	-0.0277
220	3	-0.0612	-0.1384	0.0159
220	4	-0.0163	-0.0923	0.0597
220	5	0.0287	-0.0464	0.1038
220	6	0.0736	-7e-04	0.148
220	7	0.1186	0.0448	0.1924
220	8	0.1636	0.0901	0.2371
220	9	0.2085	0.1351	0.2819
220	10	0.2535	0.18	0.327
220	11	0.2984	0.2246	0.3723
220	12	0.3434	0.269	0.4178
220	13	0.3884	0.3132	0.4635
220	14	0.4333	0.3573	0.5094
220	15	0.4783	0.4011	0.5555
220	16	0.5233	0.4447	0.6018
220	17	0.5682	0.4882	0.6483
221	1	0.1634	-0.2354	0.5623
221	2	0.1912	-0.1953	0.5776
221	3	0.2189	-0.1563	0.5941
221	4	0.2467	-0.1184	0.6117
221	5	0.2744	-0.0818	0.6306
221	6	0.3022	-0.0466	0.6509
221	7	0.3299	-0.0128	0.6727
221	8	0.3577	0.0193	0.696
221	9	0.3854	0.0499	0.7209
221	10	0.4132	0.0789	0.7475
221	11	0.4409	0.1062	0.7757
221	12	0.4687	0.1318	0.8056
221	13	0.4964	0.1558	0.8371
221	14	0.5242	0.1782	0.8701
221	15	0.5519	0.1992	0.9047
221	16	0.5797	0.2187	0.9407
221	17	0.6074	0.2369	0.978
222	1	-1.3242	-1.5618	-1.0867
222	2	-1.2755	-1.4761	-1.0749
222	3	-1.2268	-1.4043	-1.0493
222	4	-1.178	-1.3518	-1.0043
222	5	-1.1293	-1.32	-0.9387
222	6	-1.0806	-1.304	-0.8571
223	1	-0.6925	-0.8131	-0.572
223	2	-0.6976	-0.8148	-0.5805
223	3	-0.7028	-0.817	-0.5886
223	4	-0.7079	-0.8195	-0.5962
223	5	-0.713	-0.8226	-0.6034
223	6	-0.7181	-0.8261	-0.6101
223	7	-0.7232	-0.8301	-0.6163
223	8	-0.7283	-0.8346	-0.622
223	9	-0.7334	-0.8396	-0.6272
223	10	-0.7385	-0.8452	-0.6319
223	11	-0.7436	-0.8512	-0.6361
223	12	-0.7488	-0.8577	-0.6398
223	13	-0.7539	-0.8647	-0.6431
223	14	-0.759	-0.8722	-0.6458
223	15	-0.7641	-0.8801	-0.6481
223	16	-0.7692	-0.8885	-0.6499
223	17	-0.7743	-0.8972	-0.6514
224	1	1.1786	0.8951	1.462
224	2	1.1748	0.9052	1.4443
224	3	1.171	0.9142	1.4279
224	4	1.1672	0.9218	1.4127
224	5	1.1635	0.9278	1.3991
224	6	1.1597	0.9321	1.3873
224	7	1.1559	0.9345	1.3773
224	8	1.1522	0.9348	1.3695
224	9	1.1484	0.9329	1.3638
224	10	1.1446	0.9288	1.3605
224	11	1.1408	0.9223	1.3593
224	12	1.1371	0.9138	1.3604
224	13	1.1333	0.9031	1.3634
224	14	1.1295	0.8907	1.3684
224	15	1.1258	0.8765	1.375
224	16	1.122	0.8609	1.3831
224	17	1.1182	0.844	1.3924
225	1	-0.3603	-0.4108	-0.3099
225	2	-0.3713	-0.421	-0.3216
225	3	-0.3823	-0.4313	-0.3332
225	4	-0.3932	-0.4418	-0.3447
225	5	-0.4042	-0.4523	-0.3561
225	6	-0.4152	-0.463	-0.3674
225	7	-0.4262	-0.4737	-0.3786
225	8	-0.4371	-0.4846	-0.3897
225	9	-0.4481	-0.4956	-0.4006
225	10	-0.4591	-0.5068	-0.4114
225	11	-0.4701	-0.518	-0.4221
225	12	-0.481	-0.5294	-0.4327
225	13	-0.492	-0.5408	-0.4432
225	14	-0.503	-0.5524	-0.4536
225	15	-0.514	-0.5641	-0.4639
225	16	-0.5249	-0.5758	-0.4741
225	17	-0.5359	-0.5877	-0.4841
226	1	-1.2628	-1.4815	-1.0442
226	2	-1.2252	-1.4363	-1.0142
226	3	-1.1876	-1.3918	-0.9835
226	4	-1.1501	-1.3481	-0.952
226	5	-1.1125	-1.3053	-0.9196
226	6	-1.0749	-1.2634	-0.8863
226	7	-1.0373	-1.2225	-0.8521
226	8	-0.9997	-1.1826	-0.8168
226	9	-0.9621	-1.1438	-0.7804
226	10	-0.9245	-1.1061	-0.7429
226	11	-0.8869	-1.0695	-0.7043
226	12	-0.8493	-1.0339	-0.6646
226	13	-0.8117	-0.9995	-0.6239
226	14	-0.7741	-0.966	-0.5822
226	15	-0.7365	-0.9335	-0.5395
226	16	-0.6989	-0.9018	-0.496
226	17	-0.6613	-0.871	-0.4517
227	1	9e-04	-0.2518	0.2537
227	2	-0.0167	-0.23	0.1966
227	3	-0.0344	-0.229	0.1602
227	4	-0.0521	-0.2546	0.1504
227	5	-0.0698	-0.304	0.1645
227	6	-0.0875	-0.3694	0.1945
228	1	0.1334	-0.2797	0.5465
228	2	0.2133	-0.1749	0.6016
228	3	0.2933	-0.0716	0.6581
228	4	0.3732	0.0301	0.7163
228	5	0.4531	0.1297	0.7765
228	6	0.533	0.227	0.839
228	7	0.6129	0.3214	0.9044
228	8	0.6928	0.4126	0.973
228	9	0.7727	0.5001	1.0453
228	10	0.8527	0.5837	1.1216
228	11	0.9326	0.6631	1.202
228	12	1.0125	0.7385	1.2865
228	13	1.0924	0.8099	1.3749
228	14	1.1723	0.8778	1.4668
228	15	1.2522	0.9425	1.562
228	16	1.3321	1.0045	1.6598
228	17	1.412	1.0642	1.7599
229	1	0.8249	0.7744	0.8754
229	2	0.8282	0.7783	0.8781
229	3	0.8315	0.7821	0.8809
229	4	0.8348	0.7859	0.8837
229	5	0.8381	0.7895	0.8866
229	6	0.8414	0.7931	0.8897
229	7	0.8447	0.7966	0.8928
229	8	0.848	0.8	0.896
229	9	0.8513	0.8033	0.8993
229	10	0.8546	0.8064	0.9027
229	11	0.8579	0.8095	0.9062
229	12	0.8612	0.8125	0.9098
229	13	0.8645	0.8154	0.9135
229	14	0.8678	0.8183	0.9172
229	15	0.871	0.821	0.9211
229	16	0.8743	0.8236	0.9251
229	17	0.8776	0.8262	0.9291
230	1	-1.8526	-1.9449	-1.7602
230	2	-1.727	-1.8054	-1.6487
230	3	-1.6015	-1.6715	-1.5314
230	4	-1.4759	-1.5455	-1.4063
230	5	-1.3503	-1.4274	-1.2732
230	6	-1.2248	-1.3154	-1.1341
231	1	-1.1184	-1.2568	-0.98
231	2	-1.0151	-1.1391	-0.8911
231	3	-0.9118	-1.0281	-0.7956
231	4	-0.8086	-0.925	-0.6922
231	5	-0.7053	-0.8298	-0.5808
231	6	-0.602	-0.7412	-0.4629
232	1	-1.9024	-2.0004	-1.8043
232	2	-1.8595	-1.9519	-1.767
232	3	-1.8166	-1.9039	-1.7294
232	4	-1.7737	-1.8563	-1.6912
232	5	-1.7309	-1.8092	-1.6525
232	6	-1.688	-1.7628	-1.6131
232	7	-1.6451	-1.7171	-1.5731
232	8	-1.6022	-1.6723	-1.5321
232	9	-1.5593	-1.6283	-1.4903
232	10	-1.5165	-1.5853	-1.4476
232	11	-1.4736	-1.5432	-1.4039
232	12	-1.4307	-1.5021	-1.3593
232	13	-1.3878	-1.4618	-1.3138
232	14	-1.3449	-1.4222	-1.2676
232	15	-1.3021	-1.3834	-1.2208
232	16	-1.2592	-1.3451	-1.1733
232	17	-1.2163	-1.3072	-1.1253
233	1	-1.4781	-1.5583	-1.3978
233	2	-1.461	-1.5377	-1.3843
233	3	-1.4439	-1.5174	-1.3705
233	4	-1.4269	-1.4975	-1.3562
233	5	-1.4098	-1.478	-1.3416
233	6	-1.3927	-1.459	-1.3264
233	7	-1.3757	-1.4406	-1.3107
233	8	-1.3586	-1.4227	-1.2945
233	9	-1.3415	-1.4054	-1.2777
233	10	-1.3245	-1.3887	-1.2603
233	11	-1.3074	-1.3725	-1.2423
233	12	-1.2903	-1.357	-1.2237
233	13	-1.2733	-1.3419	-1.2046
233	14	-1.2562	-1.3273	-1.1851
233	15	-1.2391	-1.3132	-1.1651
233	16	-1.2221	-1.2994	-1.1448
233	17	-1.205	-1.2859	-1.1241
234	1	-0.3274	-0.3929	-0.2619
234	2	-0.3474	-0.4119	-0.283
234	3	-0.3675	-0.431	-0.3039
234	4	-0.3875	-0.4503	-0.3246
234	5	-0.4075	-0.4698	-0.3452
234	6	-0.4275	-0.4894	-0.3657
234	7	-0.4476	-0.5092	-0.386
234	8	-0.4676	-0.5291	-0.4061
234	9	-0.4876	-0.5493	-0.426
234	10	-0.5077	-0.5695	-0.4458
234	11	-0.5277	-0.59	-0.4655
234	12	-0.5477	-0.6106	-0.4849
234	13	-0.5678	-0.6313	-0.5042
234	14	-0.5878	-0.6522	-0.5234
234	15	-0.6078	-0.6733	-0.5424
234	16	-0.6279	-0.6944	-0.5613
234	17	-0.6479	-0.7158	-0.58
235	1	-0.9943	-1.1315	-0.857
235	2	-1.0441	-1.1718	-0.9163
235	3	-1.0939	-1.2132	-0.9745
235	4	-1.1436	-1.2558	-1.0315
235	5	-1.1934	-1.3	-1.0869
235	6	-1.2432	-1.3459	-1.1406
235	7	-1.293	-1.3938	-1.1922
235	8	-1.3428	-1.4438	-1.2418
235	9	-1.3926	-1.4959	-1.2894
235	10	-1.4424	-1.5499	-1.3349
235	11	-1.4922	-1.6056	-1.3788
235	12	-1.542	-1.6629	-1.4211
235	13	-1.5918	-1.7213	-1.4623
235	14	-1.6416	-1.7807	-1.5024
235	15	-1.6914	-1.841	-1.5418
235	16	-1.7412	-1.9019	-1.5805
235	17	-1.791	-1.9633	-1.6186
236	1	-1.0351	-1.5685	-0.5018
236	2	-1.1188	-1.5658	-0.6718
236	3	-1.2025	-1.604	-0.801
236	4	-1.2861	-1.6966	-0.8757
236	5	-1.3698	-1.8405	-0.8991
236	6	-1.4535	-2.0198	-0.8871
237	1	-0.9355	-1.0192	-0.8518
237	2	-0.9463	-1.0268	-0.8658
237	3	-0.9571	-1.0348	-0.8793
237	4	-0.9678	-1.0431	-0.8925
237	5	-0.9786	-1.0519	-0.9053
237	6	-0.9894	-1.0612	-0.9176
237	7	-1.0002	-1.0709	-0.9294
237	8	-1.0109	-1.0811	-0.9408
237	9	-1.0217	-1.0919	-0.9516
237	10	-1.0325	-1.1031	-0.9619
237	11	-1.0433	-1.1149	-0.9717
237	12	-1.054	-1.1271	-0.981
237	13	-1.0648	-1.1398	-0.9898
237	14	-1.0756	-1.153	-0.9982
237	15	-1.0864	-1.1665	-1.0063
237	16	-1.0972	-1.1804	-1.0139
237	17	-1.1079	-1.1946	-1.0213
238	1	-0.4397	-1.0183	0.139
238	2	-0.4327	-0.9807	0.1153
238	3	-0.4258	-0.9471	0.0955
238	4	-0.4189	-0.918	0.0803
238	5	-0.4119	-0.894	0.0702
238	6	-0.405	-0.8758	0.0658
238	7	-0.3981	-0.8637	0.0675
238	8	-0.3911	-0.8579	0.0756
238	9	-0.3842	-0.8584	0.09
238	10	-0.3773	-0.8648	0.1103
238	11	-0.3703	-0.8768	0.1361
238	12	-0.3634	-0.8937	0.1669
238	13	-0.3565	-0.9149	0.202
238	14	-0.3495	-0.9398	0.2408
238	15	-0.3426	-0.9679	0.2827
238	16	-0.3357	-0.9985	0.3272
238	17	-0.3287	-1.0314	0.374
239	1	-1.5985	-1.7042	-1.4927
239	2	-1.5848	-1.6853	-1.4842
239	3	-1.5711	-1.6668	-1.4753
239	4	-1.5573	-1.6488	-1.4659
239	5	-1.5436	-1.6315	-1.4558
239	6	-1.5299	-1.6149	-1.445
239	7	-1.5162	-1.5991	-1.4334
239	8	-1.5025	-1.5841	-1.421
239	9	-1.4888	-1.57	-1.4077
239	10	-1.4751	-1.5568	-1.3935
239	11	-1.4614	-1.5444	-1.3784
239	12	-1.4477	-1.5329	-1.3625
239	13	-1.434	-1.5222	-1.3458
239	14	-1.4203	-1.5122	-1.3284
239	15	-1.4066	-1.5028	-1.3104
239	16	-1.3929	-1.494	-1.2918
239	17	-1.3792	-1.4856	-1.2728
240	1	-1.3393	-1.593	-1.0856
240	2	-1.3233	-1.5625	-1.0841
240	3	-1.3073	-1.5328	-1.0817
240	4	-1.2912	-1.5043	-1.0782
240	5	-1.2752	-1.477	-1.0734
240	6	-1.2592	-1.4512	-1.0671
240	7	-1.2431	-1.4272	-1.0591
240	8	-1.2271	-1.4052	-1.049
240	9	-1.2111	-1.3854	-1.0368
240	10	-1.1951	-1.3679	-1.0222
240	11	-1.179	-1.3528	-1.0053
240	12	-1.163	-1.34	-0.986
240	13	-1.147	-1.3295	-0.9644
240	14	-1.1309	-1.321	-0.9408
240	15	-1.1149	-1.3144	-0.9155
240	16	-1.0989	-1.3093	-0.8885
240	17	-1.0829	-1.3055	-0.8602
241	1	-2.314	-2.6073	-2.0207
241	2	-2.2926	-2.5659	-2.0192
241	3	-2.2711	-2.5258	-2.0164
241	4	-2.2497	-2.4874	-2.0119
241	5	-2.2282	-2.4511	-2.0054
241	6	-2.2068	-2.4172	-1.9963
241	7	-2.1853	-2.3863	-1.9844
241	8	-2.1639	-2.3587	-1.969
241	9	-2.1424	-2.3349	-1.95
241	10	-2.121	-2.3148	-1.9271
241	11	-2.0995	-2.2986	-1.9005
241	12	-2.0781	-2.2858	-1.8704
241	13	-2.0566	-2.276	-1.8372
241	14	-2.0352	-2.2689	-1.8015
241	15	-2.0137	-2.2639	-1.7636
241	16	-1.9923	-2.2607	-1.7239
241	17	-1.9708	-2.2589	-1.6828
242	1	0.2691	0.1748	0.3635
242	2	0.1877	0.0954	0.2801
242	3	0.1063	0.0157	0.1969
242	4	0.0249	-0.0643	0.1142
242	5	-0.0565	-0.1447	0.0317
242	6	-0.1379	-0.2254	-0.0504
242	7	-0.2193	-0.3065	-0.1321
242	8	-0.3007	-0.3879	-0.2134
242	9	-0.3821	-0.4697	-0.2944
242	10	-0.4635	-0.5519	-0.375
242	11	-0.5449	-0.6344	-0.4553
242	12	-0.6263	-0.7173	-0.5352
242	13	-0.7077	-0.8005	-0.6148
242	14	-0.7891	-0.884	-0.6941
242	15	-0.8705	-0.9678	-0.7731
242	16	-0.9519	-1.0519	-0.8519
242	17	-1.0333	-1.1362	-0.9303
243	1	-0.8289	-0.9028	-0.755
243	2	-0.8323	-0.9048	-0.7599
243	3	-0.8358	-0.907	-0.7646
243	4	-0.8392	-0.9093	-0.7691
243	5	-0.8427	-0.9119	-0.7735
243	6	-0.8461	-0.9147	-0.7776
243	7	-0.8496	-0.9177	-0.7814
243	8	-0.853	-0.9209	-0.7851
243	9	-0.8565	-0.9244	-0.7885
243	10	-0.8599	-0.9281	-0.7917
243	11	-0.8633	-0.932	-0.7947
243	12	-0.8668	-0.9361	-0.7975
243	13	-0.8702	-0.9405	-0.8
243	14	-0.8737	-0.945	-0.8023
243	15	-0.8771	-0.9498	-0.8045
243	16	-0.8806	-0.9547	-0.8064
243	17	-0.884	-0.9598	-0.8082
244	1	-1.555	-1.9501	-1.1599
244	2	-1.201	-1.5484	-0.8536
244	3	-0.847	-1.1585	-0.5356
244	4	-0.4931	-0.7852	-0.201
244	5	-0.1391	-0.4318	0.1535
244	6	0.2148	-0.0977	0.5274
245	1	-1.3089	-1.5717	-1.0462
245	2	-1.3575	-1.6036	-1.1114
245	3	-1.406	-1.6367	-1.1753
245	4	-1.4546	-1.6714	-1.2378
245	5	-1.5031	-1.7079	-1.2984
245	6	-1.5517	-1.7466	-1.3568
245	7	-1.6002	-1.7878	-1.4127
245	8	-1.6488	-1.8318	-1.4658
245	9	-1.6974	-1.8788	-1.5159
245	10	-1.7459	-1.9289	-1.5629
245	11	-1.7945	-1.9821	-1.6068
245	12	-1.843	-2.0381	-1.648
245	13	-1.8916	-2.0965	-1.6866
245	14	-1.9401	-2.1572	-1.7231
245	15	-1.9887	-2.2196	-1.7577
245	16	-2.0372	-2.2836	-1.7909
245	17	-2.0858	-2.3488	-1.8228
246	1	-0.7224	-0.8369	-0.6079
246	2	-0.7441	-0.8572	-0.6311
246	3	-0.7658	-0.8776	-0.654
246	4	-0.7875	-0.8983	-0.6767
246	5	-0.8092	-0.9192	-0.6992
246	6	-0.8309	-0.9404	-0.7214
246	7	-0.8526	-0.9618	-0.7434
246	8	-0.8743	-0.9834	-0.7652
246	9	-0.896	-1.0053	-0.7867
246	10	-0.9177	-1.0275	-0.8079
246	11	-0.9394	-1.0498	-0.829
246	12	-0.9611	-1.0725	-0.8497
246	13	-0.9828	-1.0953	-0.8703
246	14	-1.0045	-1.1184	-0.8906
246	15	-1.0262	-1.1416	-0.9107
246	16	-1.0479	-1.1651	-0.9306
246	17	-1.0696	-1.1888	-0.9503
247	1	-0.7608	-0.864	-0.6576
247	2	-0.7865	-0.8814	-0.6916
247	3	-0.8123	-0.903	-0.7215
247	4	-0.838	-0.9294	-0.7466
247	5	-0.8637	-0.9604	-0.767
247	6	-0.8894	-0.9953	-0.7835
248	1	0.166	0.0849	0.2471
248	2	0.1482	0.0697	0.2267
248	3	0.1304	0.0541	0.2066
248	4	0.1126	0.0382	0.1869
248	5	0.0947	0.022	0.1675
248	6	0.0769	0.0054	0.1485
248	7	0.0591	-0.0116	0.1299
248	8	0.0413	-0.0291	0.1117
248	9	0.0235	-0.047	0.094
248	10	0.0057	-0.0653	0.0766
248	11	-0.0121	-0.084	0.0597
248	12	-0.0299	-0.1031	0.0432
248	13	-0.0478	-0.1226	0.0271
248	14	-0.0656	-0.1425	0.0113
248	15	-0.0834	-0.1627	-0.0041
248	16	-0.1012	-0.1832	-0.0192
248	17	-0.119	-0.2039	-0.0341
249	1	-0.8816	-1.1353	-0.6279
249	2	-1.1837	-1.401	-0.9664
249	3	-1.4858	-1.7071	-1.2645
249	4	-1.788	-2.0518	-1.5242
249	5	-2.0901	-2.4204	-1.7598
249	6	-2.3923	-2.8015	-1.983
250	1	0.731	0.3779	1.0842
250	2	0.6708	0.3314	1.0101
250	3	0.6105	0.2836	0.9373
250	4	0.5502	0.2344	0.866
250	5	0.4899	0.1835	0.7963
250	6	0.4296	0.1309	0.7284
250	7	0.3694	0.0763	0.6624
250	8	0.3091	0.0197	0.5984
250	9	0.2488	-0.039	0.5366
250	10	0.1885	-0.0998	0.4769
250	11	0.1283	-0.1628	0.4193
250	12	0.068	-0.2279	0.3638
250	13	0.0077	-0.2949	0.3103
250	14	-0.0526	-0.3637	0.2586
250	15	-0.1128	-0.4342	0.2085
250	16	-0.1731	-0.5062	0.16
250	17	-0.2334	-0.5796	0.1128
251	1	-1.3129	-1.5059	-1.1199
251	2	-1.2816	-1.4678	-1.0954
251	3	-1.2503	-1.4304	-1.0703
251	4	-1.2191	-1.3936	-1.0445
251	5	-1.1878	-1.3575	-1.018
251	6	-1.1565	-1.3222	-0.9907
251	7	-1.1252	-1.2878	-0.9626
251	8	-1.0939	-1.2542	-0.9335
251	9	-1.0626	-1.2216	-0.9036
251	10	-1.0313	-1.19	-0.8726
251	11	-1	-1.1593	-0.8407
251	12	-0.9687	-1.1296	-0.8079
251	13	-0.9374	-1.1008	-0.7741
251	14	-0.9061	-1.0729	-0.7394
251	15	-0.8748	-1.0458	-0.7039
251	16	-0.8436	-1.0195	-0.6676
251	17	-0.8123	-0.9939	-0.6306
252	1	0.086	-0.0096	0.1816
252	2	0.01	-0.0802	0.1002
252	3	-0.066	-0.154	0.0221
252	4	-0.1419	-0.2314	-0.0525
252	5	-0.2179	-0.3122	-0.1236
252	6	-0.2939	-0.3959	-0.1919
253	1	-0.901	-1.0641	-0.738
253	2	-0.9794	-1.1337	-0.8251
253	3	-1.0577	-1.2099	-0.9055
253	4	-1.136	-1.293	-0.979
253	5	-1.2143	-1.3824	-1.0462
253	6	-1.2927	-1.4771	-1.1083
254	1	-0.8252	-1.0861	-0.5644
254	2	-0.8675	-1.0929	-0.6421
254	3	-0.9097	-1.1174	-0.7021
254	4	-0.952	-1.1641	-0.7399
254	5	-0.9943	-1.2318	-0.7567
254	6	-1.0365	-1.3147	-0.7583
255	1	-0.1288	-0.1993	-0.0583
255	2	-0.1499	-0.2136	-0.0861
255	3	-0.1709	-0.2319	-0.1099
255	4	-0.192	-0.2547	-0.1292
255	5	-0.213	-0.2817	-0.1443
255	6	-0.2341	-0.3119	-0.1562
256	1	-0.8818	-1.0481	-0.7156
256	2	-0.9075	-1.0697	-0.7454
256	3	-0.9332	-1.092	-0.7745
256	4	-0.9589	-1.1149	-0.803
256	5	-0.9847	-1.1386	-0.8307
256	6	-1.0104	-1.1629	-0.8578
256	7	-1.0361	-1.1881	-0.8841
256	8	-1.0618	-1.214	-0.9096
256	9	-1.0875	-1.2406	-0.9343
256	10	-1.1132	-1.268	-0.9584
256	11	-1.1389	-1.2961	-0.9817
256	12	-1.1646	-1.3249	-1.0043
256	13	-1.1903	-1.3543	-1.0263
256	14	-1.216	-1.3843	-1.0477
256	15	-1.2417	-1.4149	-1.0685
256	16	-1.2674	-1.446	-1.0888
256	17	-1.2931	-1.4776	-1.1086
257	1	0.273	0.0466	0.4993
257	2	0.2696	0.071	0.4683
257	3	0.2663	0.0796	0.453
257	4	0.263	0.0696	0.4564
257	5	0.2596	0.0425	0.4768
257	6	0.2563	0.0033	0.5094
258	1	-0.5105	-0.7133	-0.3078
258	2	-0.5331	-0.7176	-0.3486
258	3	-0.5556	-0.731	-0.3803
258	4	-0.5782	-0.7549	-0.4015
258	5	-0.6007	-0.7891	-0.4124
258	6	-0.6233	-0.8318	-0.4148
259	1	-0.7093	-0.7622	-0.6564
259	2	-0.761	-0.8094	-0.7126
259	3	-0.8127	-0.8594	-0.766
259	4	-0.8644	-0.9123	-0.8165
259	5	-0.916	-0.968	-0.8641
259	6	-0.9677	-1.0259	-0.9095
260	1	-1.5316	-1.8041	-1.2591
260	2	-1.5633	-1.7827	-1.3438
260	3	-1.5949	-1.7841	-1.4056
260	4	-1.6265	-1.8193	-1.4337
260	5	-1.6581	-1.8867	-1.4296
260	6	-1.6898	-1.9744	-1.4051
261	1	-0.4898	-0.6838	-0.2959
261	2	-0.4793	-0.6682	-0.2904
261	3	-0.4688	-0.6533	-0.2843
261	4	-0.4583	-0.6391	-0.2775
261	5	-0.4478	-0.6256	-0.27
261	6	-0.4373	-0.6128	-0.2618
261	7	-0.4268	-0.6007	-0.2529
261	8	-0.4163	-0.5894	-0.2432
261	9	-0.4058	-0.5789	-0.2327
261	10	-0.3953	-0.5691	-0.2215
261	11	-0.3848	-0.56	-0.2096
261	12	-0.3743	-0.5517	-0.1969
261	13	-0.3638	-0.5441	-0.1835
261	14	-0.3533	-0.5372	-0.1694
261	15	-0.3428	-0.531	-0.1546
261	16	-0.3323	-0.5254	-0.1392
261	17	-0.3218	-0.5204	-0.1231
262	1	-0.9964	-1.065	-0.9278
262	2	-0.9849	-1.0511	-0.9187
262	3	-0.9734	-1.0375	-0.9093
262	4	-0.9619	-1.0241	-0.8997
262	5	-0.9504	-1.0111	-0.8898
262	6	-0.939	-0.9984	-0.8796
262	7	-0.9275	-0.986	-0.869
262	8	-0.916	-0.974	-0.8581
262	9	-0.9045	-0.9623	-0.8467
262	10	-0.8931	-0.9511	-0.8351
262	11	-0.8816	-0.9402	-0.823
262	12	-0.8701	-0.9296	-0.8106
262	13	-0.8586	-0.9194	-0.7978
262	14	-0.8471	-0.9095	-0.7848
262	15	-0.8357	-0.8999	-0.7714
262	16	-0.8242	-0.8906	-0.7577
262	17	-0.8127	-0.8816	-0.7438
263	1	-1.3868	-1.6665	-1.107
263	2	-1.3464	-1.6092	-1.0836
263	3	-1.3059	-1.5531	-1.0588
263	4	-1.2655	-1.4985	-1.0326
263	5	-1.2251	-1.4457	-1.0045
263	6	-1.1847	-1.3951	-0.9743
263	7	-1.1443	-1.3469	-0.9416
263	8	-1.1039	-1.3015	-0.9062
263	9	-1.0634	-1.259	-0.8679
263	10	-1.023	-1.2195	-0.8265
263	11	-0.9826	-1.183	-0.7822
263	12	-0.9422	-1.1493	-0.735
263	13	-0.9018	-1.1182	-0.6853
263	14	-0.8613	-1.0894	-0.6333
263	15	-0.8209	-1.0625	-0.5794
263	16	-0.7805	-1.0372	-0.5238
263	17	-0.7401	-1.0133	-0.4669
264	1	0.255	0.0084	0.5016
264	2	-0.0387	-0.2741	0.1967
264	3	-0.3323	-0.5687	-0.096
264	4	-0.626	-0.8754	-0.3767
264	5	-0.9197	-1.1924	-0.647
264	6	-1.2134	-1.5174	-0.9093
265	1	-0.4089	-0.462	-0.3559
265	2	-0.3802	-0.4314	-0.329
265	3	-0.3515	-0.4018	-0.3011
265	4	-0.3227	-0.3734	-0.272
265	5	-0.294	-0.3461	-0.2419
265	6	-0.2652	-0.3198	-0.2107
266	1	0.2232	-0.1675	0.614
266	2	0.4593	0.1339	0.7847
266	3	0.6954	0.4134	0.9774
266	4	0.9315	0.6602	1.2028
266	5	1.1676	0.8708	1.4644
266	6	1.4037	1.0529	1.7544
267	1	0.1876	0.1454	0.2297
267	2	0.0749	0.0341	0.1157
267	3	-0.0378	-0.0782	0.0027
267	4	-0.1504	-0.1915	-0.1094
267	5	-0.2631	-0.3057	-0.2205
267	6	-0.3758	-0.4207	-0.3309
268	1	-1.2123	-1.826	-0.5986
268	2	-1.0291	-1.5756	-0.4825
268	3	-0.8458	-1.3561	-0.3356
268	4	-0.6626	-1.1741	-0.1511
268	5	-0.4794	-1.0297	0.071
268	6	-0.2961	-0.9157	0.3235
269	1	-0.3411	-0.4057	-0.2765
269	2	-0.4025	-0.4649	-0.3401
269	3	-0.4638	-0.5254	-0.4022
269	4	-0.5252	-0.5875	-0.4629
269	5	-0.5866	-0.651	-0.5221
269	6	-0.6479	-0.7158	-0.5801
270	1	0.4673	0.3467	0.588
270	2	0.3133	0.204	0.4226
270	3	0.1593	0.0499	0.2687
270	4	0.0053	-0.1156	0.1262
270	5	-0.1487	-0.2898	-0.0076
270	6	-0.3027	-0.4696	-0.1358
271	1	-0.9232	-1.2467	-0.5997
271	2	-0.9122	-1.2152	-0.6091
271	3	-0.9011	-1.1851	-0.6171
271	4	-0.8901	-1.1569	-0.6232
271	5	-0.879	-1.1308	-0.6272
271	6	-0.868	-1.1072	-0.6287
271	7	-0.8569	-1.0867	-0.6271
271	8	-0.8458	-1.0694	-0.6223
271	9	-0.8348	-1.0558	-0.6138
271	10	-0.8237	-1.0458	-0.6017
271	11	-0.8127	-1.0396	-0.5858
271	12	-0.8016	-1.0368	-0.5665
271	13	-0.7906	-1.0371	-0.5441
271	14	-0.7795	-1.0401	-0.519
271	15	-0.7685	-1.0454	-0.4916
271	16	-0.7574	-1.0526	-0.4622
271	17	-0.7464	-1.0615	-0.4313
272	1	-1.3269	-1.4631	-1.1907
272	2	-1.5814	-1.6958	-1.467
272	3	-1.8359	-1.9504	-1.7214
272	4	-2.0904	-2.227	-1.9539
272	5	-2.3449	-2.5172	-2.1727
272	6	-2.5995	-2.8144	-2.3845
273	1	-0.375	-0.8425	0.0924
273	2	-0.4402	-0.8767	-0.0036
273	3	-0.5053	-0.9148	-0.0958
273	4	-0.5705	-0.9574	-0.1835
273	5	-0.6356	-1.0055	-0.2657
273	6	-0.7008	-1.0598	-0.3417
273	7	-0.7659	-1.1208	-0.411
273	8	-0.831	-1.1888	-0.4733
273	9	-0.8962	-1.2637	-0.5287
273	10	-0.9613	-1.3448	-0.5778
273	11	-1.0265	-1.4316	-0.6213
273	12	-1.0916	-1.523	-0.6601
273	13	-1.1567	-1.6184	-0.695
273	14	-1.2219	-1.717	-0.7267
273	15	-1.287	-1.8182	-0.7558
273	16	-1.3522	-1.9216	-0.7827
273	17	-1.4173	-2.0266	-0.808
274	1	-0.6298	-0.6785	-0.5811
274	2	-0.6026	-0.6482	-0.5569
274	3	-0.5754	-0.6196	-0.5311
274	4	-0.5481	-0.5928	-0.5034
274	5	-0.5209	-0.5678	-0.474
274	6	-0.4937	-0.5443	-0.4431
275	1	-1.1597	-1.3037	-1.0156
275	2	-1.1242	-1.2623	-0.9861
275	3	-1.0887	-1.2214	-0.956
275	4	-1.0532	-1.1811	-0.9253
275	5	-1.0177	-1.1414	-0.894
275	6	-0.9822	-1.1025	-0.8619
275	7	-0.9467	-1.0644	-0.829
275	8	-0.9113	-1.0272	-0.7953
275	9	-0.8758	-0.9909	-0.7607
275	10	-0.8403	-0.9555	-0.7251
275	11	-0.8048	-0.9209	-0.6886
275	12	-0.7693	-0.8873	-0.6513
275	13	-0.7338	-0.8546	-0.6131
275	14	-0.6983	-0.8226	-0.5741
275	15	-0.6628	-0.7914	-0.5343
275	16	-0.6274	-0.7608	-0.4939
275	17	-0.5919	-0.7308	-0.4529
276	1	-0.799	-0.8575	-0.7405
276	2	-0.7798	-0.8367	-0.7228
276	3	-0.7605	-0.816	-0.705
276	4	-0.7412	-0.7955	-0.6869
276	5	-0.722	-0.7753	-0.6687
276	6	-0.7027	-0.7552	-0.6503
276	7	-0.6835	-0.7354	-0.6316
276	8	-0.6642	-0.7158	-0.6127
276	9	-0.645	-0.6964	-0.5935
276	10	-0.6257	-0.6773	-0.5741
276	11	-0.6065	-0.6585	-0.5545
276	12	-0.5872	-0.6398	-0.5346
276	13	-0.568	-0.6214	-0.5145
276	14	-0.5487	-0.6032	-0.4942
276	15	-0.5295	-0.5852	-0.4737
276	16	-0.5102	-0.5674	-0.453
276	17	-0.491	-0.5498	-0.4321
277	1	-1.2867	-1.4737	-1.0997
277	2	-1.191	-1.3615	-1.0205
277	3	-1.0954	-1.2565	-0.9343
277	4	-0.9997	-1.1597	-0.8396
277	5	-0.904	-1.0715	-0.7365
277	6	-0.8083	-0.9907	-0.6259
278	1	0.3401	0.236	0.4442
278	2	0.3487	0.2479	0.4495
278	3	0.3573	0.2595	0.4551
278	4	0.3659	0.2708	0.4611
278	5	0.3746	0.2816	0.4676
278	6	0.3832	0.2919	0.4744
278	7	0.3918	0.3019	0.4817
278	8	0.4004	0.3113	0.4895
278	9	0.409	0.3202	0.4978
278	10	0.4176	0.3286	0.5066
278	11	0.4263	0.3366	0.5159
278	12	0.4349	0.344	0.5257
278	13	0.4435	0.351	0.536
278	14	0.4521	0.3575	0.5467
278	15	0.4607	0.3637	0.5578
278	16	0.4693	0.3694	0.5693
278	17	0.4779	0.3748	0.5811
279	1	-1.8941	-2.115	-1.6732
279	2	-1.878	-2.0608	-1.6951
279	3	-1.8618	-2.0237	-1.7
279	4	-1.8457	-2.0103	-1.6812
279	5	-1.8296	-2.0195	-1.6397
279	6	-1.8134	-2.044	-1.5828
280	1	-0.6171	-0.9086	-0.3257
280	2	-0.6168	-0.8962	-0.3374
280	3	-0.6164	-0.885	-0.3479
280	4	-0.616	-0.8752	-0.3569
280	5	-0.6157	-0.8671	-0.3643
280	6	-0.6153	-0.8607	-0.37
280	7	-0.6149	-0.8561	-0.3738
280	8	-0.6146	-0.8535	-0.3757
280	9	-0.6142	-0.8529	-0.3756
280	10	-0.6138	-0.8542	-0.3734
280	11	-0.6135	-0.8576	-0.3693
280	12	-0.6131	-0.8628	-0.3634
280	13	-0.6127	-0.8698	-0.3557
280	14	-0.6124	-0.8784	-0.3463
280	15	-0.612	-0.8885	-0.3355
280	16	-0.6116	-0.8998	-0.3234
280	17	-0.6112	-0.9124	-0.3101
281	1	0.352	0.1009	0.6032
281	2	0.2551	0.0102	0.4999
281	3	0.1581	-0.0816	0.3978
281	4	0.0611	-0.1747	0.2969
281	5	-0.0359	-0.2691	0.1973
281	6	-0.1329	-0.3648	0.099
281	7	-0.2299	-0.4619	0.0021
281	8	-0.3269	-0.5604	-0.0934
281	9	-0.4238	-0.6602	-0.1875
281	10	-0.5208	-0.7613	-0.2803
281	11	-0.6178	-0.8637	-0.372
281	12	-0.7148	-0.9672	-0.4624
281	13	-0.8118	-1.0718	-0.5518
281	14	-0.9088	-1.1773	-0.6402
281	15	-1.0057	-1.2838	-0.7277
281	16	-1.1027	-1.391	-0.8145
281	17	-1.1997	-1.4989	-0.9005
282	1	-0.8902	-1.2764	-0.504
282	2	-0.8723	-1.2434	-0.5012
282	3	-0.8544	-1.2115	-0.4972
282	4	-0.8364	-1.1811	-0.4917
282	5	-0.8185	-1.1522	-0.4848
282	6	-0.8006	-1.1251	-0.476
282	7	-0.7826	-1.0998	-0.4655
282	8	-0.7647	-1.0764	-0.4529
282	9	-0.7468	-1.0552	-0.4383
282	10	-0.7288	-1.0361	-0.4215
282	11	-0.7109	-1.0193	-0.4025
282	12	-0.693	-1.0045	-0.3814
282	13	-0.675	-0.9919	-0.3582
282	14	-0.6571	-0.9812	-0.3329
282	15	-0.6392	-0.9725	-0.3059
282	16	-0.6212	-0.9654	-0.2771
282	17	-0.6033	-0.9599	-0.2467
283	1	-0.1075	-0.2232	0.0082
283	2	-0.1392	-0.2461	-0.0324
283	3	-0.1709	-0.2744	-0.0675
283	4	-0.2026	-0.3086	-0.0967
283	5	-0.2343	-0.3483	-0.1203
283	6	-0.266	-0.3926	-0.1395
284	1	-2.3198	-2.5962	-2.0434
284	2	-2.2457	-2.4707	-2.0207
284	3	-2.1716	-2.3671	-1.9762
284	4	-2.0975	-2.2953	-1.8997
284	5	-2.0234	-2.2545	-1.7923
284	6	-1.9493	-2.234	-1.6646
285	1	-1.1054	-1.188	-1.0229
285	2	-1.0933	-1.1722	-1.0145
285	3	-1.0812	-1.1568	-1.0057
285	4	-1.0691	-1.1417	-0.9966
285	5	-1.0571	-1.1271	-0.987
285	6	-1.045	-1.113	-0.9769
285	7	-1.0329	-1.0994	-0.9664
285	8	-1.0208	-1.0863	-0.9552
285	9	-1.0087	-1.0739	-0.9435
285	10	-0.9966	-1.062	-0.9311
285	11	-0.9845	-1.0508	-0.9182
285	12	-0.9724	-1.0401	-0.9047
285	13	-0.9603	-1.0299	-0.8907
285	14	-0.9482	-1.0203	-0.8761
285	15	-0.9361	-1.0111	-0.8611
285	16	-0.924	-1.0023	-0.8458
285	17	-0.9119	-0.9938	-0.8301
286	1	-0.4328	-0.8654	-2e-04
286	2	-0.635	-1.0018	-0.2683
286	3	-0.8372	-1.1921	-0.4823
286	4	-1.0394	-1.4411	-0.6377
286	5	-1.2416	-1.7324	-0.7507
286	6	-1.4437	-2.0475	-0.84
287	1	-0.3472	-0.393	-0.3013
287	2	-0.3723	-0.4152	-0.3294
287	3	-0.3974	-0.4391	-0.3557
287	4	-0.4225	-0.4649	-0.3801
287	5	-0.4476	-0.4926	-0.4027
287	6	-0.4728	-0.5218	-0.4238
288	1	-1.9102	-2.1438	-1.6765
288	2	-1.9032	-2.1217	-1.6847
288	3	-1.8963	-2.1009	-1.6917
288	4	-1.8893	-2.0813	-1.6973
288	5	-1.8824	-2.0634	-1.7013
288	6	-1.8754	-2.0475	-1.7033
288	7	-1.8685	-2.0339	-1.703
288	8	-1.8615	-2.0228	-1.7002
288	9	-1.8545	-2.0145	-1.6946
288	10	-1.8476	-2.0091	-1.6861
288	11	-1.8406	-2.0064	-1.6749
288	12	-1.8337	-2.0062	-1.6612
288	13	-1.8267	-2.0083	-1.6452
288	14	-1.8198	-2.0124	-1.6272
288	15	-1.8128	-2.0181	-1.6076
288	16	-1.8059	-2.0252	-1.5866
288	17	-1.7989	-2.0333	-1.5646
289	1	0.2846	0.045	0.5241
289	2	0.2821	0.0543	0.5098
289	3	0.2795	0.0624	0.4967
289	4	0.277	0.0692	0.4849
289	5	0.2745	0.0743	0.4747
289	6	0.272	0.0777	0.4663
289	7	0.2695	0.0792	0.4598
289	8	0.267	0.0786	0.4553
289	9	0.2644	0.0759	0.453
289	10	0.2619	0.0711	0.4528
289	11	0.2594	0.0642	0.4546
289	12	0.2569	0.0554	0.4584
289	13	0.2544	0.0449	0.4639
289	14	0.2519	0.0328	0.4709
289	15	0.2494	0.0194	0.4793
289	16	0.2468	0.0048	0.4889
289	17	0.2443	-0.0108	0.4995
290	1	-0.541	-0.7555	-0.3266
290	2	-0.5023	-0.7078	-0.2967
290	3	-0.4635	-0.6607	-0.2663
290	4	-0.4247	-0.6142	-0.2351
290	5	-0.3859	-0.5686	-0.2032
290	6	-0.3471	-0.5238	-0.1704
290	7	-0.3083	-0.48	-0.1366
290	8	-0.2695	-0.4372	-0.1017
290	9	-0.2307	-0.3956	-0.0658
290	10	-0.1919	-0.3552	-0.0286
290	11	-0.1531	-0.316	0.0098
290	12	-0.1143	-0.2781	0.0494
290	13	-0.0755	-0.2413	0.0903
290	14	-0.0367	-0.2058	0.1323
290	15	0.0021	-0.1713	0.1754
290	16	0.0409	-0.1378	0.2195
290	17	0.0797	-0.1053	0.2646
291	1	-0.8099	-1.3242	-0.2957
291	2	-0.4803	-0.9194	-0.0412
291	3	-0.1507	-0.5539	0.2526
291	4	0.179	-0.2379	0.5959
291	5	0.5087	0.0328	0.9845
291	6	0.8384	0.2721	1.4046
292	1	-0.3417	-0.3888	-0.2946
292	2	-0.3498	-0.3955	-0.304
292	3	-0.3578	-0.4024	-0.3132
292	4	-0.3659	-0.4095	-0.3222
292	5	-0.3739	-0.4168	-0.3311
292	6	-0.382	-0.4242	-0.3397
292	7	-0.39	-0.4319	-0.3482
292	8	-0.3981	-0.4397	-0.3564
292	9	-0.4061	-0.4478	-0.3644
292	10	-0.4142	-0.4561	-0.3722
292	11	-0.4222	-0.4646	-0.3798
292	12	-0.4303	-0.4733	-0.3872
292	13	-0.4383	-0.4822	-0.3944
292	14	-0.4464	-0.4913	-0.4014
292	15	-0.4544	-0.5006	-0.4083
292	16	-0.4625	-0.51	-0.4149
292	17	-0.4705	-0.5195	-0.4215
293	1	0.2035	0.0032	0.4037
293	2	0.2486	0.0705	0.4267
293	3	0.2937	0.1275	0.46
293	4	0.3389	0.1718	0.5059
293	5	0.384	0.2038	0.5642
293	6	0.4292	0.2258	0.6326
294	1	-1.0747	-1.3176	-0.8318
294	2	-1.2774	-1.4815	-1.0732
294	3	-1.48	-1.6872	-1.2728
294	4	-1.6826	-1.9333	-1.432
294	5	-1.8853	-2.2036	-1.5669
294	6	-2.0879	-2.4861	-1.6897
295	1	0.7144	-0.0969	1.5257
295	2	0.831	0.1749	1.4872
295	3	0.9476	0.4264	1.4689
295	4	1.0642	0.6383	1.4901
295	5	1.1808	0.7827	1.5788
295	6	1.2973	0.8464	1.7483
296	1	-1.3376	-1.5821	-1.093
296	2	-1.4901	-1.6938	-1.2865
296	3	-1.6427	-1.8248	-1.4606
296	4	-1.7953	-1.9819	-1.6087
296	5	-1.9478	-2.1634	-1.7322
296	6	-2.1004	-2.3615	-1.8394
297	1	-1.7728	-2.0086	-1.5369
297	2	-1.7451	-1.958	-1.5322
297	3	-1.7174	-1.9188	-1.516
297	4	-1.6897	-1.8933	-1.4861
297	5	-1.662	-1.8811	-1.4429
297	6	-1.6343	-1.8794	-1.3893
298	1	-0.8368	-1.1031	-0.5706
298	2	-0.9317	-1.1807	-0.6827
298	3	-1.0266	-1.2613	-0.7919
298	4	-1.1215	-1.3455	-0.8975
298	5	-1.2164	-1.4336	-0.9991
298	6	-1.3113	-1.5263	-1.0963
298	7	-1.4062	-1.6235	-1.1889
298	8	-1.5011	-1.7251	-1.2771
298	9	-1.596	-1.8308	-1.3612
298	10	-1.6909	-1.94	-1.4418
298	11	-1.7858	-2.0521	-1.5194
298	12	-1.8807	-2.1667	-1.5946
298	13	-1.9756	-2.2833	-1.6679
298	14	-2.0705	-2.4014	-1.7395
298	15	-2.1654	-2.5208	-1.8099
298	16	-2.2602	-2.6412	-1.8793
298	17	-2.3551	-2.7624	-1.9479
299	1	-0.6858	-0.8315	-0.5401
299	2	-0.6636	-0.7947	-0.5326
299	3	-0.6414	-0.7643	-0.5185
299	4	-0.6192	-0.7418	-0.4967
299	5	-0.597	-0.7272	-0.4669
299	6	-0.5748	-0.7192	-0.4305
300	1	-0.882	-1.2566	-0.5074
300	2	-0.823	-1.1584	-0.4875
300	3	-0.764	-1.0762	-0.4517
300	4	-0.7049	-1.0136	-0.3963
300	5	-0.6459	-0.9713	-0.3206
300	6	-0.5869	-0.9464	-0.2275
301	1	-1.5441	-1.6184	-1.4697
301	2	-1.4638	-1.5276	-1.4
301	3	-1.3836	-1.4416	-1.3256
301	4	-1.3033	-1.3618	-1.2449
301	5	-1.2231	-1.2881	-1.1581
301	6	-1.1429	-1.219	-1.0668
302	1	0.1363	-0.3982	0.6708
302	2	0.1745	-0.3307	0.6797
302	3	0.2127	-0.266	0.6913
302	4	0.2509	-0.2044	0.7061
302	5	0.289	-0.1467	0.7247
302	6	0.3272	-0.0931	0.7475
302	7	0.3654	-0.0443	0.7751
302	8	0.4036	-6e-04	0.8077
302	9	0.4418	0.0378	0.8457
302	10	0.4799	0.0708	0.889
302	11	0.5181	0.0988	0.9375
302	12	0.5563	0.1219	0.9907
302	13	0.5945	0.1408	1.0481
302	14	0.6327	0.156	1.1094
302	15	0.6709	0.1678	1.1739
302	16	0.709	0.177	1.2411
302	17	0.7472	0.1837	1.3107
303	1	-0.9499	-1.0307	-0.8691
303	2	-0.9806	-1.054	-0.9071
303	3	-1.0112	-1.0814	-0.941
303	4	-1.0419	-1.1135	-0.9703
303	5	-1.0726	-1.1498	-0.9953
303	6	-1.1032	-1.1897	-1.0167
304	1	-1.2377	-1.3074	-1.1681
304	2	-1.2114	-1.2786	-1.1443
304	3	-1.1851	-1.25	-1.1202
304	4	-1.1588	-1.2216	-1.0959
304	5	-1.1324	-1.1936	-1.0713
304	6	-1.1061	-1.1659	-1.0463
304	7	-1.0798	-1.1385	-1.0211
304	8	-1.0534	-1.1114	-0.9955
304	9	-1.0271	-1.0847	-0.9695
304	10	-1.0008	-1.0584	-0.9431
304	11	-0.9745	-1.0325	-0.9164
304	12	-0.9481	-1.0069	-0.8893
304	13	-0.9218	-0.9817	-0.8619
304	14	-0.8955	-0.9568	-0.8341
304	15	-0.8691	-0.9322	-0.806
304	16	-0.8428	-0.908	-0.7777
304	17	-0.8165	-0.8839	-0.749
305	1	-0.7541	-0.86	-0.6483
305	2	-0.7627	-0.8651	-0.6602
305	3	-0.7712	-0.8705	-0.6718
305	4	-0.7797	-0.8764	-0.683
305	5	-0.7882	-0.8826	-0.6937
305	6	-0.7967	-0.8894	-0.704
305	7	-0.8052	-0.8966	-0.7138
305	8	-0.8137	-0.9044	-0.7231
305	9	-0.8222	-0.9126	-0.7318
305	10	-0.8307	-0.9214	-0.74
305	11	-0.8393	-0.9308	-0.7477
305	12	-0.8478	-0.9406	-0.7549
305	13	-0.8563	-0.9509	-0.7616
305	14	-0.8648	-0.9617	-0.7679
305	15	-0.8733	-0.9729	-0.7737
305	16	-0.8818	-0.9845	-0.7791
305	17	-0.8903	-0.9965	-0.7841
306	1	-1.2078	-1.275	-1.1407
306	2	-1.1303	-1.1915	-1.0691
306	3	-1.0528	-1.1108	-0.9948
306	4	-0.9753	-1.0334	-0.9172
306	5	-0.8977	-0.9592	-0.8363
306	6	-0.8202	-0.8878	-0.7527
307	1	-0.6897	-0.8006	-0.5788
307	2	-0.71	-0.8119	-0.6081
307	3	-0.7303	-0.8281	-0.6324
307	4	-0.7506	-0.8501	-0.651
307	5	-0.7709	-0.8774	-0.6643
307	6	-0.7912	-0.9089	-0.6735
308	1	-0.8615	-1.0686	-0.6544
308	2	-0.8305	-1.0232	-0.6379
308	3	-0.7995	-0.9843	-0.6148
308	4	-0.7686	-0.9528	-0.5844
308	5	-0.7376	-0.9287	-0.5466
308	6	-0.7066	-0.9113	-0.502
309	1	-1.1433	-1.2056	-1.0809
309	2	-1.1621	-1.2171	-1.107
309	3	-1.1809	-1.2326	-1.1292
309	4	-1.1997	-1.2528	-1.1465
309	5	-1.2185	-1.2775	-1.1595
309	6	-1.2373	-1.3054	-1.1692
310	1	-1.9573	-2.3849	-1.5297
310	2	-1.9169	-2.2526	-1.5811
310	3	-1.8764	-2.1406	-1.6123
310	4	-1.836	-2.0681	-1.604
310	5	-1.7956	-2.0507	-1.5406
310	6	-1.7552	-2.0766	-1.4338
311	1	-1.1223	-1.2605	-0.9841
311	2	-1.2094	-1.3285	-1.0903
311	3	-1.2964	-1.4099	-1.1829
311	4	-1.3835	-1.5067	-1.2602
311	5	-1.4706	-1.6159	-1.3252
311	6	-1.5576	-1.7327	-1.3825
312	1	-0.8608	-1.1058	-0.6159
312	2	-0.8414	-1.0608	-0.622
312	3	-0.8219	-1.0322	-0.6117
312	4	-0.8025	-1.022	-0.5829
312	5	-0.783	-1.0283	-0.5378
312	6	-0.7636	-1.0465	-0.4806
313	1	-0.3655	-0.4152	-0.3157
313	2	-0.4008	-0.4489	-0.3527
313	3	-0.4362	-0.4836	-0.3887
313	4	-0.4715	-0.5194	-0.4236
313	5	-0.5069	-0.5562	-0.4575
313	6	-0.5422	-0.594	-0.4905
314	1	-1.7082	-2.1196	-1.2969
314	2	-1.5879	-1.9815	-1.1942
314	3	-1.4675	-1.8442	-1.0907
314	4	-1.3471	-1.708	-0.9862
314	5	-1.2267	-1.573	-0.8804
314	6	-1.1063	-1.4393	-0.7733
314	7	-0.986	-1.3072	-0.6647
314	8	-0.8656	-1.1767	-0.5545
314	9	-0.7452	-1.0481	-0.4423
314	10	-0.6248	-0.9216	-0.3281
314	11	-0.5045	-0.7972	-0.2118
314	12	-0.3841	-0.675	-0.0932
314	13	-0.2637	-0.5551	0.0277
314	14	-0.1433	-0.4375	0.1508
314	15	-0.023	-0.3221	0.2761
314	16	0.0974	-0.2087	0.4035
314	17	0.2178	-0.0972	0.5328
315	1	0.0939	-0.3891	0.5768
315	2	0.1892	-0.2792	0.6575
315	3	0.2845	-0.1706	0.7396
315	4	0.3798	-0.0634	0.8231
315	5	0.4752	0.0422	0.9081
315	6	0.5705	0.1461	0.9948
315	7	0.6658	0.2483	1.0833
315	8	0.7611	0.3486	1.1737
315	9	0.8565	0.447	1.2659
315	10	0.9518	0.5434	1.3601
315	11	1.0471	0.6379	1.4563
315	12	1.1424	0.7304	1.5544
315	13	1.2378	0.821	1.6545
315	14	1.3331	0.9098	1.7564
315	15	1.4284	0.9967	1.8601
315	16	1.5237	1.082	1.9655
315	17	1.6191	1.1657	2.0724
316	1	-0.0904	-0.2114	0.0307
316	2	-0.1018	-0.219	0.0155
316	3	-0.1132	-0.2271	8e-04
316	4	-0.1245	-0.2356	-0.0135
316	5	-0.1359	-0.2447	-0.0271
316	6	-0.1473	-0.2545	-0.0402
316	7	-0.1587	-0.2648	-0.0526
316	8	-0.1701	-0.2758	-0.0644
316	9	-0.1815	-0.2874	-0.0756
316	10	-0.1929	-0.2997	-0.0861
316	11	-0.2043	-0.3126	-0.096
316	12	-0.2157	-0.3261	-0.1052
316	13	-0.227	-0.3401	-0.114
316	14	-0.2384	-0.3547	-0.1221
316	15	-0.2498	-0.3698	-0.1298
316	16	-0.2612	-0.3854	-0.1371
316	17	-0.2726	-0.4013	-0.1439
317	1	-0.8333	-1.1084	-0.5581
317	2	-0.8453	-1.1062	-0.5845
317	3	-0.8574	-1.1052	-0.6096
317	4	-0.8695	-1.1058	-0.6332
317	5	-0.8816	-1.1081	-0.6551
317	6	-0.8937	-1.1123	-0.675
317	7	-0.9057	-1.1188	-0.6927
317	8	-0.9178	-1.1277	-0.7079
317	9	-0.9299	-1.1391	-0.7207
317	10	-0.942	-1.1531	-0.7309
317	11	-0.9541	-1.1696	-0.7385
317	12	-0.9662	-1.1884	-0.7439
317	13	-0.9782	-1.2093	-0.7472
317	14	-0.9903	-1.2321	-0.7486
317	15	-1.0024	-1.2565	-0.7483
317	16	-1.0145	-1.2823	-0.7467
317	17	-1.0266	-1.3092	-0.7439
318	1	0.2195	0.1767	0.2623
318	2	0.1824	0.1403	0.2246
318	3	0.1453	0.1037	0.187
318	4	0.1082	0.067	0.1494
318	5	0.0711	0.0302	0.112
318	6	0.034	-0.0067	0.0747
318	7	-0.0031	-0.0437	0.0375
318	8	-0.0402	-0.0807	4e-04
318	9	-0.0773	-0.1179	-0.0366
318	10	-0.1144	-0.1553	-0.0735
318	11	-0.1515	-0.1927	-0.1103
318	12	-0.1886	-0.2302	-0.147
318	13	-0.2257	-0.2678	-0.1836
318	14	-0.2628	-0.3055	-0.2201
318	15	-0.2999	-0.3433	-0.2565
318	16	-0.337	-0.3812	-0.2928
318	17	-0.3741	-0.4191	-0.3291
319	1	-1.3244	-1.5952	-1.0536
319	2	-1.2161	-1.4422	-0.9901
319	3	-1.1078	-1.309	-0.9067
319	4	-0.9995	-1.2031	-0.796
319	5	-0.8913	-1.1236	-0.6589
319	6	-0.783	-1.0625	-0.5034
320	1	-0.4768	-0.6687	-0.2849
320	2	-0.442	-0.621	-0.263
320	3	-0.4073	-0.5804	-0.2341
320	4	-0.3725	-0.5476	-0.1973
320	5	-0.3377	-0.5225	-0.1529
320	6	-0.3029	-0.5036	-0.1022
321	1	-0.9338	-0.9938	-0.8739
321	2	-0.9634	-1.0211	-0.9057
321	3	-0.993	-1.0486	-0.9373
321	4	-1.0225	-1.0765	-0.9685
321	5	-1.0521	-1.1048	-0.9994
321	6	-1.0817	-1.1334	-1.0299
321	7	-1.1112	-1.1624	-1.0601
321	8	-1.1408	-1.1918	-1.0898
321	9	-1.1704	-1.2216	-1.1192
321	10	-1.2	-1.2518	-1.1481
321	11	-1.2295	-1.2824	-1.1766
321	12	-1.2591	-1.3134	-1.2048
321	13	-1.2887	-1.3447	-1.2327
321	14	-1.3183	-1.3763	-1.2602
321	15	-1.3478	-1.4082	-1.2874
321	16	-1.3774	-1.4404	-1.3145
321	17	-1.407	-1.4727	-1.3412
322	1	0.3415	0.24	0.443
322	2	0.3699	0.2765	0.4634
322	3	0.3984	0.3091	0.4877
322	4	0.4268	0.3372	0.5164
322	5	0.4553	0.3609	0.5496
322	6	0.4837	0.3809	0.5865
323	1	-0.125	-0.1994	-0.0505
323	2	-0.1319	-0.2035	-0.0603
323	3	-0.1388	-0.2078	-0.0697
323	4	-0.1457	-0.2125	-0.0788
323	5	-0.1526	-0.2177	-0.0875
323	6	-0.1595	-0.2232	-0.0957
323	7	-0.1664	-0.2293	-0.1035
323	8	-0.1733	-0.2358	-0.1108
323	9	-0.1802	-0.2428	-0.1176
323	10	-0.1871	-0.2504	-0.1238
323	11	-0.194	-0.2584	-0.1296
323	12	-0.2009	-0.2668	-0.135
323	13	-0.2078	-0.2757	-0.1399
323	14	-0.2147	-0.285	-0.1444
323	15	-0.2216	-0.2947	-0.1485
323	16	-0.2285	-0.3046	-0.1524
323	17	-0.2354	-0.3148	-0.156
324	1	0.8277	0.7777	0.8778
324	2	0.8378	0.7891	0.8864
324	3	0.8478	0.7997	0.8959
324	4	0.8578	0.8094	0.9063
324	5	0.8679	0.8183	0.9174
324	6	0.8779	0.8264	0.9294
325	1	-1.2817	-1.4082	-1.1552
325	2	-1.2956	-1.4142	-1.1769
325	3	-1.3094	-1.4209	-1.198
325	4	-1.3233	-1.4284	-1.2182
325	5	-1.3371	-1.4368	-1.2374
325	6	-1.351	-1.4464	-1.2556
325	7	-1.3648	-1.4572	-1.2724
325	8	-1.3787	-1.4695	-1.2878
325	9	-1.3925	-1.4833	-1.3018
325	10	-1.4064	-1.4985	-1.3142
325	11	-1.4202	-1.5152	-1.3252
325	12	-1.4341	-1.5332	-1.3349
325	13	-1.4479	-1.5523	-1.3435
325	14	-1.4618	-1.5725	-1.3511
325	15	-1.4756	-1.5934	-1.3578
325	16	-1.4895	-1.6151	-1.3639
325	17	-1.5033	-1.6373	-1.3693
326	1	-1.4684	-1.6444	-1.2923
326	2	-1.4505	-1.6059	-1.2951
326	3	-1.4327	-1.5774	-1.288
326	4	-1.4148	-1.5611	-1.2686
326	5	-1.397	-1.5567	-1.2373
326	6	-1.3792	-1.5616	-1.1967
327	1	-1.5729	-1.9575	-1.1883
327	2	-1.5065	-1.8564	-1.1565
327	3	-1.44	-1.7694	-1.1106
327	4	-1.3736	-1.6996	-1.0476
327	5	-1.3071	-1.6475	-0.9668
327	6	-1.2407	-1.6107	-0.8706
328	1	-0.1867	-0.4956	0.1222
328	2	-0.399	-0.6919	-0.1062
328	3	-0.6114	-0.8999	-0.3228
328	4	-0.8237	-1.1202	-0.5272
328	5	-1.036	-1.3519	-0.7202
328	6	-1.2484	-1.593	-0.9038
329	1	-0.9809	-1.0472	-0.9146
329	2	-0.9484	-1.0091	-0.8877
329	3	-0.9159	-0.9738	-0.8579
329	4	-0.8834	-0.9419	-0.8248
329	5	-0.8509	-0.9132	-0.7885
329	6	-0.8184	-0.8872	-0.7495
330	1	-1.1793	-1.7184	-0.6402
330	2	-1.1163	-1.6292	-0.6033
330	3	-1.0532	-1.542	-0.5644
330	4	-0.9901	-1.4571	-0.5231
330	5	-0.9271	-1.3749	-0.4793
330	6	-0.864	-1.2956	-0.4324
330	7	-0.8009	-1.2197	-0.3821
330	8	-0.7379	-1.1475	-0.3282
330	9	-0.6748	-1.0792	-0.2703
330	10	-0.6117	-1.015	-0.2084
330	11	-0.5486	-0.9549	-0.1424
330	12	-0.4856	-0.8989	-0.0723
330	13	-0.4225	-0.8466	0.0016
330	14	-0.3594	-0.7979	0.079
330	15	-0.2964	-0.7523	0.1596
330	16	-0.2333	-0.7096	0.243
330	17	-0.1702	-0.6694	0.329
331	1	-0.874	-1.0857	-0.6622
331	2	-0.8632	-1.0691	-0.6574
331	3	-0.8525	-1.053	-0.652
331	4	-0.8418	-1.0376	-0.646
331	5	-0.8311	-1.0229	-0.6392
331	6	-0.8204	-1.0089	-0.6318
331	7	-0.8096	-0.9956	-0.6236
331	8	-0.7989	-0.9832	-0.6146
331	9	-0.7882	-0.9715	-0.6049
331	10	-0.7775	-0.9607	-0.5942
331	11	-0.7667	-0.9507	-0.5828
331	12	-0.756	-0.9415	-0.5706
331	13	-0.7453	-0.9331	-0.5575
331	14	-0.7346	-0.9255	-0.5437
331	15	-0.7239	-0.9186	-0.5291
331	16	-0.7131	-0.9124	-0.5139
331	17	-0.7024	-0.9068	-0.498
332	1	-1.5374	-1.8317	-1.2431
332	2	-1.5459	-1.8194	-1.2724
332	3	-1.5545	-1.8085	-1.3005
332	4	-1.563	-1.7991	-1.3269
332	5	-1.5715	-1.7918	-1.3513
332	6	-1.5801	-1.7869	-1.3733
332	7	-1.5886	-1.785	-1.3922
332	8	-1.5972	-1.7866	-1.4077
332	9	-1.6057	-1.7921	-1.4193
332	10	-1.6142	-1.8016	-1.4269
332	11	-1.6228	-1.8151	-1.4305
332	12	-1.6313	-1.8323	-1.4304
332	13	-1.6399	-1.8527	-1.427
332	14	-1.6484	-1.8759	-1.4209
332	15	-1.657	-1.9014	-1.4126
332	16	-1.6655	-1.9286	-1.4024
332	17	-1.674	-1.9573	-1.3908
333	1	-1.4764	-1.6599	-1.2929
333	2	-1.4702	-1.6453	-1.2951
333	3	-1.464	-1.6315	-1.2964
333	4	-1.4577	-1.6185	-1.2969
333	5	-1.4515	-1.6066	-1.2964
333	6	-1.4453	-1.5957	-1.2948
333	7	-1.439	-1.5861	-1.292
333	8	-1.4328	-1.5777	-1.2879
333	9	-1.4266	-1.5707	-1.2824
333	10	-1.4203	-1.5651	-1.2756
333	11	-1.4141	-1.5608	-1.2674
333	12	-1.4078	-1.5578	-1.2579
333	13	-1.4016	-1.556	-1.2472
333	14	-1.3954	-1.5554	-1.2354
333	15	-1.3891	-1.5557	-1.2225
333	16	-1.3829	-1.557	-1.2088
333	17	-1.3767	-1.559	-1.1943
334	1	-1.2498	-1.3946	-1.1049
334	2	-1.3357	-1.4701	-1.2013
334	3	-1.4217	-1.5472	-1.2962
334	4	-1.5077	-1.6261	-1.3892
334	5	-1.5936	-1.7074	-1.4799
334	6	-1.6796	-1.7912	-1.568
334	7	-1.7655	-1.8776	-1.6534
334	8	-1.8515	-1.9668	-1.7362
334	9	-1.9374	-2.0584	-1.8165
334	10	-2.0234	-2.1521	-1.8947
334	11	-2.1094	-2.2477	-1.9711
334	12	-2.1953	-2.3446	-2.046
334	13	-2.2813	-2.4427	-2.1199
334	14	-2.3672	-2.5417	-2.1928
334	15	-2.4532	-2.6414	-2.265
334	16	-2.5391	-2.7417	-2.3366
334	17	-2.6251	-2.8424	-2.4078
335	1	-0.9536	-1.4881	-0.4191
335	2	-0.8381	-1.3421	-0.3341
335	3	-0.7226	-1.1988	-0.2463
335	4	-0.6071	-1.0589	-0.1552
335	5	-0.4916	-0.9229	-0.0602
335	6	-0.3761	-0.7914	0.0392
335	7	-0.2605	-0.6648	0.1437
335	8	-0.145	-0.5436	0.2535
335	9	-0.0295	-0.4281	0.3691
335	10	0.086	-0.3183	0.4903
335	11	0.2015	-0.214	0.617
335	12	0.317	-0.1147	0.7487
335	13	0.4325	-0.0198	0.8849
335	14	0.548	0.0711	1.025
335	15	0.6635	0.1587	1.1684
335	16	0.7791	0.2436	1.3146
335	17	0.8946	0.326	1.4631
336	1	-0.7899	-0.9153	-0.6645
336	2	-0.8183	-0.94	-0.6967
336	3	-0.8467	-0.9652	-0.7283
336	4	-0.8751	-0.9908	-0.7595
336	5	-0.9035	-1.017	-0.7901
336	6	-0.9319	-1.0437	-0.8201
336	7	-0.9603	-1.0711	-0.8496
336	8	-0.9887	-1.099	-0.8784
336	9	-1.0171	-1.1277	-0.9065
336	10	-1.0455	-1.1569	-0.9341
336	11	-1.0739	-1.1868	-0.961
336	12	-1.1023	-1.2172	-0.9874
336	13	-1.1307	-1.2482	-1.0131
336	14	-1.1591	-1.2798	-1.0384
336	15	-1.1875	-1.3118	-1.0632
336	16	-1.2159	-1.3442	-1.0876
336	17	-1.2443	-1.377	-1.1115
337	1	0.6543	-0.3041	1.6126
337	2	0.6947	-0.2014	1.5907
337	3	0.7351	-0.0997	1.5698
337	4	0.7755	7e-04	1.5502
337	5	0.8159	0.0994	1.5323
337	6	0.8563	0.196	1.5165
337	7	0.8967	0.29	1.5034
337	8	0.9371	0.3806	1.4937
337	9	0.9775	0.4667	1.4883
337	10	1.0179	0.5472	1.4886
337	11	1.0583	0.6206	1.496
337	12	1.0987	0.6854	1.512
337	13	1.1391	0.7401	1.5382
337	14	1.1795	0.7835	1.5755
337	15	1.2199	0.8152	1.6246
337	16	1.2603	0.8357	1.6848
337	17	1.3007	0.8464	1.755
338	1	0.1699	-0.3362	0.6761
338	2	0.2892	-0.1494	0.7278
338	3	0.4084	7e-04	0.8162
338	4	0.5277	0.106	0.9494
338	5	0.647	0.1706	1.1234
338	6	0.7663	0.2062	1.3263
339	1	-2.996	-3.5115	-2.4805
339	2	-2.8324	-3.3172	-2.3476
339	3	-2.6688	-3.1237	-2.2138
339	4	-2.5052	-2.9314	-2.0789
339	5	-2.3416	-2.7405	-1.9426
339	6	-2.1779	-2.5512	-1.8046
339	7	-2.0143	-2.364	-1.6646
339	8	-1.8507	-2.1793	-1.5221
339	9	-1.6871	-1.9975	-1.3766
339	10	-1.5235	-1.8193	-1.2276
339	11	-1.3598	-1.6452	-1.0745
339	12	-1.1962	-1.4755	-0.9169
339	13	-1.0326	-1.3107	-0.7545
339	14	-0.869	-1.1507	-0.5873
339	15	-0.7054	-0.9954	-0.4153
339	16	-0.5418	-0.8444	-0.2391
339	17	-0.3781	-0.6972	-0.0591
340	1	-1.4624	-1.5396	-1.3852
340	2	-1.4113	-1.4798	-1.3427
340	3	-1.3601	-1.4244	-1.2958
340	4	-1.3089	-1.3741	-1.2437
340	5	-1.2577	-1.3289	-1.1865
340	6	-1.2065	-1.2875	-1.1255
341	1	0.1085	0.011	0.2059
341	2	0.0835	-0.0115	0.1785
341	3	0.0585	-0.0344	0.1514
341	4	0.0335	-0.0576	0.1246
341	5	0.0085	-0.0812	0.0981
341	6	-0.0165	-0.1051	0.072
341	7	-0.0415	-0.1294	0.0464
341	8	-0.0665	-0.1542	0.0211
341	9	-0.0916	-0.1793	-0.0038
341	10	-0.1166	-0.2048	-0.0283
341	11	-0.1416	-0.2307	-0.0525
341	12	-0.1666	-0.2569	-0.0762
341	13	-0.1916	-0.2836	-0.0996
341	14	-0.2166	-0.3105	-0.1226
341	15	-0.2416	-0.3378	-0.1453
341	16	-0.2666	-0.3654	-0.1677
341	17	-0.2916	-0.3933	-0.1899
342	1	-0.3474	-0.4897	-0.205
342	2	-0.3974	-0.5335	-0.2614
342	3	-0.4475	-0.5779	-0.317
342	4	-0.4975	-0.6231	-0.3719
342	5	-0.5475	-0.6692	-0.4259
342	6	-0.5976	-0.7162	-0.4789
342	7	-0.6476	-0.7643	-0.5309
342	8	-0.6977	-0.8135	-0.5818
342	9	-0.7477	-0.8639	-0.6316
342	10	-0.7978	-0.9153	-0.6802
342	11	-0.8478	-0.9678	-0.7278
342	12	-0.8978	-1.0214	-0.7743
342	13	-0.9479	-1.0758	-0.8199
342	14	-0.9979	-1.1311	-0.8647
342	15	-1.048	-1.1872	-0.9087
342	16	-1.098	-1.2439	-0.9521
342	17	-1.1481	-1.3011	-0.995
343	1	-1.1348	-1.5463	-0.7233
343	2	-1.1238	-1.5136	-0.7339
343	3	-1.1127	-1.4824	-0.743
343	4	-1.1016	-1.453	-0.7502
343	5	-1.0906	-1.4257	-0.7554
343	6	-1.0795	-1.4008	-0.7582
343	7	-1.0684	-1.3787	-0.7582
343	8	-1.0574	-1.3595	-0.7552
343	9	-1.0463	-1.3437	-0.7489
343	10	-1.0353	-1.3313	-0.7392
343	11	-1.0242	-1.3225	-0.7259
343	12	-1.0131	-1.317	-0.7092
343	13	-1.0021	-1.3148	-0.6893
343	14	-0.991	-1.3156	-0.6664
343	15	-0.9799	-1.319	-0.6408
343	16	-0.9689	-1.3248	-0.613
343	17	-0.9578	-1.3325	-0.5831
344	1	-0.5969	-0.7477	-0.446
344	2	-0.7764	-0.9116	-0.6413
344	3	-0.956	-1.0885	-0.8236
344	4	-1.1356	-1.279	-0.9922
344	5	-1.3151	-1.4805	-1.1498
344	6	-1.4947	-1.6892	-1.3002
345	1	-0.6415	-0.6914	-0.5915
345	2	-0.632	-0.6806	-0.5834
345	3	-0.6225	-0.67	-0.5751
345	4	-0.6131	-0.6595	-0.5667
345	5	-0.6036	-0.6492	-0.5581
345	6	-0.5942	-0.6391	-0.5492
345	7	-0.5847	-0.6292	-0.5402
345	8	-0.5753	-0.6195	-0.531
345	9	-0.5658	-0.61	-0.5216
345	10	-0.5563	-0.6007	-0.512
345	11	-0.5469	-0.5916	-0.5022
345	12	-0.5374	-0.5827	-0.4922
345	13	-0.528	-0.574	-0.482
345	14	-0.5185	-0.5654	-0.4716
345	15	-0.5091	-0.5571	-0.4611
345	16	-0.4996	-0.5489	-0.4504
345	17	-0.4902	-0.5408	-0.4395
346	1	-1.1242	-1.5274	-0.7211
346	2	-1.0932	-1.4392	-0.7472
346	3	-1.0622	-1.3709	-0.7534
346	4	-1.0311	-1.3303	-0.7319
346	5	-1.0001	-1.3199	-0.6802
346	6	-0.969	-1.3345	-0.6035
347	1	-0.8974	-1.1958	-0.5991
347	2	-0.8697	-1.1187	-0.6207
347	3	-0.842	-1.0652	-0.6189
347	4	-0.8143	-1.043	-0.5856
347	5	-0.7866	-1.0503	-0.5229
347	6	-0.7589	-1.0777	-0.4401
348	1	-1.3104	-1.9564	-0.6644
348	2	-1.2465	-1.8655	-0.6275
348	3	-1.1826	-1.777	-0.5882
348	4	-1.1187	-1.6912	-0.5463
348	5	-1.0549	-1.6084	-0.5013
348	6	-0.991	-1.5289	-0.453
348	7	-0.9271	-1.4531	-0.4011
348	8	-0.8632	-1.381	-0.3454
348	9	-0.7993	-1.3131	-0.2856
348	10	-0.7354	-1.2492	-0.2216
348	11	-0.6715	-1.1895	-0.1536
348	12	-0.6077	-1.1338	-0.0815
348	13	-0.5438	-1.082	-0.0055
348	14	-0.4799	-1.0338	0.074
348	15	-0.416	-0.9889	0.1568
348	16	-0.3521	-0.9469	0.2427
348	17	-0.2882	-0.9077	0.3312
349	1	0.2017	-0.2637	0.6671
349	2	0.4757	0.0476	0.9037
349	3	0.7496	0.3441	1.1551
349	4	1.0235	0.6234	1.4237
349	5	1.2975	0.8849	1.7101
349	6	1.5714	1.13	2.0128
350	1	-1.6932	-1.7979	-1.5884
350	2	-1.6651	-1.7647	-1.5655
350	3	-1.6371	-1.732	-1.5422
350	4	-1.609	-1.6997	-1.5184
350	5	-1.581	-1.668	-1.4941
350	6	-1.553	-1.6368	-1.4691
350	7	-1.5249	-1.6064	-1.4434
350	8	-1.4969	-1.5768	-1.417
350	9	-1.4689	-1.5479	-1.3898
350	10	-1.4408	-1.5199	-1.3618
350	11	-1.4128	-1.4927	-1.3329
350	12	-1.3848	-1.4663	-1.3032
350	13	-1.3567	-1.4406	-1.2728
350	14	-1.3287	-1.4157	-1.2417
350	15	-1.3006	-1.3913	-1.21
350	16	-1.2726	-1.3675	-1.1777
350	17	-1.2446	-1.3442	-1.1449
351	1	0.6182	0.5506	0.6858
351	2	0.5474	0.4823	0.6126
351	3	0.4767	0.4124	0.541
351	4	0.4059	0.3407	0.4712
351	5	0.3352	0.2675	0.4029
351	6	0.2644	0.1927	0.3362
352	1	-1.964	-2.0989	-1.8291
352	2	-1.8933	-2.0086	-1.778
352	3	-1.8226	-1.9272	-1.7181
352	4	-1.7519	-1.8573	-1.6466
352	5	-1.6813	-1.7988	-1.5637
352	6	-1.6106	-1.7486	-1.4725
353	1	-0.7875	-0.962	-0.613
353	2	-0.774	-0.9304	-0.6175
353	3	-0.7605	-0.9094	-0.6116
353	4	-0.747	-0.9005	-0.5935
353	5	-0.7335	-0.9027	-0.5643
353	6	-0.72	-0.9133	-0.5267
354	1	-0.6042	-0.8869	-0.3216
354	2	-0.6089	-0.8634	-0.3543
354	3	-0.6135	-0.8549	-0.3722
354	4	-0.6182	-0.8636	-0.3728
354	5	-0.6228	-0.8887	-0.3569
354	6	-0.6274	-0.927	-0.3278
355	1	-0.6963	-0.751	-0.6415
355	2	-0.7131	-0.7658	-0.6603
355	3	-0.7299	-0.781	-0.6789
355	4	-0.7468	-0.7964	-0.6972
355	5	-0.7636	-0.812	-0.7152
355	6	-0.7805	-0.828	-0.733
355	7	-0.7973	-0.8443	-0.7504
355	8	-0.8142	-0.8609	-0.7675
355	9	-0.831	-0.8778	-0.7842
355	10	-0.8479	-0.8951	-0.8006
355	11	-0.8647	-0.9127	-0.8167
355	12	-0.8815	-0.9306	-0.8325
355	13	-0.8984	-0.9488	-0.848
355	14	-0.9152	-0.9673	-0.8632
355	15	-0.9321	-0.986	-0.8782
355	16	-0.9489	-1.0049	-0.893
355	17	-0.9658	-1.024	-0.9075
356	1	0.1973	0.1042	0.2903
356	2	-0.0481	-0.1369	0.0407
356	3	-0.2935	-0.3812	-0.2058
356	4	-0.5389	-0.6289	-0.4489
356	5	-0.7843	-0.8796	-0.6889
356	6	-1.0297	-1.133	-0.9264
357	1	-0.9563	-1.0141	-0.8985
357	2	-1.0479	-1.1006	-0.9952
357	3	-1.1395	-1.1904	-1.0886
357	4	-1.2311	-1.284	-1.1783
357	5	-1.3227	-1.3808	-1.2647
357	6	-1.4143	-1.4801	-1.3485
358	1	-0.8295	-0.902	-0.7569
358	2	-0.8404	-0.9097	-0.7711
358	3	-0.8513	-0.9192	-0.7834
358	4	-0.8622	-0.9308	-0.7936
358	5	-0.8731	-0.9444	-0.8018
358	6	-0.884	-0.9598	-0.8082
359	1	-1.5729	-1.6511	-1.4947
359	2	-1.5457	-1.6197	-1.4718
359	3	-1.5186	-1.5886	-1.4485
359	4	-1.4914	-1.5579	-1.4249
359	5	-1.4643	-1.5277	-1.4008
359	6	-1.4371	-1.498	-1.3762
359	7	-1.4099	-1.469	-1.3509
359	8	-1.3828	-1.4406	-1.325
359	9	-1.3556	-1.4128	-1.2984
359	10	-1.3285	-1.3859	-1.2711
359	11	-1.3013	-1.3596	-1.2431
359	12	-1.2742	-1.334	-1.2143
359	13	-1.247	-1.3091	-1.185
359	14	-1.2199	-1.2847	-1.1551
359	15	-1.1927	-1.2608	-1.1246
359	16	-1.1656	-1.2374	-1.0938
359	17	-1.1384	-1.2143	-1.0625
360	1	-0.1766	-0.6698	0.3166
360	2	-0.2125	-0.6883	0.2633
360	3	-0.2483	-0.7084	0.2117
360	4	-0.2842	-0.7304	0.162
360	5	-0.3201	-0.7545	0.1144
360	6	-0.3559	-0.7809	0.069
360	7	-0.3918	-0.8096	0.026
360	8	-0.4277	-0.8409	-0.0145
360	9	-0.4636	-0.8747	-0.0524
360	10	-0.4994	-0.9112	-0.0877
360	11	-0.5353	-0.9503	-0.1203
360	12	-0.5712	-0.9919	-0.1504
360	13	-0.607	-1.036	-0.178
360	14	-0.6429	-1.0825	-0.2034
360	15	-0.6788	-1.131	-0.2265
360	16	-0.7146	-1.1816	-0.2477
360	17	-0.7505	-1.234	-0.267
361	1	-1.9984	-2.1411	-1.8556
361	2	-1.9735	-2.1083	-1.8387
361	3	-1.9486	-2.0762	-1.8211
361	4	-1.9238	-2.0447	-1.8028
361	5	-1.8989	-2.0142	-1.7837
361	6	-1.8741	-1.9846	-1.7636
361	7	-1.8492	-1.9561	-1.7423
361	8	-1.8243	-1.9288	-1.7199
361	9	-1.7995	-1.9029	-1.6961
361	10	-1.7746	-1.8783	-1.671
361	11	-1.7498	-1.8551	-1.6445
361	12	-1.7249	-1.8331	-1.6167
361	13	-1.7001	-1.8123	-1.5878
361	14	-1.6752	-1.7926	-1.5578
361	15	-1.6503	-1.7738	-1.5269
361	16	-1.6255	-1.7559	-1.4951
361	17	-1.6006	-1.7385	-1.4627
362	1	-0.9942	-1.259	-0.7294
362	2	-1.0624	-1.3077	-0.817
362	3	-1.1305	-1.3592	-0.9019
362	4	-1.1987	-1.414	-0.9833
362	5	-1.2668	-1.473	-1.0607
362	6	-1.335	-1.5366	-1.1334
362	7	-1.4031	-1.6051	-1.2012
362	8	-1.4713	-1.6785	-1.264
362	9	-1.5394	-1.7566	-1.3223
362	10	-1.6076	-1.8386	-1.3766
362	11	-1.6758	-1.9239	-1.4276
362	12	-1.7439	-2.0119	-1.4759
362	13	-1.8121	-2.1021	-1.5221
362	14	-1.8802	-2.1939	-1.5665
362	15	-1.9484	-2.2871	-1.6097
362	16	-2.0165	-2.3813	-1.6517
362	17	-2.0847	-2.4764	-1.693
363	1	0.6978	0.3569	1.0387
363	2	0.5126	0.2048	0.8203
363	3	0.3273	0.037	0.6176
363	4	0.1421	-0.1493	0.4335
363	5	-0.0431	-0.3539	0.2677
363	6	-0.2283	-0.5737	0.117
364	1	-1.0923	-1.1716	-1.013
364	2	-1.0569	-1.1273	-0.9866
364	3	-1.0216	-1.0873	-0.9558
364	4	-0.9862	-1.0525	-0.9199
364	5	-0.9508	-1.0228	-0.8788
364	6	-0.9154	-0.9971	-0.8337
365	1	-1.312	-1.5767	-1.0473
365	2	-1.1766	-1.4023	-0.9509
365	3	-1.0412	-1.2601	-0.8223
365	4	-0.9058	-1.1528	-0.6587
365	5	-0.7704	-1.0708	-0.4699
365	6	-0.635	-1.0032	-0.2667
366	1	-1.1131	-1.2619	-0.9642
366	2	-1.1396	-1.2798	-0.9994
366	3	-1.1662	-1.2986	-1.0337
366	4	-1.1927	-1.3186	-1.0668
366	5	-1.2192	-1.3399	-1.0986
366	6	-1.2458	-1.3626	-1.1289
366	7	-1.2723	-1.387	-1.1576
366	8	-1.2989	-1.4131	-1.1846
366	9	-1.3254	-1.441	-1.2098
366	10	-1.352	-1.4705	-1.2334
366	11	-1.3785	-1.5016	-1.2554
366	12	-1.405	-1.5341	-1.2759
366	13	-1.4316	-1.5679	-1.2953
366	14	-1.4581	-1.6026	-1.3137
366	15	-1.4847	-1.6382	-1.3311
366	16	-1.5112	-1.6746	-1.3479
366	17	-1.5378	-1.7115	-1.364
367	1	-0.9529	-1.0631	-0.8427
367	2	-0.962	-1.0689	-0.8552
367	3	-0.9712	-1.075	-0.8673
367	4	-0.9803	-1.0816	-0.879
367	5	-0.9894	-1.0886	-0.8903
367	6	-0.9986	-1.0961	-0.9011
367	7	-1.0077	-1.1041	-0.9113
367	8	-1.0168	-1.1126	-0.9211
367	9	-1.026	-1.1217	-0.9302
367	10	-1.0351	-1.1314	-0.9389
367	11	-1.0442	-1.1415	-0.947
367	12	-1.0534	-1.1522	-0.9546
367	13	-1.0625	-1.1634	-0.9617
367	14	-1.0717	-1.175	-0.9683
367	15	-1.0808	-1.187	-0.9746
367	16	-1.0899	-1.1994	-0.9805
367	17	-1.0991	-1.2121	-0.986
368	1	-0.1772	-0.6558	0.3014
368	2	-0.2945	-0.7322	0.1432
368	3	-0.4118	-0.8286	0.0051
368	4	-0.529	-0.9479	-0.1101
368	5	-0.6463	-1.0899	-0.2026
368	6	-0.7636	-1.2511	-0.276
369	1	-1.3246	-1.7566	-0.8927
369	2	-1.117	-1.5011	-0.7328
369	3	-0.9093	-1.2751	-0.5435
369	4	-0.7016	-1.0828	-0.3204
369	5	-0.494	-0.9207	-0.0673
369	6	-0.2863	-0.7804	0.2078
370	1	-1.5976	-1.9982	-1.197
370	2	-1.5744	-1.9611	-1.1878
370	3	-1.5512	-1.9252	-1.1773
370	4	-1.5281	-1.8906	-1.1656
370	5	-1.5049	-1.8574	-1.1524
370	6	-1.4817	-1.8258	-1.1376
370	7	-1.4585	-1.7959	-1.1211
370	8	-1.4353	-1.7679	-1.1027
370	9	-1.4121	-1.7418	-1.0825
370	10	-1.389	-1.7177	-1.0602
370	11	-1.3658	-1.6956	-1.036
370	12	-1.3426	-1.6755	-1.0097
370	13	-1.3194	-1.6573	-0.9816
370	14	-1.2962	-1.6409	-0.9516
370	15	-1.273	-1.6262	-0.9199
370	16	-1.2498	-1.6131	-0.8866
370	17	-1.2267	-1.6014	-0.8519
371	1	-0.8072	-0.9319	-0.6826
371	2	-0.8936	-1.01	-0.7772
371	3	-0.9799	-1.0932	-0.8667
371	4	-1.0663	-1.1819	-0.9506
371	5	-1.1526	-1.2759	-1.0294
371	6	-1.239	-1.3741	-1.1039
372	1	-1.373	-1.8171	-0.9289
372	2	-1.3062	-1.7304	-0.8819
372	3	-1.2394	-1.646	-0.8327
372	4	-1.1725	-1.5641	-0.781
372	5	-1.1057	-1.4851	-0.7263
372	6	-1.0389	-1.4093	-0.6685
372	7	-0.9721	-1.3368	-0.6073
372	8	-0.9052	-1.2679	-0.5426
372	9	-0.8384	-1.2025	-0.4743
372	10	-0.7716	-1.1407	-0.4024
372	11	-0.7048	-1.0824	-0.3272
372	12	-0.6379	-1.0272	-0.2487
372	13	-0.5711	-0.9749	-0.1673
372	14	-0.5043	-0.9253	-0.0833
372	15	-0.4375	-0.878	0.003
372	16	-0.3707	-0.8327	0.0914
372	17	-0.3038	-0.7892	0.1815
373	1	-1.2818	-1.4489	-1.1147
373	2	-1.3101	-1.4668	-1.1534
373	3	-1.3383	-1.4856	-1.191
373	4	-1.3666	-1.5056	-1.2275
373	5	-1.3948	-1.527	-1.2627
373	6	-1.4231	-1.55	-1.2962
373	7	-1.4513	-1.5747	-1.3278
373	8	-1.4795	-1.6015	-1.3576
373	9	-1.5078	-1.6303	-1.3852
373	10	-1.536	-1.6611	-1.4109
373	11	-1.5643	-1.6938	-1.4347
373	12	-1.5925	-1.7283	-1.4568
373	13	-1.6207	-1.7642	-1.4773
373	14	-1.649	-1.8013	-1.4967
373	15	-1.6772	-1.8395	-1.5149
373	16	-1.7055	-1.8786	-1.5323
373	17	-1.7337	-1.9185	-1.549
374	1	-1.6679	-1.7682	-1.5677
374	2	-1.583	-1.6705	-1.4955
374	3	-1.498	-1.5783	-1.4177
374	4	-1.413	-1.4932	-1.3328
374	5	-1.328	-1.4152	-1.2409
374	6	-1.2431	-1.3428	-1.1433
375	1	0.6367	0.5679	0.7055
375	2	0.6134	0.5458	0.6811
375	3	0.5902	0.5235	0.6569
375	4	0.5669	0.501	0.6328
375	5	0.5437	0.4783	0.609
375	6	0.5204	0.4555	0.5853
375	7	0.4971	0.4325	0.5617
375	8	0.4739	0.4093	0.5384
375	9	0.4506	0.3859	0.5153
375	10	0.4273	0.3623	0.4923
375	11	0.4041	0.3386	0.4696
375	12	0.3808	0.3146	0.447
375	13	0.3575	0.2905	0.4246
375	14	0.3343	0.2662	0.4024
375	15	0.311	0.2417	0.3803
375	16	0.2877	0.2171	0.3584
375	17	0.2645	0.1924	0.3366
376	1	-1.0159	-1.6054	-0.4263
376	2	-1.0426	-1.5949	-0.4902
376	3	-1.0693	-1.587	-0.5516
376	4	-1.096	-1.5821	-0.6098
376	5	-1.1227	-1.581	-0.6643
376	6	-1.1494	-1.5843	-0.7144
376	7	-1.1761	-1.5929	-0.7592
376	8	-1.2028	-1.6074	-0.7982
376	9	-1.2295	-1.6283	-0.8306
376	10	-1.2562	-1.6559	-0.8564
376	11	-1.2829	-1.6902	-0.8755
376	12	-1.3096	-1.7308	-0.8883
376	13	-1.3363	-1.7771	-0.8954
376	14	-1.363	-1.8285	-0.8975
376	15	-1.3897	-1.8841	-0.8953
376	16	-1.4164	-1.9432	-0.8895
376	17	-1.4431	-2.0053	-0.8808
377	1	-1.7858	-2.0333	-1.5384
377	2	-1.7753	-2.013	-1.5377
377	3	-1.7648	-1.9936	-1.5361
377	4	-1.7543	-1.9752	-1.5335
377	5	-1.7439	-1.9581	-1.5297
377	6	-1.7334	-1.9422	-1.5246
377	7	-1.7229	-1.9276	-1.5181
377	8	-1.7124	-1.9146	-1.5101
377	9	-1.7019	-1.9032	-1.5006
377	10	-1.6914	-1.8933	-1.4894
377	11	-1.6809	-1.885	-1.4768
377	12	-1.6704	-1.8783	-1.4625
377	13	-1.6599	-1.8729	-1.4469
377	14	-1.6494	-1.8689	-1.43
377	15	-1.6389	-1.866	-1.4118
377	16	-1.6284	-1.8643	-1.3926
377	17	-1.6179	-1.8634	-1.3725
378	1	-1.5875	-1.6884	-1.4865
378	2	-1.5457	-1.6337	-1.4576
378	3	-1.5039	-1.5854	-1.4223
378	4	-1.4621	-1.545	-1.3792
378	5	-1.4203	-1.5121	-1.3285
378	6	-1.3785	-1.4848	-1.2722
379	1	-0.3921	-0.9347	0.1506
379	2	-0.3775	-0.8574	0.1025
379	3	-0.3628	-0.8286	0.1029
379	4	-0.3482	-0.8523	0.1558
379	5	-0.3336	-0.9183	0.2511
379	6	-0.319	-1.0122	0.3742
380	1	-0.5347	-0.6942	-0.3752
380	2	-0.5957	-0.7477	-0.4436
380	3	-0.6567	-0.8024	-0.5111
380	4	-0.7177	-0.8582	-0.5773
380	5	-0.7788	-0.9154	-0.6421
380	6	-0.8398	-0.9741	-0.7054
380	7	-0.9008	-1.0344	-0.7672
380	8	-0.9618	-1.0962	-0.8275
380	9	-1.0228	-1.1595	-0.8861
380	10	-1.0839	-1.2244	-0.9433
380	11	-1.1449	-1.2906	-0.9991
380	12	-1.2059	-1.358	-1.0538
380	13	-1.2669	-1.4265	-1.1073
380	14	-1.3279	-1.496	-1.1599
380	15	-1.389	-1.5662	-1.2117
380	16	-1.45	-1.6371	-1.2628
380	17	-1.511	-1.7086	-1.3134
381	1	-1.4593	-1.6741	-1.2444
381	2	-1.4648	-1.657	-1.2727
381	3	-1.4704	-1.6507	-1.2901
381	4	-1.4759	-1.6574	-1.2944
381	5	-1.4815	-1.6769	-1.286
381	6	-1.487	-1.7068	-1.2672
382	1	-0.739	-0.8527	-0.6253
382	2	-0.8042	-0.9147	-0.6937
382	3	-0.8693	-0.9788	-0.7599
382	4	-0.9345	-1.0452	-0.8239
382	5	-0.9997	-1.1137	-0.8857
382	6	-1.0649	-1.1843	-0.9456
383	1	-1.2935	-1.4122	-1.1749
383	2	-1.3361	-1.4357	-1.2365
383	3	-1.3787	-1.4695	-1.2879
383	4	-1.4213	-1.5163	-1.3263
383	5	-1.4639	-1.5747	-1.3531
383	6	-1.5065	-1.6406	-1.3723
384	1	-0.4193	-0.4731	-0.3655
384	2	-0.4095	-0.4625	-0.3566
384	3	-0.3998	-0.452	-0.3476
384	4	-0.3901	-0.4417	-0.3384
384	5	-0.3803	-0.4314	-0.3292
384	6	-0.3706	-0.4213	-0.3198
384	7	-0.3608	-0.4113	-0.3104
384	8	-0.3511	-0.4014	-0.3008
384	9	-0.3414	-0.3917	-0.291
384	10	-0.3316	-0.382	-0.2812
384	11	-0.3219	-0.3725	-0.2712
384	12	-0.3121	-0.3632	-0.2611
384	13	-0.3024	-0.3539	-0.2509
384	14	-0.2926	-0.3448	-0.2405
384	15	-0.2829	-0.3357	-0.2301
384	16	-0.2732	-0.3268	-0.2195
384	17	-0.2634	-0.318	-0.2089
