analysis	speciesgroup	composite	cycle	linear	family	status_fingerprint	status	waic
01244fd1b972d17a0f53e99ee67930199a2729f1	115	0	0	1	2	116c53078921fd567ae985d4688caed23d0c56ba	2	NA
016c588395889c0c19be280852aaba0f7c8bf637	28	0	1	0	5	5f31fae2a57077027837084c5bb8b06a1557b664	1	1356.28875806976
02650104e02b12a9a70a250a6b9d125f09fb1e16	121	0	0	1	4	0d0069de7424d621834a03c91c5d1078997cdc7a	1	6991.28372896303
042bbc7494ef5cb0ca7e6465e9f6d6c0141647a7	16	0	0	1	5	5d2f6033c62fdc7bfee627a3bad9e496c737791d	1	12551.5757706643
043a0a066959ae3511b4bbc3486da55865ad7886	88	0	1	0	4	956afb81de1ff61a1f311f9defe72c86762639a0	1	1873.54890982253
0531c19f799288421c7093bc1a7e8739d91a6780	159	0	1	1	2	0b4234b9fdd7b7fcdef8de4a1d96ddd8af92ec43	1	6897.09534233817
057c4998ce3043b33c0dc899cf3adcb6f8aadb62	40	0	1	0	1	61bb7682cb55431ff3a7c38c38928bd107a01736	1	5851.48026046676
057e825aff074e168523706c03897e0777df9b94	184	0	1	1	1	5a4dd5ca0b87789189baf6b3323a71c23fa08044	1	135503.153104741
062854d7ba0b4411e1d472c2fd4d00ea44d9d6cc	51	0	1	1	1	7581b2b9c2793fc40f86bab592e756c143059058	1	10792.320300642
06f8fbd96827ebcc2af6cd68eb9d01db513af0cc	73	0	1	1	4	54e136b150ae049afc4e083f47bf88b27faf60c6	1	4429.24828932246
072d449dc164e98c19805f67ee6a5519b780fd2d	184	0	0	1	1	10818f391a2cf0d3b851948d1017548a4dcdcedb	1	135503.270660126
075e1ed2739aeffc3e5e0831d56826358336802e	13	0	1	0	2	512a7931e3abfb5ec1979319b37ef32774e5813d	1	19493.0938266013
079b1ab9c77f0cd073fe6f85aaf32219c6b91920	161	0	0	0	4	97905b734f8d433d3bc8e818d0ef453121fa96c6	1	66993.8097685412
07abe67565ef00ca65939290f57b7f8fed0ef3e9	53	0	1	1	4	db909c4d5e17b692dbe18375ccba7e4912dc8b30	1	8041.45657426432
08674a0e0f85623d4da72d469faa72d36287032f	184	0	1	0	1	c0321cebfb67b63a1fda1e0c3f0664a666fef3d0	1	135433.761004536
08a95c36827aa2665d59384db9923d31f6cb0b60	75	0	0	1	2	3491e242e1019602c871840ccf56d68ef8e715a7	2	NA
09522a037bb7d4eb4eb30d98b17266dc6982e402	66	0	0	1	2	a8952ae7162e9b7d9a3b6b0c3bf88cb5a3900182	1	1378.91794635602
0967f5345f27b53d7a380b08472c2478d7822c15	82	0	0	1	4	2cc82dd042650545eabcffff2321ee4b14af464e	1	7314.09788815056
0981fd5da7e8490323506c85b80f3ea7c9f9268d	8	0	1	0	4	e95d7eae07619d98a901d9c65307d491b0486016	1	6493.90377947443
09867787f649174cccd24a0d89c0b3ad0ad0df0f	26	0	0	1	4	3086c33c78ff09b2580e8914b6fbb9432f53195e	1	16537.7172857406
09e6375bd0ace29b879b739c21ff7640cc2d9048	158	0	1	0	1	87aad7cb691c2080682ad7e4f3110a5bb64983cb	1	6942.87936898114
0a56eb8b37e7679cba2221f874905bb997678b38	72	0	1	0	4	fc0c9be4fccfc590996f339329ea21c294917d8a	1	72730.2188196976
0ac949de0180537b598d4bcd15aa8bcbe6271379	24	0	0	1	2	738ffb39bb7f265306139e9b6ca0fe768feb43ab	2	NA
0b5acdabcbd51350a3bf41d5ce9a3b851ea2256e	76	0	0	0	4	15d327aae1cc84f15c98535acbdff9b74645217e	1	108796.055422391
0b9335c3cf2a43c4482e33fab75f23a3b0ec60bb	39	0	0	0	4	b6a7125d7304e9dcd2d6dc29a2fc8d486552bb48	1	32132.0010742924
0bf2c8c4276ad1bdac0113aa57d0db48210c2ddf	5	0	0	1	4	e0fabb18f63cb3a3efb721e6b39da895384bdf06	1	7182.79733310375
0c0f1fe43eb239c2b7c2ed45e9806c1d45ec3d9c	127	0	0	1	1	003088a458aef49fe39641fc54b6bbad3d1a99a0	1	5458.79926099688
0d183074248f2e5b28564e239da2a969df490063	1	0	1	1	4	38389873906d0c40565fa6cb07239a06988316e3	1	3958.30943113155
0d7b96c65bf8434dad8ff4ae7b2dac11ba59468f	64	0	0	1	1	d94f409c497f0f3540c66b026e49e802a30c127d	1	2894.26755950298
0db939ade562d517d56b747cb60af3e32d859b09	148	0	0	1	3	b859bb9fe8800b8787bd1d7ee6af1bb2eaf2aeb9	1	7546.75740917593
0e1b37392255c8e1029048961c20b6f6ac9111ab	114	0	1	0	4	afc6fee3f93f2ff762f1297a7da7d750481e8e38	1	11337.155240285
0e21dea54f9050ff6ddec278c6156f6f67fa4620	47	0	1	1	1	09a89d9a5187b4349092cc849cf0659c323d8efe	1	12714.5375563643
0e512f5267893868c482de2eaad7e086720f9da8	76	0	1	1	4	d03303db3c6219c54451905681e93ee0ecee501a	1	108905.820111039
0ec48c750ac18c1ed8c4e77e468bb3badeb6991c	28	0	1	1	5	e833a4ce81d0e996371e33bc8997b550eeb1eacc	1	1398.61461521793
0f7427572b0f9331bd80f1fc480dd43dc96f2a71	186	0	0	0	2	329f94d458cb5ed8e36a5b1c2c6bd2c4d0159915	1	12980.4350362235
101ae292210d6919e7202b9789585f3003181bb6	58	0	1	1	4	976dfd8fe9c8178462e0556b70e34e6aafa4f4e4	1	26170.0177855822
106b29bd87dd66dfc497b1ace292164de1cf3bf8	190	0	1	0	5	eb7e5d2b483492c71e82998e99e860f4a354f9d1	1	69458.852365895
106c5f05239fe003eb709cc174f2f390906703a4	150	1	1	0	NA	77d0a87a3531fa26340f0e42be9de69e5d725a2e	1	NA
1080515a46eba7a990f4283dd0732b8de57d3fb9	113	1	0	0	NA	6c82c50f423955843015fdd19cab0831ec173afa	1	NA
109f8d0f5bbe62523061149347330b571c675604	114	0	1	1	4	a7276147140056217123a5873763e01758457e1f	1	11314.591913403
112bc01f010f8df228a9524987461f9f34ea0437	26	0	1	0	4	3f177c5fc12341b89ef8bef5d452a6df3b4f761e	1	16524.6295064091
1143e70ace47ac9c9bade2025ba25a37cf0fa798	190	0	1	1	5	1bb7be909daa040e546a53aadf0872795bbb267f	1	69531.5670689099
12332689b0137519d1032e7b3c1bbdd99a145f05	57	0	0	1	1	7361f19a277131a8c4ff397320705acb004749b9	1	28716.8460101838
12957259e6f931c9e3dfa056e212ad43964188f1	178	0	0	1	1	01fcbc243dd480112fe137fbfa35f5b284660f67	1	4733.17327953156
136464e83615f911221be753862ce926f171a224	15	0	0	1	1	bb4142c94615e2b2e229d387494ff1e93be01ac2	1	5945.00547765542
14913922c0fbab173e657b2a819e2c1dec9f01f0	146	0	1	1	1	529b2b51674c7726ece779c27f68297d477c55be	1	79951.3800494461
1549427c59a4a13c26485a770e8230d66a8d8220	82	0	1	0	4	5d9aaf23cda71ac314ae4b6762b3805c33fbddc8	1	7304.06554741236
1550feabadc972df28ad5441f04c8331589f6d96	127	0	1	0	1	c485a0a3fcf759bd0d6d53602de41d997a7abcf3	1	5450.66650892712
155d28c93d141f92e3cef3dace7746b4b42268c1	134	0	1	1	4	8bb91d2fab8b115e99d79e27ccb229a82932bdb1	1	8348.16880709903
15756e314440390c89b172f3177bd7877b6e828d	15	0	0	0	1	b3e3848606089fcdd469e57283cb925f1185e49d	1	5920.43137377134
158124d17fb643b7104455e0e65a799b56035f94	76	0	0	1	4	a5bf1b48ae92cead636765987b792d3715b74b25	1	108907.531589343
15f0fb655471f3272e07fd2e4c078ce671d84ef1	14	0	1	0	2	840c7d900bad653ed5acbe4441934a6b8a6ee579	1	24182.2273366006
16015aab58128aeb0ef17c995f4ca08362e9a25a	53	0	0	1	4	7087b596461a5cc548e0b34c0ecefc58d3a8c2bd	1	8036.52683533256
1660ac09ed9c437fc6a1450716fb24d95c44e5ce	68	0	0	0	1	d4a14abeb1b48ffe99e29ab7113bad68bccb1fa6	1	37291.1495922879
16a422954ecee1958247a1cbccca2cc072eb48a6	41	0	1	1	2	7c4f93cd26c40370592e81e7a3ca97fc43738303	1	3618.91706248828
17536c6529def8d62ed5ddbdcf7e9ab13231165d	65	0	1	0	4	8dcbe47b199b3cb734c1d5c08638c4a01bfaf311	1	2223.11874762833
179bee3114d70926e6728f3e4970718f60a2db62	39	0	0	1	4	c141fa55e49f5c83566d1a00a8d69d3eb235b7f3	1	32118.6096084347
18b1df16080e691b63718cd87db6000a38ccce10	73	0	0	1	4	4fe094f2bc0eb156116070348dbb29511cd9b018	1	4428.16406298213
18e1729f3b166edb687dc93cb09a978e641f70b2	144	0	1	0	1	94b7c729d7f2396c4dd9061056722f79f1337089	1	1963.06536476533
18faf1acda3e463ef2925f9b2e5aa7337ac4b5a9	169	0	0	1	2	3dbe3854e197bfc606e72a5d32f4621bfa21ed90	2	NA
193553f998fe83f671627e343f6591209f4a071a	108	0	1	0	1	dd497351483a5c71a78020672edbac338c92f0c5	1	756.249717607638
1ae4acbaed24cc454636ff5eeba6d429fd7ec2c7	71	0	0	1	2	2fab2c4b710842c888f1a25fe37d041af50448b6	2	NA
1aeae1f347d3f19bc64b9cec2cf15adc42287f5a	1	0	0	0	4	501935fb04cda3f3634cdf510c65cb760d15bf96	1	3935.30785918258
1affa858be371732e5a6c8dadf5bb1384529b3a0	174	0	0	1	2	622445f8016e1c2ea810a1bd7bfb1aef5312999a	1	100445.53568753
1b00eaa10092ce6c27959ace686163bfbd1a5820	134	0	0	1	4	e89318206ed86e3dc6e5693a3c3c6997d768681d	1	8346.49493771612
1b1eff01fc9bd8c8faf06150d2018cdb467dcbc7	101	1	0	0	NA	3d1a6347bb928d6e8fcf9136ea74379c266ce60d	1	NA
1bd9dc3c69c6706234cd1004c04c73938474f9f8	148	0	1	1	3	810fa7cc6a922561b070aad131149e8a6ca93b47	1	7546.42673471855
1ce44f2db5fbed3aa58287548ec1c20d75d4fe4e	97	0	0	1	4	a68803a271ebdc2c94cfb55a404905ec31868e5c	1	6217.29127345418
1cff723dd6ac1d7020c74fd21a675ae48520627c	70	0	0	1	1	fa5706667a060097addc31389139b8f4cd5ba023	1	188223.548319625
1d3040369be132a7b07c2419f228df0f39d1c412	88	0	0	0	4	713ca5f35ae63590b5c950b8d7d6d197a663b791	1	1868.64946528929
1d845dc1bfd649b6aa4812ad4f12052c18ee58ba	122	0	0	1	2	4d3bf3f52a1b6566aa3df313cda6b59deeb0f773	2	NA
1dbadd0711258dfe348cc22826288fd9c4370ec8	106	0	0	0	1	d9ed5a748eff1698009be7f461dbb5e5cd6df203	1	15984.6231256233
1dc94699e1f2b54efdedf0f76e3b9a21a41d643e	154	0	1	0	1	7fee0acdede613f0b21ac9eb4f12c677ac4e127c	1	1000.68605760974
1e46fcad525d55d0e9cfd09743657443d2e3fcbc	69	0	0	1	2	989c418eecef94ac819d9eb23559516d9ec2b6a8	2	NA
1eba32b1bf4f9a46630e975ca3136089e0db1ae0	25	0	1	1	1	5f6e491ea488340bc5a1ae9950192c443235736c	1	19648.2283306541
1ec158b6dcff1a27b37423604529175845d69dc1	13	0	1	1	2	f8b034f1a9db699ea3db37a5bee0ccd83682c041	1	19507.7660940436
1edb836840d374c226c45cb34972bc0ec9b577a8	25	0	0	1	1	c77d4ecd252f0eb4888517bf9e10d2efe7810bb3	1	19644.2207268508
207c13940bd9b279c8446ddfc04dfdc567776002	15	0	1	0	1	42112f76b3d78526b3a1dbb88233d48c73fc12c2	1	5939.11707073958
214123bc075e6e379ec7078360d9b73f071a3045	176	0	0	1	1	6d9b78ce06d780d6b2146d67d32bfdee62c766c8	1	26153.4761506248
21bf947183e389b5548abc06f1e738c0cbed3d24	161	0	0	1	4	e65f02bc0ee5b88993e0ecfeff0cb49a7a9b34c1	1	67059.8407445501
21f4f441cdec6810f42efa617cb6491521b7fa3d	53	0	1	0	4	57962b7cef26f050c3378e186a634395d75a60ed	1	8038.03618680038
22523e4af2f93454b745c994708b318123f04d9e	168	0	0	1	2	7e77582b4d65693361c08606da6e5054bcc679cf	2	NA
2353e2555f3b2cc6c617c6a5a7f6887fe28414ca	45	0	0	0	4	af2e51c4f8fdb8f0fe5d03ca6cf1e913789b491f	1	12543.5318629617
24c2bec691d972e3d4d67712bab08311b2f9289c	141	0	0	1	2	4d37a32fc46cd079fcce2fca4b23f56b153f96dd	2	NA
25f24296b448cbe86114a1e880fb532cdce17e20	92	0	0	0	1	eead2e5f5d84b3e949c67be0cd2aa6bf34419bed	1	103775.946791589
261a95f9353f184ec9cdd41e5fd25ac4c54f6177	22	0	0	1	2	a1f2630ff95a8d1fbcdadda364e2f50d73fc3b81	2	NA
2668af3e681b88104e214dd4a7d4aafdebafe127	133	0	0	0	2	131c7f37fd3d447d1518d3501bb14836943f7d68	1	65000.4354081573
268fa5ef37532a55a0689b5caeac7f13ec0d8b21	159	0	0	1	2	333db6803024d7e4fdbf7d9317d6ec44160a9ecb	1	6896.55976136912
26cc6a41b8cd906d1d4e5432584029b512ed58e4	167	0	1	0	4	3c7d1bf72bcf66b65cbfe71125fbb703c181749c	1	12861.8189336302
278626eac43f672c7f61cb8f5b0f7240bf907776	190	0	0	0	5	1e3390e245a9874f3c23449e0eae7b49ec7e67b0	1	69328.4200283953
286e32b908ef23fe49d3da4bf383190839677948	30	0	1	1	4	8d235200eeefc8b41cf2e2045167247cdf906b6d	1	1896.53147052468
288d395431cf2eb781933d91a1217136466377b7	64	0	0	0	1	546b5fc41b4bef92b7e876cb3ac00d805d5157cf	1	2891.28985928338
291dd033c062d81ef8e200bbc45240bbe50ef893	149	0	0	0	4	10e355cfad706ee930452b24ddc47f840c9cbefa	1	9273.78181004704
2a10b7314ca86904515bce84dd50ea69c54eab89	111	0	1	0	2	eccaf4eb519dcea4936e867e5e55b159674af078	1	994.244098368066
2a2c28f48887aa266a915d1128edb1364f5fa1c8	68	0	0	1	1	634ae690616e603a8e55e65a259e3415812ad35a	1	37320.0598367973
2a4b04852b0bb33566ce6cab3e1a558f7a20b41d	43	1	1	1	NA	0c12a45ae67175d12ff570c7f309ad07dffc17ff	1	NA
2ab0b73bf86827570c9c392e4e6220e999f70260	154	0	0	1	1	93b0aff8aa3650f03d7214c16477747b6bc20acc	1	1002.01308688322
2b5cf83b16cd86be0ba5bc30d59546cdc32959da	14	0	0	1	2	be71e3aca4425ae23e322a6f60eb2012eaf7e060	1	24182.0574159985
2c765dbb487a0c5f372132fccf5bf477ee6ee8c0	58	0	1	0	4	92716c6bd02d34433b6c6f82ed1c80c6eb440434	1	26135.3188765998
2e250a4a7d29e001941b539dc1d21043ac459c96	140	0	0	1	2	f397bd130cd9390bf340c6e2a2f1adc486b8b6f0	2	NA
2e3ee5f1f525764300ef4981875d16581b7d2b12	183	0	0	1	2	2108307ad50cb13f3f25293bee774c4693d9caf2	2	NA
2e680310cca9e479c452ec97306d6f0c14b4f31a	27	0	0	1	2	998e368fe35947a2f8e55fbad5c805c655b6636b	2	NA
2eb1ed5f4bfb876fdfe5bd571db34d924c3bb272	41	0	0	1	2	1714e98434d839e593204a3aa1e437670061eabb	1	3619.08703509782
2ed39a26e20fe6a264a8681eea608d92ab254f24	72	0	0	0	4	f6b60fd72ac0aafd04127a3736688bea6a512757	1	72628.9770803131
2fc0be035bf94d83ddc5fe0b43c43b52b51c2e7d	33	0	0	1	2	54785c6eb8a4730e1fc7f27df9c7dc6ff891ceca	2	NA
30583a84e72b0ab055087ce243b07faf2b89c089	173	0	0	0	4	727b4e5664b566e22ca4c94b02a36689f77e4337	1	51119.0857938876
305b2e671d6a8164a23333d404cd1618d1eba275	108	0	0	0	1	b8d0cdc6f41ad5a3cd4e5d189ac36044e78db677	1	755.521599516414
30de0f46d798bb1e760475a7cdd92630f9960606	20	0	0	1	2	8c629650a630750943874a051ba20a633340acea	2	NA
3115a55165cf2efd12ab12e78e9514be8115a322	159	0	1	0	2	f7ceb78e820b60eb9acd5c8bb217b71472d5ab48	1	6897.02080081713
31c42076cad601a24eeeb60ba52e3947334cd0f2	92	0	1	0	1	66552cf682483e0dd8e2dd5c282cec91905e35f7	1	103869.131310931
33bf9cebf5327ac9303e7fed3d7973237afe8ab3	144	0	0	1	1	62825b5a4fae7409f75fcc7ba1e6e7e8e45109af	1	1971.58602686902
349cf0269b4a6f2ef93de480ebd03076c6cd074d	79	0	0	1	4	0fe58f2f14b805d7ad4ecb913d2a9dfacc9310a9	1	46803.4733004838
34a10292a7aeede12aaf0ada14f6e0dfb6c87b61	59	0	1	0	1	c7bc7a01a30f0c41dd3488ccf331856528002fdb	1	41327.2646806495
35c8b84854c95e19ca73d3e5d0a8420aa1bb80db	79	0	1	0	4	0aa96dc6bf07436ea8ae2fad8f73ed77362af01d	1	46800.1100770288
377dc91bc1bea41c6d508e25de24383c0316770d	70	0	0	0	1	fbff33725b919bf84872363ff8543dbba0520147	1	187973.391153636
37d61eb6ac28e8143278bcff9ef74777b1324375	35	0	0	1	4	95460b25815075a3fbeb3fab2839a257a72e97ed	1	40134.9480399932
3824f43fde18edcb7fa8b85aa3fe6c5cf0822856	125	0	1	1	4	d16e377108d43293bb7bf660c65a503528c744e2	1	4055.23943772964
3849d5a1fbb0386873b33b08109ffa41b62061c7	185	0	0	1	1	136d1c92b3c08ea87c51fa1cf5130b50fddb2571	1	6058.37628366055
38c1d4a389933e0a95cf59a3ff97e399254e51c8	162	0	0	1	5	9c9091d511b41be403d384a2ab42249ff94347ff	1	18890.3206101038
395abbf54cbaf4dc8d2cafb1cf8a02a22f3cc92d	87	0	0	0	4	d7658d62fd79f9d3ac683fbbd1c04391f46d187a	1	12039.3148341276
3a5c47e9d4ea1daceab214c179435ac2edf3e6b7	179	0	1	0	2	746945ed4f403585a5f1d971c08c9f123849bd7a	1	49804.798620201
3aa96165f327f320711286ec507f2c658987ad6a	42	0	1	1	1	4e43060d63f138c5a3175161d836531a35e05198	1	14304.613018741
3cd819d63095c0c33ae71323c04e43c015a7fa88	38	0	1	0	1	f78d50088bd450c004336de2ca048aad8655b5fe	1	5785.23915252799
3d5cecbfb07bcba179396e4cde4c105f267d4c34	67	0	0	0	2	f1d9a30fb7eedc4157d251af0b7f998d7a661cca	1	48394.3990942461
3dd9e5d20c7010f7fe0c07ae8f311f6711dba9f3	188	0	0	1	2	964ee84a1d34f077d9dff525c853af233528b1d9	2	NA
3e7d0466cbe932d04e4f80761133c31fffcef92b	114	0	0	0	4	882519e095b3244eaae75158c59414703b1bce12	1	11340.5464817325
3f48452e8a434e8931cd5b5e074f0f2cf55e729b	106	0	1	0	1	becfac3d367264b6f9c2d5cc42931bc8ed849f29	1	15987.3067700582
3f960da3ec9176a5d454b984afa5a46056a51d2a	146	0	0	1	1	4b2c89d51b50c8afe550daacc73ce954df0464d6	1	79958.3228565211
3ff7f259f620f8e309c23d71dc12c9b89b003ae2	170	1	0	1	NA	cf4e2b6f83a314045347e3936f48b4e4209023da	1	NA
41a5b060fafd8265ebaa8b9590f7306c924ff8e3	176	0	0	0	1	43cb27bb42b83617d5cf9101f4e6b19a017c85c5	1	26143.1153248325
41da3955199dd0ca8f3277a04c8d5275a74de03d	147	0	1	1	2	550a1cea1689e4820ef2783ad54fb87c4514681d	1	751.571723063849
41e5a53342b00751a96c76c5197913239fe8e4d0	149	0	0	1	4	3930db91b0f98d99b5a1c7465d40568e23be0e16	1	9350.89404621425
423f8e6afbfa4b66cb15dc353d281a936491f538	192	0	0	1	2	b6e8e1f5d7cc78953058980b4f9a43e220b69c66	2	NA
426128635de4bcb7fac4c29bb21fdeb5eef38e99	134	0	1	0	4	e4edc15ffed638000c814f0ee60466075f4999ea	1	8325.0292714336
430dd638aaec2fd2706f245ec0e5a60be8502048	107	0	0	0	4	eae64a737081c20900d69526f924fce8156d7224	1	125879.145947461
4386289a1d11bbd1234cef974be0607add456c00	130	0	0	1	2	192e4129b9687aaa1e908cc1c53608cb0b9afee2	2	NA
4398a66821194842fa502afd32fc5459296e3262	10	0	0	1	2	3dde7eb17cca9ac300428b041abc33946f4883ad	2	NA
43c0d02b160477ecdf885ba821e3193b52e2d4c2	28	0	0	0	5	c2695c80578b748df0ace34f3a0948258a8ec03e	1	1334.5790984236
43e50a4bc06e0568b280540f64fbb217d83524c8	34	0	0	1	2	4ba3b96339e582e822780cb58636a8ea2672f0f6	2	NA
43ec6cf9f9e284417842d43e46ad3c96f71a51f4	133	0	1	0	2	eacb87b0b465d61f0a28a078f8034f0deed7708a	1	65122.9367199964
4462512c3bc36872ae675261a1c0aaaddf3bf1e1	129	0	0	0	4	77db66f99a1d5a69fae8c42f43b5ef1cd2a7528c	1	5668.88354754029
45972608d05083d7331c6ebedb352456b662b3e2	106	0	0	1	1	7f5b0ccfbbaf7d48badbf62acd684110c5ea20a7	1	15979.3545757146
45ad6a215f64db417d49b8bdbe368e4950899b53	173	0	1	1	4	ec4f083e53c49ad337cd4d813af31a9b84826f1c	1	51117.6904302801
4657e648e6a7c2edc69938a7799457790892e11c	181	0	0	1	2	dbe74530de48bfb0a679312121971420ca83cf3e	2	NA
47d9e81a07bc42a0b046bd22369f1e207c184edd	13	0	0	0	2	7b0f01b58a2b60cd8543e75db67fd52376902d98	1	19467.5239006313
482e66ada430a624fb2ee6f2c743ef0cad295495	40	0	1	1	1	7c8bcd173a0a939af49ff473cdbd669f3f861645	1	5884.04524605435
48570eeed4aa55c778480b348e096a5015f3fc2b	143	0	0	1	2	f863a271d77b87148448fa6dc03ac00f815885be	2	NA
490525dae0da5b33f52c8cceac2abaf5695c1dae	19	0	1	1	4	e6b10634f7ae229651896e25a48c7ffd89ab399f	1	2294.78795701707
494f8e62354ed6fceadf7b4266909da1cb6cfc0f	32	0	1	1	3	384f4dcfa8e4c5e0fe8dc520b32592bb1494b46e	1	70731.283523164
49a9123859f5e9a39df6993ca2b826b1c086fb6d	40	0	0	1	1	9ae96d718539e58018bced9b316831c54df92a87	1	5885.69413769988
49fcbb4cf672c61bae604d98b52df524583c77dc	155	0	0	1	2	b8bdfd929795f8584e72893b415be5d826d43b56	2	NA
4a4ddb5d925e3c0c3f916977e0f867bb520ae90a	178	0	1	0	1	26266cec6d9a7e978b8c39ee633a8a1dd7bc042b	1	4731.4499801993
4a9a780375969a9f7ecefcd7f94a7084917b02c0	45	0	1	1	4	9395b4f7e6095bfadeb88d38d63bfca21bddf1b0	1	12629.0237332562
4ac1db11145bc5622a889fd7155a3b3a943ab7ad	35	0	1	0	4	a3d5806aef70cf565b6804832eecf3f070b2a3cf	1	40067.0498996917
4b8edc749fc6ea1831e6b5ac7f9c5ae8aded5628	26	0	1	1	4	9789e717ba33952ef85c09d4029fd358635d9f5b	1	16538.2454616058
4bf033e3d19c834f9fc08193cdea01e1aec3b8a2	178	0	0	0	1	4652b4064d96710c682407609ad3a616225229c1	1	4729.1952648938
4c7f626c0ac1dc092c72c1a5b5fb909734fe0c83	43	1	1	0	NA	d9d351180db109ecd92048885caac9f769ff338e	1	NA
4d21a3ccb3625885553a1b8d303f464297b6c800	100	0	0	1	2	81f261b483dd1686ec0c536a202090092e008847	2	NA
4d3a20becd7e30f463a580fd73661be169593117	78	0	0	1	2	fb56c9530394277b893807708190df9e3befd8b5	2	NA
4d8dd369d5876d899d0442cd2676b4aa77c108ed	67	0	1	1	2	c662dba7a84e43f7436af50d9e26b42ea3195169	1	48399.6531436913
4dd7bf489369c0eb45f868fd47674e0adcee6a5e	50	0	1	0	1	b1e93504c868d632894e41b13b3e57efca08ee9b	1	17473.7855070198
4e0775314c2167d9fec453888f8510ffa13e65f9	97	0	1	0	4	f4c322786bb90f98578fc39def3678a8a04f167a	1	6218.94570213226
4fb3e4787803e83a779cbd2543280a71c2b255a6	45	0	1	0	4	3f514907570b94af7c0aef6b62492bb2387689c9	1	12595.0327134694
4fcbfab58e277bb9df4f7b20795b1a394a086639	145	0	1	1	2	b6d5dfd20c8460a6d4f87fbaff9eb82c846f93cf	1	983.951213122907
509786b1c2a925a54734d43110d5ec29835b9a6b	153	1	0	1	NA	438f19be9274e9b434b68253dae669ced27a7b21	1	NA
50e7070c7087e7ce993c59fd71ba17db1963ca57	43	1	0	0	NA	c4cdf489649ec156432a499bfa211e1190ec5584	1	NA
51609d9282f7a9e4195bcb0a3bb575b6daffcb6c	42	0	0	0	1	f1211117fc34bd04905eaad2e2aa7b2336f3f2eb	1	14273.2391353692
52f2b937962ff1f0d9a7277ef70f0e85bce96995	146	0	1	0	1	773370abdf23484dce6df0405f0657e839178be5	1	79958.944105993
531cee23bb2a9187017195819734cce068d1f1f2	134	0	0	0	4	bf39ce38a736c082589a152f6924b25cf4c35e84	1	8319.68218256866
53b074a0fb4bc855c35426f82a047aaea3451fbb	164	0	0	0	4	076a8b045774309fb6c43935bd59f41e44e99fdd	1	111942.689130828
54fc3567dfd4ca40b67077dc1ebb539b01265180	51	0	0	0	1	58e0ca10403d3e58bb484a7b69ff00e9a91a9229	1	10733.8732368911
5603e1cd3c513d3cb058af4d5e3759590163da2d	145	0	0	0	2	8150d4f5e9059eb93d24e70ed880d81b111ab17e	1	976.955704657488
584e7adc66eed7cfe7822a865eda2c4279265b03	150	1	0	0	NA	2129b580c54bd16d8ee81a75f4d53b6544f65c19	1	NA
5851d88b1ec0b1412a280c2605e919ab85eae26d	57	0	1	0	1	f48260f71b2fc2ebdc86fc6df67bc5f58583b749	1	28712.3683293311
588e4a744d60b67cf174f02cc6fbc47233b27bf2	87	0	0	1	4	61036fab2dc29c95608cf58633e8a4c8a182dee3	1	12036.4573250093
58c02fbe1b4622c5cbfca110cb5f6f967188e0d9	123	0	0	1	4	d057ee065dcb431cbd94bcf71003e28e450a1ccf	1	64013.3183479138
58d6b3fb0cec1bbcbb48ae92324cbc65f8e5bc88	94	0	0	1	2	d2321915f8ad91bc8cdf4e65df36d44bf3670bd7	2	NA
58edf590b6aab47a5d7285558406629508e605d0	12	0	0	1	2	d904aa0e51830eaddbc745dedf6cd5133c40735c	1	941.358670267116
5b6d6e295e2e83098930002d7d9b1597e8104f84	129	0	1	1	4	f7db28ec5e6d0837ddb8c51e4854507a7028ee9c	1	5673.57046764232
5baa9b7c1cd1a2259cc473814a4389647bb6f312	164	0	1	1	4	9c107016dcb3d4a7fbc494c3a594c4ecb00e4d92	1	112058.858857683
5be44838465617225fb65ba09feb5e5d06211479	112	0	0	1	2	6b4c0e13ab3df946c579125bb19892b22b4e8138	2	NA
5be7d38257523a516109ee17da70be6b849bb4d2	105	0	1	0	4	02c38c0280bf7b429b226fc0e488fe606a2f26b4	1	1360.80699883697
5c8f6d1fb307a42de2f1f5475ef68aa95c61fd5f	32	0	1	0	3	9fe4d7eed066827e75926a46531a4dc63ea84201	1	70716.1640001438
5d6bee1ad54c4e87ed3eb362bc8ad8c3dc2725a7	170	1	0	0	NA	13a6e559b06aad0e52fd998071484e6aeac732e3	1	NA
5d6cf24547bbe1bbe04388d3a86412a1d908f68f	104	0	0	1	2	6ea3045560a2b5abe748b95bcf51d2519f5b79f8	2	NA
5db905501553fa62b3aeaebb318884b8c7fa4440	167	0	0	0	4	8909863fd9a0afcacb9911217684b61ccfd0f268	1	12862.1443459032
5ed6f01227c442a9bf533db64d792b40ed4ab645	97	0	1	1	4	daab550622860d57e2393f34e5f1986eae9612d0	1	6216.81354738398
609efe21f6eb9bae6f533e933e8d1bd32c868990	107	0	1	1	4	a8f43312993371bd04feac9864b9384d2bd9fc0e	1	126695.026897849
60ce4ea4ddf7da66a00e3836cb1ae91befd97658	93	0	1	1	4	6ef5edd2a40a72b20cebd95d66a11be1ec03256b	1	3621.73045793266
610e0202389348f6d8ed29b1ff13364c67ccb41e	161	0	1	1	4	9f4f490a037ac351a8175426ff67afb6a0948574	1	67058.3053526438
612e355d6e0b948e7552858e256a3483fd343e6f	187	0	1	0	1	4024e2747ae829640390fe2586beafc1cd29d715	1	4426.4177865565
61f38f90a3df7d05fe7c96f63a13dff8c7f22293	86	0	0	1	2	e27e79b31f66eca9d9a643e5f4eae4cdf98d0742	2	NA
62df99497d514aaa0a020e319fb9f4a73af6053f	123	0	0	0	4	620f2415e3002114ab7b3cd7ada1d467314f3cbf	1	63941.4295260879
630a0debf01296e254447b1781d530268935bef4	148	0	1	0	3	adf6f5179f16bd2bdda444870dd6738f6b84a3c6	1	7537.52778418177
633ced11405a6b40d20ab6daa7f4931c49878700	121	0	1	1	4	fa91c20929461bc675fee706de9f83a59313a501	1	6989.12608579308
639921afb00a469b1f92c73a06a48454bf180b42	6	0	0	0	2	4cda8331fb46203e39f22d86a1150c07e3de0a7f	1	4336.56598919763
651def3f753160212c2253006e10c694238f4f7e	131	0	0	0	4	48c5939573335e52eb95fe9857e2f4e3c4815151	1	4860.76500083137
656642fc5bf4812d01ed085c1890d4bb1d17709a	108	0	0	1	1	ed37c6a3aa9bd07f1fd25a5b247f3b3ceb14ee53	1	756.906571584015
656bd38a12cd3be747e05454892f63ef7d363838	62	0	1	1	1	8d63cd33ed7159cc70717599623c634604de049a	1	6458.02286378991
661ecef37ddb1bfdf490ef65585e50ce6a11f502	105	0	0	1	4	0a79450dc9d3087e007797b1d5c46c1c3bce5ff4	1	1364.65679796343
66f59f316d9fe047b362622281d0a5b3b7e4c75c	43	1	0	1	NA	dfa3047bcc9cdd87c0e3050476464f045f46feb5	1	NA
6714226e0dff29c7e5dbe71a1f43137b5a4f6656	153	1	1	0	NA	9031e6af8f47e4165fd4129cd4aa19e632d2a017	1	NA
6869e075cac2ea8a726b825f52feb9cb19282c9d	157	0	1	1	2	cdbef69d4c340f80692f185052db48029f2dc26f	1	83783.9768892772
686ff42cc29eeded20b99e75dcb873bcaeda3322	150	1	1	1	NA	c289021b254eed0fdf9b65eed1136467508a9c70	1	NA
69308b2583dbbc42cab74fca51f27e30375aeb20	74	0	0	1	2	3a055ea2e657fff8c4653c4462de21d14e16f196	2	NA
69a9339dc105b38760dce76df845acbc33fffb4d	13	0	0	1	2	03333dcfce170e5eb5cf4a7d9546561fa4ff11df	1	19505.476347924
69c91b4e9f635e2ba60daded63d5e893ec16c839	125	0	1	0	4	e75c5360141042e87032ecff8f2ec3ae801fbd61	1	4067.51005640864
69eceee5397aebf212dc597716d6c17ede97646f	190	0	0	1	5	8a7e31803847b68f4a4b6a623aab17081bd0e683	1	69522.8672189733
69efb804ab1932a948600494efb7073504826206	106	0	1	1	1	23dfd6e2883ca16f8d9827b9ea3f6818dcc0432f	1	15978.7321351023
6a1f6523748e32bcdac79eae7b5b26e12d344d02	136	0	0	0	4	4726685eb0556e087b16064d24dbc25d74bc7308	1	14359.0196080172
6aa1ef507f8055df7cb4ac988f9c99f4aa034242	9	0	0	1	4	db41c6ec577af9f874b7dd628f67cf0800b8f28b	1	32464.4759246936
6aaa02fd132636daa6e9c435ba946edca07603c8	3	0	0	1	2	1dc4d054f1d4e45a759aa4b8c3206b85122bad07	2	NA
6b8afec69da36905e42d7cdaa982b12790dc01cd	62	0	0	0	1	193d2a1f6de2a3544ea19c7c790da2188575be03	1	6454.21216246712
6c788fc78680e305f5bb2a1610c62142f950ccf3	187	0	1	1	1	9e223cd1a0f23b0ab63b1d39e7bed58fccc1f21f	1	4433.54226067459
6d4cd1885333b5178e725d711c86606516c7892f	111	0	0	1	2	d7c2515d6e5c9b76626660dd87c674d5eeada349	1	996.104966867308
6e37ab0aab00d51d6ddc10c195fec2972a20e4ef	129	0	0	1	4	4cb66ac5144c867a4d4b900ee60341673a06660b	1	5673.85121061781
6f9fc830e7868189584898431fa75f58214bf35d	38	0	0	1	1	1ca12d6cf936466ad5ffa235bf57e440c654a692	1	5785.54210402067
704434095b342886b42dfea859c9c9f36a71bc38	136	0	1	1	4	c60a844891d20eaaed7296ee643bb3de39f96f82	1	14358.928087042
70ac24ae994cd77ab713cc81090b02f4ba9cf519	36	0	1	0	4	d1bf6ad7d371aba36faa6e642f1a206ff411348c	1	18970.8264716824
73b80590e158f35f7d29e6afb6b3b28b2546a58d	103	0	0	1	2	8842a1fcc0f4c25f694c1ec63f12fa2c6f16390d	2	NA
748b26c95512fff36ce7849f35aa3ff840de49d9	36	0	0	0	4	8f591feede4d51f375f8412e4b665f74d6136fca	1	18843.0859403142
7586012c89aa7aa29e6f719db06b1ed92b748003	58	0	0	0	4	3363ca677f9324c712a20f6f7ce2e6f4aad78567	1	26128.6213220081
75c8f1e53570db45131d425d2dd16c4469969077	144	0	1	1	1	49d4808593297a1093c46be318d38f5410810371	1	1971.77345667979
75e8662a89241418fcfe7227be8df4c4788e23f8	101	1	0	1	NA	7b7c5b2cd20ef41275fbd513d406eec5208b3206	1	NA
761ad3e12d27ea12363980d677b398a917ff4a38	185	0	0	0	1	033e6ea8346a58e500c4c7d37ef075068c6f98ae	1	6057.96823075028
76d281f71882b669130a32fcf9469f555f8a655b	50	0	0	1	1	4433d07c8e217166f012e154d1575e129a99a868	1	17496.1831399767
770e20de1e7c78ad852e0c0b4bb9860505be1d9a	164	0	1	0	4	a1ac62eb9b68f494992f03b7c8a8809118bee9d7	1	112031.088815387
77bc3594f18275b6882c60a981f6a5c935eee2f5	41	0	0	0	2	d13b5414234ec8335d31c7611bb98f7c8cffc2ff	1	3604.75219849332
782fbc50b8fb2d3a79eebaf3f85e48c77f42afde	139	0	0	1	2	77cf29a70f8f12857f18950749498d4706b6b1b2	2	NA
7b11e017e39a3d754ac5373f9c931f697bddd1ec	29	0	0	1	2	ded6428f867203fedde6fa804b1c3aea661b77ca	2	NA
7b6ea3ca13c428ab14ace9e8e92987f4c652550b	105	0	1	1	4	1cef97ee856f2addf2779443364657b9335a2d8f	1	1364.36092462525
7c0eb388a0fbeff738c5767a89ed28c9254dd147	92	0	1	1	1	39d77d5e4f0999e8f8cfa5f9d44e7f822a44c549	1	103926.298534206
7c82473365c96ad74da41c47966670a4d755d1f8	101	1	1	1	NA	dc7a883b8e89d240f77b5dcd9d11609f6dcf1ab1	1	NA
7cfe75054f40a2878a825939a7a81c0e2861203f	81	0	0	1	2	67a7bfc105077e38b1fbc5d8a66ab80d5eeb2cb5	2	NA
7d2c893dd838a7fa3f6d4b8afe098fb0ce38caf8	79	0	0	0	4	8b71d26926c9b7bff28c3090e3c340d7fb3704b9	1	46770.5381362789
7d6f78b66e8515936a87583c487cf738c99e03a2	187	0	0	1	1	c5137429264481f986bb7d60fbfa6b4809a19c33	1	4432.49839916327
7df296267f7fe00bd6fa890413cfd766f3c564a4	5	0	0	0	4	bc3dcbb08ecc6e65ef0bf2791ab10ed5c2c670bc	1	7185.18250273773
7e9a4360787c319ef67dfc9f3866fabf1d62bc43	45	0	0	1	4	63143236c878c52ca544deeec523a561fffd87fe	1	12631.6420184326
7eab71189ddcabfc28ce2ce022dd7831518cb8a5	114	0	0	1	4	da5c2594e588ab04cedf6d8fd7ae5880acaf378b	1	11315.6309822348
7f486a2ca57410de948da8623b3ac7f51c9d2065	12	0	0	0	2	0d31335ca2fbff357a588e184c0ffd3f8992054c	1	943.393091937891
7fe1c3da8dc47035e61eb9ba914d94e7e7ee0dd1	38	0	0	0	1	12b1e386935bf8bc6c5bb045011a2d5caba8467f	1	5780.42192590823
7ffbf9bc7d01326625481ea6b90fd383f41c5e5d	46	0	1	0	5	0eae56c2104d2851f65f58cb7dafd0c352c0877f	1	1994.78677137085
8041f25730755f65c6e844f69c3c6200eeed498e	180	0	1	0	4	05389203470db0b7ba70951713012fd4f692a146	1	4094.26499959003
81745bf278a86ea831ee6061f8c63ec20a829e96	150	1	0	1	NA	7caedc7fdc2fa481f05c57f45c053b647c45ef6d	1	NA
81eb19077f2d257eaaa054a2b781a83449bc9044	73	0	1	0	4	0eb03d4774d5dde608ad80f66e9c5f8f55bfd91b	1	4434.76399613069
8341e58b499893e26e24d561a84216ed622957f1	180	0	0	0	4	c617d58696a68b23cbf078ddd373655e1c758962	1	4047.38304453415
834b1cea6ebb419aa330dcbe46f4e63f1f23745c	83	0	1	1	4	fc7dfcd7a43301c437f86bcd2f9b6fe8ba9569ed	1	1878.22486191898
84710c8b233b12501fe802b02a84bcba77d988a4	92	0	0	1	1	046ef7d6d082fc3df8ae33f7050ce83eb1c0c013	1	103927.228690439
84c6a4d9c834395f41120e6e4df67c82eb9e4e20	18	1	0	0	NA	7f219980c4af29977890f92d29ea28f1b685d087	1	NA
85173b06048db8f63cb8dfe0b3c19112bae29816	82	0	0	0	4	e707f558fb86fa34e51830093d107fcd47364db9	1	7292.06400937193
8588d11a0f90b25e63974a7622858b8782854122	23	0	0	0	5	abdc4e5319cbdcb82b9f1cc7fb1cd503576a8084	1	1373.17300431282
860f565f39c4491817ca18b59a2a542828b35ab8	5	0	1	1	4	df76b02b6b6e27779c5ba87e36769d08eefc0493	1	7180.35497833909
8776f4156438c1d4983a0ab34752c64ebccc8ba8	49	0	0	1	2	61e88344b5138d81e6a0e0c7bc040c9e41c40a14	2	NA
891703d3d06b0dd715625a0ca4b1750b19f7044f	162	0	1	0	5	55d9ee98c6f24ec215f3313649be915d501ef4e7	1	18886.6301541232
89f6f03a5bc047141ba6cc766377e9af61a0537a	127	0	0	0	1	6ff6ec334df39c6c8ba307c81e8074dc3be45dac	1	5449.72734541547
8a005e4d231a4353d929481925baf648189614b7	172	0	1	1	2	2460c1e9c3be656cc9fc7221fc0ebcd4a675765b	1	1220.3179204429
8a95181984c97cefdb31109d1eafdb171a213176	88	0	1	1	4	ae4e5769158bf85b4638a274bbccf493595ff7c0	1	1874.55133656162
8c299a02d9e8d20d2c28a5bc1acb67becf678d2c	39	0	1	0	4	d5d93404e06a3af99679610ed172cc961ea775b7	1	32127.9210561408
8c5946c97abdaadd483711e34b11d509b1265fad	25	0	1	0	1	5a4a48cc331e510dd8356e338539ac5caa974ad4	1	19649.1466662499
8c8ad9f223a42e5190ac4a75c93531c54ccb2f39	60	0	0	1	2	e6f76df494ac04169aeca3534024661ddc129825	2	NA
8e5d5501fe312872594f807383397676992eaefd	189	0	0	1	2	742b1e1ca22b14aa7eb05205fba24f97a1a4de45	2	NA
8e5dfde740f5c21a267cc2e2aaff5429611db96c	95	0	0	1	2	41bccf50e554c2c02709742b4a3aaa654d63194b	2	NA
8e5e92329d682285d15f0851777d8a1c0180a803	184	0	0	0	1	10c3f804272fc9392dc8f49251e2ec704ceb86a0	1	135299.396581315
8e73e3916cd33249b7ccbbdd5de4ef309930d80c	51	0	1	0	1	e9719cf3bd1cf004319367b93de95779bc28cd45	1	10766.5848191543
8ea6ebfd7a7d1c9c756c49d2e6523b01de9b83e6	185	0	1	1	1	f7194dbd76ffc5c1b2383f31bff31d10577fd981	1	6057.28306957583
8efc52286d7323942d723011bdf922e2312b218c	25	0	0	0	1	526e9c5a0ba26f8f0e9ad5ef9e6c0ef0733d4581	1	19645.008408073
8f2c9e2270370d6efd06a63144f1aad2b22c3dbb	8	0	1	1	4	801c48f30ea9d23152902b65aeb4248259e8684f	1	6496.84697099137
8f3e2c3c211c102f47e4a2f61d88a45e273bb4b9	147	0	0	1	2	8e2064e08f35a21456c860d865248f6876608e46	1	752.786396076192
8f59452aa3db35358ce6ceca6e899cadb572dad3	82	0	1	1	4	dcd93b5428328bfc4ac97a71b2d31b46d55f0307	1	7313.63639864347
90246b4f81a9a10e1f2fbd0c89bed45ceed1dd19	38	0	1	1	1	f2dbd8cada7b0322cda13c02aa0ecaefaf869f60	1	5785.38088098979
9181a08040fc2fb5aabe6fc2a47584e3dfced1af	21	0	0	1	2	a52736395465e977b9b983faad6229dbe0cd5bc5	2	NA
9188e5c25e8616a28af08c97dd8d5633755a6321	59	0	1	1	1	2d45ea3a4464a803f76ecbd2ce77d4fcc78b6fd3	1	41336.5488599412
920acc0358b92059f65e963e2d556d3885be3516	90	0	0	1	4	5967e7cbcf7a6d2106d877bcb095c1ced3df38f0	1	6071.00810055871
9210d9c448226ab6432d66d5452df74a65c0c44b	68	0	1	1	1	951da31474f5a9a5239e9928ea748d334eab324b	1	37320.0741032143
926f28df75a0d353d70d4fd43bb2bae79c548cc9	133	0	0	1	2	faac47de85f78f9e912f5ea1cfac8551b994f4e5	1	65310.2212856749
92bc2cb9596f8407c243c55341e5c4e88258d2de	177	0	0	1	2	6521c0d02eba8159682df770cef0ee752703adfe	2	NA
92dc32d1aae8dc0349641b124188432db051ebd2	42	0	0	1	1	c4606a03d0f78649d7e6f03e6f89f054a96ea437	1	14305.0612908384
92fa4376954618fbf5ca8d4bb3000d4effbdbe96	133	0	1	1	2	e47d04681382ff755006878a726695cdccd4d5ff	1	65320.1617770787
9358563c98d97d29de29416e5e0045ee31375143	116	0	0	1	2	889b26fc68a177ea2a1ee5fa03dc9ed63e063d6b	2	NA
94052f5b5f78700311bba2a7edec5694e7570206	39	0	1	1	4	7ddd99c903ecc5bce5f4a1b774835ba1820e5313	1	32115.9599321013
943c7def5fab3b9fc9afe34c1cf20e0a67cf3bc4	176	0	1	0	1	1d3cc34676dc1b466283e4e730d5da2bc50be51a	1	26143.4794187516
94d66ec8e8f53ff1f84f8db383082eb901747fa1	128	0	1	1	1	720108279293b8fd0be4da66cb73d3c279037f86	1	3682.82565629449
956110103a9926ea19e8c5104390cce06aa7537b	113	1	0	1	NA	e1be44a17172cd8fa290476d9add68eb8f2ab284	1	NA
961e4f1df3d5bc215f267e2fe62cd0aea7049303	41	0	1	0	2	8db0a1fb6e2cde17365ba15935d595fba3531be1	1	3613.10717379529
963c708e00726201e1bac3f289456f713987f607	160	0	0	1	2	2f41063693b1c9ad6984048029799d158e126b2e	2	NA
965f88bfbd551bec0382dfbf959a6b45fc0c89cf	46	0	0	0	5	4d8491e5fae39ce50c78401acb906518069b5c3c	1	1995.84458086786
9681817809f01fc076ec66cc4b8f731f92c6e8c9	4	0	0	1	2	61e366409f4f20bb3def31046bdcdfe8781d6cec	2	NA
976b25daff94e4eafe2404aa65eb728426b4f96a	37	0	0	1	2	75de1b1968cb8372d3d9a64e200e90087ea6b9b7	2	NA
9780e4c83411b9a4d781de9bdf7a865017012e36	57	0	1	1	1	973189cb238ffe3af9ca882d82eb98de4c729833	1	28717.4857982574
978cca4766cbc726d06b668633f33602db61eb06	66	0	1	1	2	f03c1792dcb5c42d4255708959d1be0f7bd9e8d3	1	1378.87627625117
991fdf3e59e81f9c9d634e7dabcdabb78a7d7f6d	47	0	0	0	1	2a7652b5cb8f1eb29e568bf279f21221618695e7	1	12639.9543866344
994efbfd7077092941ab698950b510bcccdc578e	111	0	0	0	2	4e750bf595c12f1423f4b58489c049b8ea55f2af	1	988.054345200307
9982829dfdbd9a0dd00ea036ecb90759dcb07301	99	0	1	1	1	d7aa3f1f578571271174caa4f820d8ee6c05168f	1	11440.866993611
9a51a1031e068fbbcaebd3e9e4079c8b103aa1cd	178	0	1	1	1	64d39622be61c40fe3fa534ea36240f99f0fae0a	1	4734.08247309787
9a5c780f3d4f5634cbd4d7ae30d124a897eef006	148	0	0	0	3	f102163686b5242057ce8a59514df16a4fae43cf	1	7537.94731796916
9ac768a05a1a5183538fbc360a6621819feb75c3	145	0	1	0	2	7d3136320e9ac9a10c015ee4af0cecd0a1370be0	1	975.799834110016
9b6daaaf9ec9b95653a48429aec5b90afe51dfe3	52	0	0	1	2	72c3308b9d24be0117427504853ba09c8461cb23	2	NA
9ba0ca84ebe3f443d0a525ead480c8edf26f4b85	174	0	1	1	2	17f753388b239e09fc1a6ab2cee500b436a61db8	1	100430.832015252
9bffc6c309b836298fa0db1bc7eb4504c5302290	174	0	1	0	2	65935fdf2ab14f7daae2e248a295d8da703bb4ce	1	100222.858533576
9c3dee5079e8953147def9d70d862a3b8a5f1ab3	91	0	0	1	2	172e3de83a178715a3f17eb11d0652beb4d00330	2	NA
9d24ff6b61d31727366d9a5a0fe97c9a4172260f	125	0	0	1	4	5a141d18ee79ab00c25331c3a18686ba7fa85d64	1	4055.78688638765
9db47d3d2e33b2ffa0204ba5d2169c32bf4c48b6	131	0	0	1	4	2784ad2c6cd3fc0826ee4f194e2ca28d557230be	1	4857.91335663756
9e464c8fe08c39ce5fa4952d6aca568bde73751c	136	0	0	1	4	578fca0a07838b4938e017db07dcb09c2d2ddaf9	1	14359.359842093
9eb0d6d53eb8c753562a2bbf0c5a90870ecfa324	12	0	1	0	2	567c09a72943c77e5ac19a0036a8cc8e186e3fe6	1	944.342115174742
9f218a969f62a03ef252334b4dba7a421118c2d1	121	0	0	0	4	ee683acefc567686fb5ddc4257ce226517da92e2	1	6982.05654043354
9f4009d7c6dab72a3092216b71d036b2f4c799a5	73	0	0	0	4	12703258a40d60ec1d6af8389d2b5776041f9414	1	4423.23540329592
9f71d5d8541539f416457185ee8f70a01a5b189d	19	0	0	1	4	1945672b66548532f946b21ed6302e06b217b079	1	2294.90932960516
9fbbc7c4a4b58c5f46b522e676aa6d25c1351f26	121	0	1	0	4	caeaca52899d1c25d1feed523d1491165180b5ee	1	6983.03781125458
a0ddc04c0125fc887cb9cb1fbfb35f1049ff207e	147	0	1	0	2	36c01d3c86b8979b9145ab4829c316fa64ae3e7a	1	758.591600318479
a13c8811843bc15c45d10059ed4fa97a0c97e622	30	0	1	0	4	c27f7f9fc5c3502db4b38df816ddb304b3b3503e	1	1887.07165153824
a173f24b64fbb4b49472f71d1e99210ff743c99f	107	0	0	1	4	35ed233c5f8a38514ef1257bccfc842c13adbf9f	1	126700.710793056
a21216a4c136b5f7152347da94d54d8b3bdcf918	172	0	1	0	2	0fc56f8b9779e8bb02f2777145ba835c3f2d6467	1	1200.43108677989
a28c3e0a86e72290391aeee6d4cd4fbb8189ec5d	153	1	0	0	NA	061095f13352c15db428b9c8240a8fbcbdb45da8	1	NA
a33b1cf5ea0866025ff96436aa001117f5426416	174	0	0	0	2	0081c6fe629f542bdf1551cb7f7dde2782544db1	1	99947.3740351739
a41a2816c7ddadedd3b0c78171fb8c1b9fda38ca	12	0	1	1	2	5e1190bc17503c61ff2a4c8e3e1813d174128968	1	942.632526617119
a4dcd50b1831a7abf943d8906061a1c391ba0d9a	96	0	0	1	2	dac122d7e877db597917ea38065cde694a54eb9c	2	NA
a6383108066814d4f3641a96f4dca690c595a3d3	107	0	1	0	4	4946c87290876d79f96844df0d3f25843e505a52	1	126010.136920536
a67e1fcaa7b915e415c39c96cdf619811f5f6668	119	0	0	1	2	2902be780283e7fbe20c423af90c4470d59397b3	2	NA
a778f23a229c2faa756ea3347694bf1382fc084f	87	0	1	1	4	fc5d4df58ad85b8d75413dfc7c190fe3fe00efa2	1	12035.8232044638
a794c50373a93555c37c44474576c489f6dca829	182	0	0	1	2	1339b6aa6d02a25b5b8e22ad585551080b31b085	2	NA
a8c35af09973b4fb822f3bc8d98a9e50e385ccb5	18	1	1	0	NA	a8b38773eb7820ae284f0e5b2a993032d668ee3d	1	NA
a9b50f608cb2d4bcc19d23b266cb57b431f5f38f	128	0	1	0	1	baa0d532d60a8ada3cb4556ed2a245e1a665e107	1	3683.63138238943
aa42ad4c5b0e2558eb0dbe8d1a45ea8dc187f9bb	179	0	0	1	2	9af7c3ac221f978244fd78e1d141d27a81c9b884	1	49880.6002198725
ab48257c9f53c661fd4b069a55d55b89bfc9e721	9	0	1	1	4	64cfe85f7bc17550b9c4507f9fc0bad91cffad8b	1	32464.1010182157
ab4f595ca442b2689391afe3d2025eedacc1aa2c	83	0	1	0	4	3aa5b6f0f3c90274ab7f9415fd7360d7127bc951	1	1868.76974693303
ac11a5617e8fb0ad8a015e8ecc70469fe57bebd6	93	0	1	0	4	bd1c1b387065396fba2a177d9af5b68c27915aec	1	3628.84868925555
acbfae57a961270b74f82db35f9acf2eec2c546b	56	0	0	1	2	44c06c03572b6546b06d474b679e9ac3658cd93a	2	NA
ace4d6ad2f4b6cfc780885cb498c3af872fab5dc	32	0	0	1	3	91ae1376aacf11e1a1ac205fa633b8c83297c64f	1	70722.7977106276
ad48594408b255e610e12ed95d678c0feb4094e4	70	0	1	1	1	8adf3752709af5ed2e2ef469acc78991b5daa9ca	1	188228.997270218
adcd8cf7937c0c9f7d031f103d96440be7884558	54	0	0	1	2	9101165b4589bbe8da4226969833a33f1bc089c3	2	NA
ae2669547b453723afb0cd4f0588a3ab47cffb3d	17	0	0	1	2	7288b7af3bab561c85e26ad291f31a27c7aa5144	2	NA
ae916af9c42834c88d02b364774af99f78c2e8a9	16	0	1	0	5	d0ed6c9c8c4c54fa7efeb59f334dfa9fa1359570	1	12550.5269216253
b0678c8ed27558036a4a3cae163928976d19a479	89	0	0	1	1	c5524b6a5f71b4edc48223c56d34aa56d30f7289	1	8615.77624188476
b15d26612f7a81a0115867e264977b4310422ba1	6	0	1	1	2	4e1ed0b237ebadd7530ab974b4f6d063950baffc	1	4387.58835918282
b1613578dbdfb88e243c0614e6ab70f6544eda68	80	0	0	1	2	2d7fa66d2baeea0d574e1857abbc43f7de75a517	2	NA
b19c23046c219b08c536b0a34b9d51a497c2fa82	113	1	1	0	NA	955236099ad4638520b0d81f3fb6deadfe2dd1d6	1	NA
b1d8dde6f5b24daaa1612db2678889d5b763e3d9	129	0	1	0	4	aa27acd44048481f2facfeb94c982f96ceaa2edd	1	5666.22954164931
b2610f7388d950faa49cbcd9b55bc155d4e6a7e7	16	0	0	0	5	cdba4f3c4dfcd964491373706d32bc62e84a6c1e	1	12504.1747979037
b2b9a28fa3531ddf227680ec31771a32a2c4a23a	117	0	0	1	2	e9b288def39a04e3163a92ba39485be681a84f1e	2	NA
b2e69875de3947a813162df5dc7129d7bf60275d	138	0	0	1	2	99ca8cd535a382bbbd02d741858ac34dc392fb35	2	NA
b2ed1d358cb5c53cb47c174722b8888bc41005b2	23	0	1	1	5	b42f7cb290acf193199dc11840edc5be0c5bb4cc	1	1371.06812680353
b3e277071737f4fea97bc7a7e2efdf71a313134d	9	0	0	0	4	e63287e1d2108533ee25068b6d00f786c46580b5	1	32381.5979146626
b41c646560f90224aae5178b51ec679f720080e7	23	0	1	0	5	4777882a278b4d8370298d095695cfd61fdc601b	1	1373.85342054408
b4bf2fa96ffeddbd625786b9e3364bd1b4a6a283	64	0	1	1	1	cd8a386f031bf2bf9933d930ab2dadb155d2ad80	1	2894.96220752629
b4d2995f2f1b984c516be0a3e87389dfd4150ec1	146	0	0	0	1	d328123476cb2302908a2cad87f5879402460896	1	79952.0402816215
b55a6f5e2ba73fb406da11ae3390a3a3fcaeb13e	6	0	1	0	2	6938c53ab0a345024c788ea20ac03c2ddde83f49	1	4368.41698305517
b5a8ca74a9ef56a34ad23829ba7cbaeb8006223a	89	0	1	0	1	06d84a0fa740748affad82b60000a78b5f75a6fd	1	8606.22769628943
b5e4c0c917c548e86d915f7869b194e66224dad5	123	0	1	1	4	8cc7102ee1db508fad197a1ec32958d72ec5e18d	1	64015.7699227347
b63cb2d9904cff200dbd05275527c817cd267fd2	1	0	0	1	4	edb72ca6095045a8416bc3abc9b55d41b878fc4b	1	3957.80414150402
b650fcca85c65f5b1b1d4aa427f099f827c3bfbb	66	0	0	0	2	e37d647d84156578c6e79c6c8d2eec8a5a96c74c	1	1376.44486524811
b6521474f6627b1828eb31a1052cce4722547abe	128	0	0	1	1	9420a94af4d2359545a024d26acfc36b27545297	1	3684.04080589178
b671499a4e53b8075a1bb411ed2ebf93a759c717	84	0	0	1	2	4e2fb8328808cae6175815ad9347bf6d4984ea74	2	NA
b7cb883975cd7ed029df1c79627116598fa634d4	159	0	0	0	2	ce3f8f0cb21e1f098dfee366bf3335ac550b6089	1	6873.08971661291
b7da8652aa4646ca8a183975092b76d92966c337	145	0	0	1	2	7da63c8acaa37e1183e91a1523c80e2d10a4d637	1	984.467252555758
b80d8774e02d2baa10a07fa67ca4b5a4ef4de8c3	170	1	1	1	NA	183ffa71229d642b63459e7dbf9c46430fc42947	1	NA
b88b20623c5793f9f1d0e8860ab65f4701f9a245	6	0	0	1	2	62a2fd85075057930c0e2f2578fc2056146308c7	1	4386.92366997525
b8c2acecb1d8a545d67187f830cb8055aab32cd0	55	0	0	1	2	e4b36e9ee4ebd394cc55c057ec6fdc72427b4f87	2	NA
b9278fe2beee35f78fd88bccd5b6fdb8cf9a49fd	158	0	0	0	1	22802987794e647047c72a678d66ea18eef58c7a	1	6940.73445426062
b928431c950a59bbcb99a651174576f524bf650d	62	0	0	1	1	3dca5eb836539b5a1c7ef2ab9a824e9d6e3bdd47	1	6456.6832235384
b936cdc59cbb73d004d7ac34534f4faac4d353ad	83	0	0	1	4	94e33c0a825938027e767c28c129f6b102beba75	1	1877.62321738133
b94348e90dd164735a371b6ba5d7f8bfb80d6038	167	0	0	1	4	88098c753d901058714c4023ea1d407ce1fbdacd	1	12866.9259912906
b9ef6f703d400d3c12a83741282cb586fb487068	88	0	0	1	4	258a3ac3844d4dfbd8e1989bf6ce8b7971514e3c	1	1875.34511334003
b9fd98f21ac059b40ffc4f6ac869083994aa3b92	90	0	1	1	4	89912c459883f6d4c2247079d07a783bf1df90cf	1	6072.91404960694
ba15596fb39719d2ec477408feb60c11fbf421af	65	0	0	0	4	a123f2d45722208c2e6ac80738934d41d3e71405	1	2205.3786002014
bc2e258da22c5990aa089740ddd3bd9c28bd643d	28	0	0	1	5	531bf57de7071667aa7840fff57c5c91e3e322bf	1	1398.35026606273
bd873ae7f2367d19e33e16101939fe7f628f5877	176	0	1	1	1	4de395fab21bae1a1bc8ac72fb0eaad0a9d657b8	1	26153.5310004117
be233a085a3b84c8745617f7052e62ba7357596f	173	0	0	1	4	5a667313fa7328d70580a99084264340e611cd70	1	51117.4318730113
be36cd4a5a0e442c3c3340847af50b928eef68b9	59	0	0	0	1	3b16e69b91bcd2c3ab6235ae10a1cb2ad0957bfb	1	41313.1681030091
bf3192d4367f1043d6a55cd2b97b2b856b5014b0	51	0	0	1	1	60bd0c629b65b6129493d4773a85bde5f2a74c33	1	10795.0209725609
c02003a6715a3257f31c8666cb774ce978b6c535	151	0	0	1	2	23701dffb34c0830789d096fa5bcc0cb9b58ecd2	2	NA
c10d1db00e7b5129507e7db910069367072bcab9	144	0	0	0	1	72717581a8500561efa897d9aab0107c4f23697c	1	1963.15029472562
c11a480bd0cc0fc2c62a8e12c51405b9fac49a9f	46	0	0	1	5	05cdc2e92b1a3d1cd616e73a3603177917fcc9b2	1	1995.06789558774
c196bb26dca6f755184e623394b6ee73b530cdab	36	0	1	1	4	54e2a84b40997302db2b5a67931012d62fc11804	1	18964.098683018
c2aafeee359f61a8007d42dc71d8e125b362a8c6	157	0	0	1	2	0826247200a541c85132b63883d8ab17aaa9aad4	1	83780.7169072385
c4115a431b48bbec1b037888c9b7b73a18628df1	7	0	0	1	2	75cfea9ebc365be049f6c951f1ccaf69e859eb7d	2	NA
c5b38c976550b8e929a9a5fb9067901650051a2c	46	0	1	1	5	1caa4eaf0e47b0d780084b00de06182fc487e923	1	1994.89867503698
c5eeacc101ae687e132cf8ca869b335f58c8de08	108	0	1	1	1	28e4c3429d7ffb472f28662e59d999576fdf92f2	1	756.990219400356
c62f8a027d69260097a1791798dfd64a1b92778b	165	0	0	1	2	6faff97e0305139fd6cbf38f01e2484321938504	2	NA
c690d23390fbffd0d5056fc4d317162227cfb15d	93	0	0	1	4	8767b7da52a8d5d000acb406220cc0f27215ec08	1	3622.16444518903
c765dd28c2d15064d76a0a76e4a776297d23a82a	131	0	1	1	4	7812919120afb812bad15820445118476c21e52f	1	4860.67349444536
c7759c891a2cf19e315832a2275d444ab0471877	42	0	1	0	1	3bf0a29570fb31d9d5858a2cda5331b3f3b09d7b	1	14273.3316984923
c783e3a1e2be6b9a09434a598c8c0a19ad188a39	153	1	1	1	NA	57021b43ba7eac771a1c1688c854068f657b20e4	1	NA
c7891fd49669dd7b9a9c883b6bb104839613a9cb	18	1	0	1	NA	cff134c0303d8c7d349d1c1837ad5e6d387b6548	1	NA
c7c3f228039f1bf91c8f8a74441fe2246ac61b63	186	0	0	1	2	a4a68fd2506a318b0c2a416cb5085637507b8639	1	12998.8081371219
c7cc0b43d4185bd3ffde5a89e431b5946b4ca85a	172	0	0	0	2	8772a23704729fe8d41a2ad70d7337e1e7129d04	1	1189.21242926739
c8183c658be896d31131e2bf7264fe3ffabfefee	109	0	0	1	2	f41c9f8b5da4ae39652a6262edd7d9e4c6e6979d	2	NA
c95739f0f351d9979093a0d9686985b4898b4a44	47	0	1	0	1	16ac10f09dd230de1b31fe48e038d4c17be9cd6b	1	12693.5356819642
c9627b175ee0056d3439dbe670c377da7e93b290	186	0	1	0	2	19594b4873f3960302804802f235da4775d9eab9	1	12980.7694039868
ca5ee2bb458148b172115c42c57618e31af78a85	32	0	0	0	3	248d0af412ebee863f5d1e02681d1cacd02ced69	1	70712.1903402957
ca5f4bf0a501d6e666dae396a49f08fae3c94089	149	0	1	0	4	537effc36811005147eb40630a9ca1ce7fafbd37	1	9317.12601589607
cb456245e9b933ca4250745946ebfcc2d653bc22	162	0	0	0	5	6f728c23b2ca3207c0f4a0f5aabc331b3243dd1c	1	18844.9436815923
cb8dbd055d69b6eb6a1e9784fd05dd8e14a37b9d	187	0	0	0	1	9c5a548c3a204b766201887d72c35ece52833d34	1	4426.78027314812
cbe6ec589b3f32701962efcd767f2721a50b3be1	72	0	1	1	4	4f9b0ee671cfb1c9bb2be2732c45e82fe3696be3	1	72875.6064698386
cc38b4ed400979884487bb6d30a224a2234d2f45	61	0	0	1	2	c01f0fd64c98e737d1b4447a004068dab1def6f5	2	NA
ccb9b60433bdd7ec56b0d9581e6318a02beac01c	26	0	0	0	4	95c8aede64a8207003c29128e8602552688fe63e	1	16520.2061415683
ccbd9202891dbe48ab8cafa97baf56cd5bb5e979	158	0	1	1	1	5b08a3d2495fd61251fb10f656eac5a9bdb1bf03	1	6953.86730657273
cceb2e64f460497f3abce3cdf940796305922ad4	16	0	1	1	5	7160a8725f01d13112ca34bb64237f7d0b7d508e	1	12552.1045369196
cd197cce362a92d13965ca88db7dded4fa2f115d	111	0	1	1	2	76dd4e631e1ebc0401c67ea88fef7bf116fd720b	1	996.274420095141
cd85d5886f99b30f26d7da893bf6ab772a9308d0	125	0	0	0	4	500e68e3274bc1b032ec4e55e70f5811f6332c82	1	4054.01727889145
cd9bfbc9381ba0393df91ad4315b74eb4c39f2a5	163	0	0	1	2	27c347b5a7ae9ad4acc15922d3db29bf50429d1e	2	NA
ce4d63c752eabb99d46966a3ac431f6ea489d2b9	87	0	1	0	4	1075b9cd405f0740e344a4e7c1d92247c967118f	1	12043.7988604818
ce4f79d894b07094ccfe03af7f1a12af67f0118c	161	0	1	0	4	4a188975a065b4fc56ce5e8ca0a324708a8b1db8	1	67057.053411997
cefafcf222b91bc05c2325b9c540c1ec8462686b	67	0	0	1	2	c5e03d4f7126e6c90d635848f24aac145d69c6c9	1	48400.4595992569
cfb28c686040b3dcc22a94554c8161b1974d23a8	5	0	1	0	4	afe25b551072b5e0dcfad710899d1b8430474e9a	1	7184.74474657485
d0a58ef27f487fbbcdd30d7869a4a28f82cac2f5	79	0	1	1	4	314afd6b9615e8186ebf5fb68b575f202ca47ccd	1	46790.3392225121
d230824d99f5bf7d59ac204bbc1b35f5293317a1	128	0	0	0	1	f444dfd86ca98c0fe86dddc91662ab47ceb70dc5	1	3683.42406217154
d30c6d7c0f0d1582bb1260f70d0b5f9e9df249b2	179	0	1	1	2	5a2c2dd5d0cf690605494991e06fd13408c86434	1	49877.0938565239
d31c0e73a1d5612fcf092af2e809da4d3c9885b7	35	0	1	1	4	b0b83be573afad2be555f13a5f6d6fd0230e18d0	1	40129.33920355
d32b48c84c281f55910d246375dd2455a054c970	62	0	1	0	1	18ab0172266339f50060b0f560086cbaef445e08	1	6468.2680018254
d35c6e75b4e1f12fb43d6af01c14ca3ea9e7723c	124	0	0	1	2	b152115ff80e8d6b451cdabc60d068417271d767	2	NA
d37bc22db0f55167a5d913fc4b54688537e8046c	31	0	0	1	2	af23278b289f28a7239143235c9cff2cd6cdfa3e	2	NA
d38b91259357b9490976ea4efcab63f8d8658d0d	90	0	1	0	4	c3c3d4676cdfdd8f7015f6c137a53aeee8e31fc5	1	6062.84023175161
d486919734c6126af9e5384e8b97195a1be735bd	70	0	1	0	1	63515c03d06f6af2f0d5936b97b758bee90747f0	1	188186.986979998
d584030d2711a42cb5d4e4818c6e33f2ce66537a	110	0	0	1	2	b00aa8899619a47767b6e54d102e749fa9074b61	2	NA
d6114df91f4560a386aed240f1a12a3c2afdbeff	59	0	0	1	1	3d04020fcd41f9f363aa2f08629f95f079e6b3ae	1	41330.4997818867
d614cc2bb9b7518ee2f26041d51899acc2124a19	180	0	0	1	4	659b97f331e28a6dbb73b4a42f2104b1f26f2720	1	4154.94052379765
d63883a391696db5c6ff98f76404cf4b3a97d70f	19	0	1	0	4	22ae006114a43968dd2e79738a33a6d56fcb0c5c	1	2290.90832932079
d6bb53c9858fddf173898cdcfa1cbf42f5d52c5c	76	0	1	0	4	26be8c03f00cff0952b0f8da9bb422344ea542d8	1	108850.645270987
d71dd9ef32818411e03aabcc7f952cbb8e073364	157	0	1	0	2	0ffbab2612ea0330ee5c4a021752e87740ac8cdb	1	83717.7784300126
d759ba56ea04eae3e9f4b5949c443cb92f0082e8	1	0	1	0	4	3178d09c5c84c6b7032f932cda7965b214779cb0	1	3944.33320887047
d7dda403d507084ed05cc1b9bf6c65829da6a22c	89	0	0	0	1	afc0baea449e33ba08a33610c68093b43e07f4d7	1	8594.53219528849
d878f7c6794d0a6d9a8d04be68ebb93eafdf01cc	67	0	1	0	2	3dee05bcf4782a1d4eacdbdfaabdd7cd0700f025	1	48415.2615328336
d8d15a974942e6d785a918a233a231e441f7060a	132	0	0	1	2	6c03906d077dfcf124f64be2198aa830b47de7f6	2	NA
d9324f2995ad0639613df9f51db6213fee19a45d	30	0	0	0	4	f5fc1bfbb3223cde54df839974b04ab6e309fb74	1	1881.68448773416
d9f521188e10884be7feb4e36e64c54ba92a2eb0	64	0	1	0	1	cde6a902ff7a65a904396b4a03543719ca63f620	1	2890.63528616976
da52aad88bb34e0698bc27c2949dcd740c40ae37	8	0	0	0	4	4492d5bd04b94195ea71ae28823595027c94fd21	1	6484.3039756863
dab16115cee8ffa0bce8f85a2ccd1b053fad2d50	40	0	0	0	1	0eaeb68324c260cbb85656c9ecae2edf7d30c1dc	1	5806.03359704472
dad4ffea3b799193558c2083b14fb4d0d4607b37	158	0	0	1	1	4d2383c8a99a7d3319b9a80ccba446d90e6821d9	1	6952.7206923633
db80b7d7054121bcb48063a280bf423f10951cd4	118	0	0	1	2	987e9bfcaedf0140add0705ce930d45bcdb94c2a	2	NA
dc504e7e6d04d45ccc6e6eb088e10e6ae370db7f	9	0	1	0	4	877a07d273ffa7a31d0898c763e6de31a611cf67	1	32419.3340072942
dc7082da321e75ef33eafd6e45cfc31f49092646	172	0	0	1	2	2287368f5a2f29ffe32efa099dfbffaaaaa1c3e8	1	1219.48981408207
dcfc2f822482774dd79aa794fe8524cf63456be0	149	0	1	1	4	21f12f0dda556db61b0fd5710384b27f947887da	1	9348.22170761429
dde1b03bdb515fa5265fe148b747eea81a61ab79	50	0	1	1	1	2aa331b6560869e322698a489ad458304938ac72	1	17495.7459146499
de14295bbf982e71cb016c9837ad969232b6addc	57	0	0	0	1	b9e9eaeb9a9b1957dc58068807ddfb7ac5c08407	1	28688.5724550079
de35ec95ec5aa87f0eb6ef4f39fb69eb33059681	154	0	0	0	1	e2afa6ecb0460868eba2ae2d62e506e8db67203a	1	991.051240781339
de62a933bc35a322e6d059a491ece3b0a3a39660	171	0	0	1	2	151424105af6391b60e682b0437d182b58a0cf29	2	NA
de65b4be001ff696e0cc9a3e1de6f8bf549503a3	15	0	1	1	1	b425d55f604b006eca4f82e9d91c369936b61b31	1	5949.18448641338
e048cdd8d6d271dfc7176db78a1360ce53cdd2bb	131	0	1	0	4	a0cab3e51c4a9251ca37b963b1f655fe0765bd23	1	4866.76021315905
e04cd576ce0e25075d86ad8d701a970966d70126	105	0	0	0	4	52e263ac53a8eea69c95496c56010c6f63ed0dd3	1	1361.94390965683
e0b6e36d3ff25cf77fbc653610885243e3d3434f	99	0	0	0	1	abe6683bb7fc5334c5547c2a7a98a9a700c73e1b	1	11439.5354331975
e12bcf2f860f9632cd9480a7012a2f24ec0245d8	85	0	0	1	2	20d0bf66fc4bdc7faa7d13250e36b0a0e2c0f4f9	2	NA
e1dac34d6ced7dbd3f50d378e6d9f203cd132f36	166	0	0	1	2	3f7c8fa770dda1d99bf21f630d582f52244bc518	2	NA
e27ffc622fc34367653dc5fe8ab520b3e0869264	113	1	1	1	NA	368e75a5497448e8b3aedc5243f221c65a1b87f6	1	NA
e2bad924f4ed35632db51b59fe588f2befbfbeed	120	0	0	1	2	60817ca88f26db79be42c39b5834ad9760fb8bea	2	NA
e33253eafdc941ee325d8916e0bb512f3bfd7572	191	0	0	1	2	09837fe2255b5ffb95c604921c6aa1404e633346	2	NA
e4f735afbc50ef4238626fe1b91c19a8012c6171	135	0	0	1	2	bcb424fd50d8086916ef4e09462442e6c53f4d10	2	NA
e5557172e8c0d3aff430e93fe63bdd29200382f7	137	0	0	1	2	4f0cedd946d59a6b77deadcc94a64bfdff5a4b40	2	NA
e58194327ff02119c20ef726e2fe24563a009eb3	99	0	0	1	1	6dfc44cb1646cc4332c5280e685120d2a8ddbe99	1	11442.3580817272
e59c51e4820db7be851b57738511abadddad37d7	58	0	0	1	4	a0bc132536a6b0e6c878d2a95a1563ce45cf2902	1	26170.7692611603
e5b5d503f9717ded57728e8b290e4c722ca75885	63	0	0	1	2	9a4f95abd7f87144dd3305f23d4938575609d3fc	2	NA
e6c299b53780e4de5eafc9a8ca2bbb4152802728	48	0	0	1	2	baa42d7a1ec45a48c3c6ad1c3d391cbdea4eafa4	2	NA
e8da11d87c97fb1d0a2a13bfd37fe8f032b7b35b	50	0	0	0	1	888f9aab98d1fea5f37798d5e534a43dc3f25dcd	1	17451.2010720745
e8e8ab63aa33aac013912a7bba79e70bf0104670	157	0	0	0	2	55a3d6d36683780f84cb7b55dacc397f7af8c336	1	83446.5400268351
e979c9afb285c908abae1ef6c88a02021f55374e	156	0	0	1	2	4f10a303b552618b73ef6ead5fc85ee09fc8e8de	2	NA
ea1d7d9655298ce0c62dad29b883c1ca478dae67	101	1	1	0	NA	c4bac531cde5c004e8c62d1fd2a10a48f9c7a147	1	NA
eaac7db71e9c295cf4770b3bac90f14898d2f3fe	14	0	0	0	2	81527b30bcce2963d313c8731a1862713ecffdc9	1	24149.5410312835
eb187b43293c69461950abfa703ad2be52587eb9	180	0	1	1	4	d71f2a2b7abaa31ad9cd7fdc2695f402cee7ebaf	1	4154.63198403364
ebb34d4478ddb4b1ac9cc1326b4905f400d34b99	65	0	1	1	4	320424a374631d1ba6cc761280dec8ea09ef1422	1	2226.66926895574
ebfaa6129d257ac4223e5568ce2e9b19ad0808a3	77	0	0	1	2	5efb4018e9d397eb85dd971f22fb21bc5341f73e	2	NA
ec0037b490bf1e856a06a3cf8e974e73c28b0c7d	126	0	0	1	2	3ebafbdb7757fa96436ac3c93c8266506d593ebd	2	NA
ec266e60a88d1dd5d23edd554c00cefdbef4eede	44	0	0	1	2	14aac097e36cdb191e692e9eea78113c25522632	2	NA
ec31a29a0a392aed5937f075c76502a926a77822	23	0	0	1	5	7432f204d6f8b51b4002d5b4ab763820f625c243	1	1370.32427867575
ed16950f5e48e16868fa08bc614044991928871e	98	0	0	1	2	c887da79168e11cb1850494153e5cdb96016acc2	2	NA
ee11d8f8f5d4701867dfb1ede321c37ed45792f6	167	0	1	1	4	6aaac27e1084e027b18fae8ef7f9106676259b95	1	12866.9540391133
ee44bd083e06c19498a8fea3d26855ca62bae4ba	147	0	0	0	2	dd58bb655409c10ad5d82d9f196c3cb38a6f12af	1	757.615005573551
ee9f478364c4494e3678d0f0eda24c86b1ce54e2	65	0	0	1	4	db5ce721a99b4ea1e4c418d00cba6c72e3e72a1e	1	2227.39226870366
eef27c032da9e24e6ce23bf25e20c54c5c646083	142	0	0	1	2	7e45aeeafa042d965cd1bf7d4fdb1534201b7a45	2	NA
ef8f080301d39f60ce5f3303a6f79fed411423fa	47	0	0	1	1	53aaf65012696b0b84ee2abab0493c004f9a7a21	1	12715.5523711277
eff1b12635c7a318872a0f6b90f607945e244862	185	0	1	0	1	22ee9aa2467d132002db875e8eabcf634459a6a0	1	6065.72870663007
f041ef7e5426039e222d3d583c87473c23145c28	68	0	1	0	1	4a61a36f890ba4c3efb53abc2d61c2a9e1feca21	1	37314.5580372015
f11ef4071f1c0dfb0c87d6417f7fe11d86bfe9dc	2	0	0	1	2	ac8362c397f3a6907073b5de9f5264d98a3275a2	2	NA
f136a8b9acd0baf5efa5ed79a72f4688fe4c41da	186	0	1	1	2	a74d9244ff20f94d09a066cf9885078a776d6989	1	12997.3304324244
f1a5501befe93a37ec3f8040fab9f356d9d902c5	72	0	0	1	4	dd1833ad4e5fd17b096cab6e3d74badd564d1e09	1	72878.371642946
f1cf70ad90c37e205346d4c7b6dd7fe9b6f92730	19	0	0	0	4	5ccb2c952cb37915a26f6509063fbb3d2e8b2362	1	2288.86649772247
f1f8dd522f2ed54d93284c7264359ff166b49765	152	0	0	1	2	3b7f004284bd35300bf3db6f23aade75fc0d7f19	2	NA
f28af1197504d2ee7f1e057da67aad80fe1df0b0	123	0	1	0	4	faf489eee1f3cc3ebaefc6cef4b2509387a7d955	1	63974.117990352
f291975c3ee7b0b948d11264ce52acec6f8977a1	30	0	0	1	4	0e81cee30e0630db49ea484a19f2edc5864909a9	1	1895.36473262721
f3c17c28e98e6aae7e9ddda2ff14a7a648217168	8	0	0	1	4	cfb845d4bb8f966dd8894dfa23c01b2815041cd4	1	6496.91214053389
f4937b4cc930a5d074111143e6e9ebb6fd3ac4ba	53	0	0	0	4	d49266aa75af6e76b2b4ca4575d49cd1a6fb2913	1	8034.62801966192
f49efa5cfe4556b8fb94c8d453bfe7f1bed9e20f	83	0	0	0	4	a76f4070b11456db50fbbe50e7e756fdbfa2eaf3	1	1861.46818039946
f53e0266baf7fa1f2bdf2880b66d3c13444a18c9	90	0	0	0	4	f81d4c18c98e8b7543050776890d7402a20060af	1	6050.61037746878
f54cd75786ce335587d0f4a954bfda162be02653	11	0	0	1	2	51d2d83a9c3cd5781b871c622bad1f7eb60fbe16	2	NA
f5792dbf6609947eba10dfb3b4429aa3a47204cc	18	1	1	1	NA	1048c986c968efcf55b0ac0d066e6eb21807a9c6	1	NA
f5aebd43ff9b6e06d1e1e7ba7ebb028c1ddd091d	170	1	1	0	NA	917394c008929e2615318b4187305c2aed360039	1	NA
f5b405df003a35ecfe879bb5eb7dae6b4eec2dad	136	0	1	0	4	6055795e2af65cfdf6d2ba326df808a1ed533d37	1	14363.4705515051
f6627139aaf47a9dff99ec9ba2dfbbcf5d566c2f	14	0	1	1	2	062b04858d37e6fcb37d4de8ac6b2e9e43b1d6db	1	24181.8777522276
f694960374001db073fa7f9eaabc38582a67e425	66	0	1	0	2	0bc8ea0f9cbf85f4a3c96ba8c67e2909e6e30678	1	1374.83205234037
f6ef826f31dd3376739e23f9c334a158bd1cb298	175	0	0	1	2	bbdeba50fd7f100684a61f9a7aa7b1a0a3d55018	2	NA
f8596ee0738fd16a5157d960bb58795b73bbc92e	173	0	1	0	4	bf0bfe30b8f5655f7f2bae16b2caa8a3e871159f	1	51124.1445278997
f88e30f21dfcdaee543a181bf4c039a7598dd249	35	0	0	0	4	3c3d6f49665fddd11df5bc9e1fd0365f069e43df	1	40053.4489009102
f9933bf7817dd80c378cf3b0c55334a979937640	97	0	0	0	4	53d314790bbca7e841a5e1de899abaf8cc59b131	1	6214.22087508183
fa15593f6869a3e4e9b851fcd3fefd016e6260ec	154	0	1	1	1	0681e041312335f717daec073326358163113a60	1	1002.08919472435
fa3aa51785950d4dac83bb50473536372af1e01f	36	0	0	1	4	eebc289a60081c199949feea664faa7dcdadbf04	1	18942.3333254521
fa605cbbc698ba0f9acc3c71010dcb352ebdd981	99	0	1	0	1	90251bbbb9f49f8a96186c112c483386144356cb	1	11442.7478335875
faecf834f729fd73a67cf910a087f2bdb3e09654	127	0	1	1	1	6e9b28250736f639667cddf5ad32ba22191fde32	1	5458.71378671017
fb012ac2a2a7ade37930fd553da9421cba16f552	162	0	1	1	5	691df76ae0043992aa6e418b8f4c31cd3a11ae6c	1	18883.9666161414
fb97d1da0003d9c3f3ec298634a0797784bc49f6	179	0	0	0	2	77e7df698be9ce5cea4e9800dd63b29592e7f1ff	1	49723.7027367501
fc478aadb364af7f3b7e34a253e9178659194499	93	0	0	0	4	9f28c9268a79f3f795c0ae7cb9b65f152d918d8a	1	3624.99008710242
fd41c8aaac996261aae6dfd0cf486f8cdb008a6b	89	0	1	1	1	d9467c8ca1b2d943b4b997cadedc960f937cdf83	1	8616.29898689583
fe465c9d34b06277eebbfb6fdf492252fc12620d	164	0	0	1	4	8234f4af23a58948af434e5d533b606dd46cc27f	1	112057.603154454
fed4d958cc5ef46285146c2622c2276b5a5f4f08	102	0	0	1	2	15a08596a12d49f7955895abf9a73b8dcfae1a90	2	NA
