analysis	midpoint	window	estimate	lower_confidence_limit	upper_confidence_limit
1	2009.5	6	1e-04	-0.0268	0.0271
1	2010.5	6	-0.0176	-0.0436	0.0084
1	2011.5	6	-0.0463	-0.0731	-0.0195
1	2012.5	6	-0.0694	-0.0981	-0.0407
1	2013.5	6	-0.0693	-0.0975	-0.0412
1	2014.5	6	-0.0531	-0.0795	-0.0266
1	2015.5	6	-0.0325	-0.059	-0.0061
1	2016.5	6	-0.0024	-0.0296	0.0248
1	2017.5	6	0.025	-0.0014	0.0514
1	2018.5	6	0.0503	0.0238	0.0768
1	2019.5	6	0.0485	0.0209	0.0761
1	2012.5	12	-0.0368	-0.0474	-0.0262
1	2013.5	12	-0.0342	-0.0447	-0.0237
1	2014.5	12	-0.0271	-0.0373	-0.017
1	2015.5	12	-0.017	-0.0267	-0.0073
1	2016.5	12	-0.0078	-0.0182	0.0026
1	2014.5	16	-0.0156	-0.0224	-0.0088
2	2007.5	2	0.1719	-0.0018	0.3456
2	2008.5	2	-0.0183	-0.183	0.1463
2	2009.5	2	0.1089	-0.0588	0.2765
2	2010.5	2	0.2401	0.0754	0.4047
2	2011.5	2	0.1734	-0.0633	0.4101
2	2008.5	4	0.0769	0.0138	0.14
2	2009.5	4	0.1101	0.0498	0.1703
2	2010.5	4	0.1807	0.0933	0.2681
2	2009.5	6	0.128	0.0799	0.1761
3	2009.5	6	-0.069	-0.1157	-0.0223
3	2010.5	6	-0.077	-0.1225	-0.0315
3	2011.5	6	-0.0516	-0.0966	-0.0066
3	2012.5	6	-0.0386	-0.084	0.0068
3	2013.5	6	-0.0376	-0.0833	0.0081
3	2014.5	6	-0.0497	-0.0964	-0.003
3	2015.5	6	-0.0478	-0.0948	-8e-04
3	2016.5	6	-0.0473	-0.0955	8e-04
3	2017.5	6	-0.0247	-0.073	0.0237
3	2018.5	6	-0.0142	-0.0648	0.0364
3	2019.5	6	-0.0188	-0.0737	0.0361
3	2012.5	12	-0.0516	-0.0758	-0.0273
3	2013.5	12	-0.0519	-0.0759	-0.0279
3	2014.5	12	-0.0426	-0.0666	-0.0187
3	2015.5	12	-0.0367	-0.0614	-0.012
3	2016.5	12	-0.033	-0.0593	-0.0066
3	2014.5	16	-0.0431	-0.0627	-0.0234
4	2007.5	2	0.5457	0.2342	0.8573
4	2008.5	2	0.452	0.1424	0.7617
4	2009.5	2	0.1207	-0.1795	0.4209
4	2010.5	2	0.091	-0.2145	0.3964
4	2011.5	2	-0.1582	-0.5731	0.2566
4	2008.5	4	0.3807	0.2493	0.5121
4	2009.5	4	0.2112	0.0962	0.3261
4	2010.5	4	0.0251	-0.1379	0.1882
4	2009.5	6	0.2105	0.1195	0.3015
5	2009.5	6	0.0542	-0.0411	0.1495
5	2010.5	6	0.0449	-0.0429	0.1327
5	2011.5	6	0.0193	-0.0628	0.1014
5	2012.5	6	-0.0086	-0.0866	0.0694
5	2013.5	6	-0.0362	-0.1167	0.0444
5	2014.5	6	-0.0489	-0.1319	0.0341
5	2015.5	6	-0.0516	-0.1352	0.032
5	2016.5	6	-0.0478	-0.1303	0.0348
5	2017.5	6	-0.0314	-0.1119	0.0491
5	2018.5	6	2e-04	-0.0828	0.0831
5	2019.5	6	7e-04	-0.0888	0.0902
5	2012.5	12	-0.0044	-0.0432	0.0345
5	2013.5	12	-0.013	-0.0501	0.0241
5	2014.5	12	-0.0199	-0.0573	0.0176
5	2015.5	12	-0.0267	-0.0658	0.0124
5	2016.5	12	-0.0299	-0.072	0.0123
5	2014.5	16	-0.0106	-0.0393	0.0181
6	2007.5	2	-0.074	-0.1429	-0.0051
6	2008.5	2	0.0263	-0.0475	0.1002
6	2009.5	2	0.2022	0.1307	0.2737
6	2010.5	2	0.0699	0.0062	0.1336
6	2011.5	2	0.1922	0.0978	0.2865
6	2008.5	4	0.049	0.0269	0.0711
6	2009.5	4	0.1098	0.0865	0.133
6	2010.5	4	0.1463	0.1138	0.1787
6	2009.5	6	0.0909	0.0743	0.1074
7	2009.5	6	0.028	-2e-04	0.0563
7	2010.5	6	0.0185	-0.0084	0.0454
7	2011.5	6	-0.0036	-0.0299	0.0227
7	2012.5	6	-0.0306	-0.0578	-0.0033
7	2013.5	6	-0.0511	-0.0813	-0.0209
7	2014.5	6	-0.0401	-0.0686	-0.0117
7	2015.5	6	-0.0111	-0.0377	0.0155
7	2016.5	6	0.0059	-0.0216	0.0334
7	2017.5	6	0.0182	-0.0106	0.0469
7	2018.5	6	0.0234	-0.0051	0.0519
7	2019.5	6	0.0086	-0.021	0.0381
7	2012.5	12	-0.0086	-0.0197	0.0024
7	2013.5	12	-0.01	-0.0207	7e-04
7	2014.5	12	-0.0099	-0.0206	9e-04
7	2015.5	12	-0.0101	-0.021	7e-04
7	2016.5	12	-0.0094	-0.0211	0.0024
7	2014.5	16	-0.0046	-0.0125	0.0032
8	2009.5	6	-0.0786	-0.1223	-0.035
8	2010.5	6	-0.0271	-0.0711	0.0169
8	2011.5	6	-0.0098	-0.0553	0.0358
8	2012.5	6	-0.0547	-0.1027	-0.0067
8	2013.5	6	-0.1058	-0.1594	-0.0523
8	2014.5	6	-0.1169	-0.1653	-0.0685
8	2015.5	6	-0.0211	-0.0669	0.0247
8	2016.5	6	0.0821	0.0354	0.1288
8	2017.5	6	0.1177	0.0671	0.1683
8	2018.5	6	0.1678	0.1193	0.2163
8	2019.5	6	-0.0357	-0.0896	0.0183
8	2012.5	12	-0.0525	-0.0687	-0.0363
8	2013.5	12	-0.0224	-0.0384	-0.0063
8	2014.5	12	-0.0096	-0.0264	0.0071
8	2015.5	12	0.0177	0.0018	0.0336
8	2016.5	12	-0.0036	-0.0223	0.0151
8	2014.5	16	-0.025	-0.0361	-0.0139
9	2007.5	2	0.1924	0.0684	0.3165
9	2008.5	2	-0.1308	-0.272	0.0104
9	2009.5	2	-0.0039	-0.1507	0.1429
9	2010.5	2	-0.3974	-0.556	-0.2389
9	2011.5	2	-0.0588	-0.3165	0.1989
9	2008.5	4	0.0042	-0.0425	0.051
9	2009.5	4	-0.16	-0.2129	-0.1072
9	2010.5	4	-0.1778	-0.2668	-0.0888
9	2009.5	6	-0.1026	-0.1478	-0.0575
10	2007.5	2	0.0143	-0.0895	0.1181
10	2008.5	2	0.0477	-0.0603	0.1557
10	2009.5	2	0.0512	-0.06	0.1623
10	2010.5	2	-0.06	-0.179	0.0589
10	2011.5	2	-0.0118	-0.1241	0.1005
10	2008.5	4	0.0388	-0.0243	0.1019
10	2009.5	4	0.0168	-0.0333	0.0669
10	2010.5	4	-0.0122	-0.0678	0.0435
10	2009.5	6	0.0107	-0.0277	0.049
11	2009.5	6	0.0346	-0.0152	0.0845
11	2010.5	6	0.0268	-0.0219	0.0755
11	2011.5	6	0.0489	3e-04	0.0975
11	2012.5	6	0.0562	0.0078	0.1047
11	2013.5	6	0.0593	0.0098	0.1088
11	2014.5	6	0.0426	-0.0072	0.0925
11	2015.5	6	0.0434	-0.0077	0.0945
11	2016.5	6	0.0499	-0.0021	0.1019
11	2017.5	6	0.0494	-0.0038	0.1026
11	2018.5	6	0.0472	-0.007	0.1014
11	2019.5	6	0.0071	-0.0468	0.061
11	2012.5	12	0.0443	0.0169	0.0717
11	2013.5	12	0.0416	0.0143	0.069
11	2014.5	12	0.0504	0.021	0.0799
11	2015.5	12	0.0509	0.0203	0.0814
11	2016.5	12	0.0379	0.0077	0.0682
11	2014.5	16	0.0394	0.0158	0.063
12	2009.5	6	0.0209	-0.0047	0.0466
12	2010.5	6	0.0069	-0.0179	0.0318
12	2011.5	6	7e-04	-0.0242	0.0255
12	2012.5	6	0.0035	-0.0209	0.0278
12	2013.5	6	0.009	-0.0154	0.0335
12	2014.5	6	0.0117	-0.013	0.0363
12	2015.5	6	0.0064	-0.0179	0.0308
12	2016.5	6	0.0077	-0.0165	0.0318
12	2017.5	6	0.022	-0.0014	0.0455
12	2018.5	6	0.0402	0.0177	0.0628
12	2019.5	6	0.0517	0.0267	0.0767
12	2012.5	12	0.0101	4e-04	0.0198
12	2013.5	12	0.008	-0.0015	0.0176
12	2014.5	12	0.01	4e-04	0.0197
12	2015.5	12	0.0164	0.007	0.0258
12	2016.5	12	0.0227	0.0128	0.0326
12	2014.5	16	0.0183	0.0117	0.0248
13	2007.5	2	-0.0374	-0.1512	0.0764
13	2008.5	2	0.2509	0.1409	0.361
13	2009.5	2	0.0857	-0.0189	0.1903
13	2010.5	2	0.154	0.0547	0.2533
13	2011.5	2	-0.0155	-0.1521	0.1212
13	2008.5	4	0.1149	0.0764	0.1534
13	2009.5	4	0.1558	0.1185	0.193
13	2010.5	4	0.0827	0.0336	0.1317
13	2009.5	6	0.107	0.08	0.134
14	2007.5	2	-0.0763	-0.1456	-0.007
14	2008.5	2	0.0262	-0.0429	0.0954
14	2009.5	2	-0.049	-0.1153	0.0174
14	2010.5	2	-0.0187	-0.0846	0.0471
14	2011.5	2	0.0042	-0.089	0.0973
14	2008.5	4	-0.0271	-0.0504	-0.0038
14	2009.5	4	-0.0173	-0.0418	0.0071
14	2010.5	4	-0.0209	-0.0549	0.0131
14	2009.5	6	-0.0212	-0.0394	-0.0029
15	2009.5	6	0.0671	0.0384	0.0959
15	2010.5	6	0.035	0.0095	0.0605
15	2011.5	6	-0.0044	-0.0295	0.0207
15	2012.5	6	-0.0276	-0.0527	-0.0026
15	2013.5	6	-0.0427	-0.0686	-0.0169
15	2014.5	6	-0.0434	-0.0691	-0.0176
15	2015.5	6	-0.0296	-0.0538	-0.0053
15	2016.5	6	-0.0238	-0.0489	0.0014
15	2017.5	6	-0.0342	-0.061	-0.0073
15	2018.5	6	-0.0227	-0.0485	0.003
15	2019.5	6	-0.0214	-0.05	0.0071
15	2012.5	12	-0.0017	-0.0118	0.0083
15	2013.5	12	-0.0144	-0.0243	-0.0045
15	2014.5	12	-0.0242	-0.0344	-0.0139
15	2015.5	12	-0.0298	-0.0402	-0.0194
15	2016.5	12	-0.0317	-0.043	-0.0204
15	2014.5	16	-0.0122	-0.0195	-0.0049
16	2007.5	2	-0.0652	-0.193	0.0625
16	2008.5	2	-0.0152	-0.1461	0.1157
16	2009.5	2	0.1613	0.0153	0.3073
16	2010.5	2	0.1012	-0.0276	0.2299
16	2011.5	2	-0.0734	-0.241	0.0943
16	2008.5	4	0.0227	-0.0261	0.0716
16	2009.5	4	0.0903	0.0357	0.1449
16	2010.5	4	0.0669	0.001	0.1327
16	2009.5	6	0.0413	0.0056	0.077
17	2007.5	2	0.1375	-0.0214	0.2964
17	2008.5	2	0.0582	-0.0844	0.2008
17	2009.5	2	0.1244	-0.011	0.2599
17	2010.5	2	0.0047	-0.1283	0.1377
17	2011.5	2	0.196	-5e-04	0.3924
17	2008.5	4	0.1018	0.044	0.1597
17	2009.5	4	0.0686	0.0164	0.1209
17	2010.5	4	0.098	0.028	0.168
17	2009.5	6	0.094	0.0507	0.1373
18	2009.5	6	0.0208	0.0058	0.0358
18	2010.5	6	0.0027	-0.0118	0.0172
18	2011.5	6	-0.0023	-0.0168	0.0121
18	2012.5	6	-1e-04	-0.0146	0.0144
18	2013.5	6	-0.0085	-0.0231	0.0062
18	2014.5	6	-0.0142	-0.0289	6e-04
18	2015.5	6	-0.0169	-0.0314	-0.0025
18	2016.5	6	-0.0217	-0.0363	-0.007
18	2017.5	6	-0.0011	-0.0156	0.0134
18	2018.5	6	0.0105	-0.0036	0.0246
18	2019.5	6	0.0092	-0.0065	0.0249
18	2012.5	12	-0.0012	-0.0066	0.0041
18	2013.5	12	-0.0063	-0.0116	-0.001
18	2014.5	12	-0.0068	-0.0122	-0.0014
18	2015.5	12	-0.0069	-0.0123	-0.0015
18	2016.5	12	-0.0043	-0.0102	0.0015
18	2014.5	16	-0.001	-0.0047	0.0027
19	2007.5	2	-0.0448	-0.1949	0.1054
19	2008.5	2	0.0344	-0.1119	0.1807
19	2009.5	2	0.1313	-0.016	0.2786
19	2010.5	2	0.114	-0.028	0.2559
19	2011.5	2	-0.2119	-0.4737	0.0498
19	2008.5	4	0.0397	-0.0129	0.0923
19	2009.5	4	0.097	0.0371	0.1569
19	2010.5	4	0.0214	-0.0583	0.1012
19	2009.5	6	0.031	-0.0115	0.0735
20	2009.5	6	-0.0223	-0.0653	0.0208
20	2010.5	6	-0.0541	-0.0947	-0.0135
20	2011.5	6	-0.0708	-0.1128	-0.0289
20	2012.5	6	-0.0803	-0.1238	-0.0367
20	2013.5	6	-0.0698	-0.1116	-0.028
20	2014.5	6	-0.0614	-0.1047	-0.0181
20	2015.5	6	-0.0533	-0.0978	-0.0088
20	2016.5	6	-0.0472	-0.0925	-0.0019
20	2017.5	6	-0.028	-0.074	0.018
20	2018.5	6	-0.0143	-0.0613	0.0327
20	2019.5	6	0.003	-0.0495	0.0554
20	2012.5	12	-0.052	-0.0715	-0.0325
20	2013.5	12	-0.0583	-0.0784	-0.0382
20	2014.5	12	-0.0572	-0.0779	-0.0365
20	2015.5	12	-0.0491	-0.0695	-0.0287
20	2016.5	12	-0.0366	-0.0577	-0.0154
20	2014.5	16	-0.0417	-0.0564	-0.0269
21	2009.5	6	-0.0141	-0.0397	0.0115
21	2010.5	6	-0.021	-0.0464	0.0044
21	2011.5	6	-0.0118	-0.0373	0.0137
21	2012.5	6	-0.0127	-0.038	0.0126
21	2013.5	6	-0.011	-0.0367	0.0146
21	2014.5	6	-0.0188	-0.0448	0.0073
21	2015.5	6	-0.0149	-0.042	0.0122
21	2016.5	6	-0.0221	-0.0488	0.0046
21	2017.5	6	-0.0245	-0.0522	0.0032
21	2018.5	6	-0.0205	-0.0495	0.0084
21	2019.5	6	-0.0305	-0.0623	0.0013
21	2012.5	12	-0.0153	-0.0285	-0.0022
21	2013.5	12	-0.017	-0.03	-0.004
21	2014.5	12	-0.0165	-0.03	-0.003
21	2015.5	12	-0.0182	-0.0321	-0.0043
21	2016.5	12	-0.0211	-0.0357	-0.0064
21	2014.5	16	-0.019	-0.0298	-0.0082
22	2009.5	6	0.0504	0.0375	0.0633
22	2010.5	6	0.041	0.0282	0.0537
22	2011.5	6	0.0252	0.012	0.0383
22	2012.5	6	0.0385	0.0254	0.0515
22	2013.5	6	0.0252	0.0123	0.0381
22	2014.5	6	-0.002	-0.015	0.0111
22	2015.5	6	-0.0158	-0.0289	-0.0027
22	2016.5	6	-0.0024	-0.0156	0.0108
22	2017.5	6	-0.013	-0.026	0
22	2018.5	6	-0.0196	-0.032	-0.0071
22	2019.5	6	-0.0014	-0.0153	0.0124
22	2012.5	12	0.0219	0.0174	0.0264
22	2013.5	12	0.0142	0.0097	0.0187
22	2014.5	12	0.0106	0.006	0.0153
22	2015.5	12	0.0038	-9e-04	0.0084
22	2016.5	12	-0.0034	-0.0083	0.0015
22	2014.5	16	0.0115	0.0084	0.0146
23	2009.5	6	0.2558	0.1462	0.3654
23	2010.5	6	0.2045	0.0897	0.3194
23	2011.5	6	-0.0667	-0.2164	0.0831
23	2012.5	6	-0.2783	-0.434	-0.1225
23	2013.5	6	-0.3376	-0.4516	-0.2237
23	2014.5	6	-0.219	-0.363	-0.075
23	2015.5	6	-0.1377	-0.2861	0.0106
23	2016.5	6	0.1388	-0.0392	0.3169
23	2017.5	6	0.2091	0.0391	0.3791
23	2018.5	6	0.0615	-0.0791	0.202
23	2019.5	6	0.16	0.0164	0.3037
23	2012.5	12	-0.0411	-0.1008	0.0185
23	2013.5	12	-0.0432	-0.0998	0.0135
23	2014.5	12	-0.0722	-0.1319	-0.0126
23	2015.5	12	-0.0655	-0.1238	-0.0071
23	2016.5	12	-0.0282	-0.0878	0.0314
23	2014.5	16	0.0037	-0.0402	0.0477
24	2009.5	6	-0.0437	-0.1431	0.0558
24	2010.5	6	-0.0231	-0.1175	0.0712
24	2011.5	6	-0.0061	-0.0973	0.085
24	2012.5	6	0.0047	-0.084	0.0934
24	2013.5	6	0.0053	-0.0825	0.0931
24	2014.5	6	-0.0036	-0.0911	0.084
24	2015.5	6	-0.0187	-0.1055	0.068
24	2016.5	6	-0.0295	-0.1155	0.0565
24	2017.5	6	-0.0408	-0.1289	0.0474
24	2018.5	6	-0.0532	-0.1452	0.0389
24	2019.5	6	-0.0515	-0.1466	0.0437
24	2012.5	12	-0.0161	-0.0674	0.0351
24	2013.5	12	-0.0147	-0.0633	0.034
24	2014.5	12	-0.0161	-0.0635	0.0314
24	2015.5	12	-0.0208	-0.068	0.0264
24	2016.5	12	-0.0262	-0.0745	0.0221
24	2014.5	16	-0.0243	-0.0634	0.0149
25	2009.5	6	-0.0413	-0.1215	0.039
25	2010.5	6	-0.0366	-0.1128	0.0395
25	2011.5	6	-0.0236	-0.0949	0.0476
25	2012.5	6	-0.0084	-0.0766	0.0597
25	2013.5	6	0.0155	-0.0548	0.0858
25	2014.5	6	0.0363	-0.0384	0.1111
25	2015.5	6	0.0402	-0.0334	0.1139
25	2016.5	6	0.043	-0.0309	0.117
25	2017.5	6	0.0385	-0.0334	0.1103
25	2018.5	6	0.0153	-0.0555	0.0861
25	2019.5	6	-0.0135	-0.0926	0.0655
25	2012.5	12	-0.0013	-0.0347	0.032
25	2013.5	12	0.0087	-0.0244	0.0418
25	2014.5	12	0.0169	-0.0178	0.0517
25	2015.5	12	0.0186	-0.017	0.0541
25	2016.5	12	0.0186	-0.0189	0.0561
25	2014.5	16	0.0047	-0.0208	0.0302
26	2009.5	6	-0.0174	-0.0784	0.0437
26	2010.5	6	-0.0252	-0.0825	0.0321
26	2011.5	6	-0.0421	-0.0992	0.015
26	2012.5	6	-0.0577	-0.1155	1e-04
26	2013.5	6	-0.0433	-0.1026	0.0159
26	2014.5	6	-0.0224	-0.0782	0.0334
26	2015.5	6	0.0089	-0.0462	0.0639
26	2016.5	6	0.0379	-0.0184	0.0942
26	2017.5	6	0.0631	0.0054	0.1209
26	2018.5	6	0.0572	6e-04	0.1138
26	2019.5	6	0.0144	-0.0447	0.0735
26	2012.5	12	-0.0224	-0.046	0.0011
26	2013.5	12	-0.0136	-0.0359	0.0088
26	2014.5	12	-0.0033	-0.0253	0.0187
26	2015.5	12	0.0031	-0.0189	0.025
26	2016.5	12	0.0092	-0.0145	0.033
26	2014.5	16	-0.005	-0.0211	0.0112
27	2007.5	2	-0.053	-0.1734	0.0675
27	2008.5	2	-0.0387	-0.1515	0.0741
27	2009.5	2	-0.0286	-0.1413	0.0842
27	2010.5	2	0.1703	0.03	0.3106
27	2011.5	2	-0.0161	-0.1583	0.1262
27	2008.5	4	-0.0399	-0.0897	0.0099
27	2009.5	4	0.0281	-0.0154	0.0715
27	2010.5	4	0.0547	-0.003	0.1124
27	2009.5	6	0.0129	-0.0187	0.0445
28	2009.5	6	0.0143	-0.0404	0.069
28	2010.5	6	0.0485	-0.0016	0.0985
28	2011.5	6	0.0227	-0.0278	0.0733
28	2012.5	6	-0.0254	-0.0785	0.0276
28	2013.5	6	-0.0268	-0.0812	0.0277
28	2014.5	6	0.0065	-0.0434	0.0564
28	2015.5	6	0.0115	-0.0371	0.06
28	2016.5	6	0.0432	-0.0061	0.0924
28	2017.5	6	0.058	0.0082	0.1078
28	2018.5	6	0.0389	-0.0066	0.0844
28	2019.5	6	-0.0104	-0.0635	0.0427
28	2012.5	12	0.0104	-0.0092	0.03
28	2013.5	12	0.0186	-3e-04	0.0375
28	2014.5	12	0.0173	-0.0022	0.0367
28	2015.5	12	0.0143	-0.0048	0.0334
28	2016.5	12	0.0097	-0.0109	0.0303
28	2014.5	16	0.0123	-0.0012	0.0257
29	2007.5	2	0.0676	-0.0991	0.2343
29	2008.5	2	0.017	-0.136	0.17
29	2009.5	2	0.0592	-0.0995	0.2179
29	2010.5	2	0.0113	-0.1429	0.1656
29	2011.5	2	-6e-04	-0.1793	0.1781
29	2008.5	4	0.0448	-0.0329	0.1225
29	2009.5	4	0.0321	-0.0415	0.1057
29	2010.5	4	0.022	-0.0644	0.1085
29	2009.5	6	0.0312	-0.0276	0.0901
30	2009.5	6	-0.0342	-0.0562	-0.0123
30	2010.5	6	-0.0337	-0.0563	-0.0112
30	2011.5	6	-0.0106	-0.0326	0.0113
30	2012.5	6	0.0269	0.0045	0.0494
30	2013.5	6	0.0283	0.0063	0.0502
30	2014.5	6	0.0209	-0.0016	0.0434
30	2015.5	6	0.0014	-0.0209	0.0237
30	2016.5	6	-0.0251	-0.0474	-0.0028
30	2017.5	6	-0.0249	-0.0468	-0.0031
30	2018.5	6	-0.0151	-0.0366	0.0064
30	2019.5	6	-0.0055	-0.0294	0.0184
30	2012.5	12	-0.0064	-0.0144	0.0016
30	2013.5	12	-0.004	-0.0121	0.004
30	2014.5	12	0.0013	-0.0073	0.0098
30	2015.5	12	-7e-04	-0.0093	0.0079
30	2016.5	12	-0.0012	-0.0104	0.008
30	2014.5	16	-0.0061	-0.0119	-3e-04
31	2007.5	2	-0.0153	-0.1442	0.1136
31	2008.5	2	-0.2105	-0.3582	-0.0628
31	2009.5	2	-0.0565	-0.2063	0.0933
31	2010.5	2	-0.0129	-0.1741	0.1484
31	2011.5	2	-0.1208	-0.3586	0.1169
31	2008.5	4	-0.1057	-0.1654	-0.046
31	2009.5	4	-0.0896	-0.1462	-0.033
31	2010.5	4	-0.0583	-0.1419	0.0252
31	2009.5	6	-0.085	-0.135	-0.035
32	2007.5	2	0.1594	0.0227	0.2961
32	2008.5	2	-0.1831	-0.3191	-0.0471
32	2009.5	2	0.1929	0.0748	0.3111
32	2010.5	2	0.0925	-0.0207	0.2058
32	2011.5	2	0.0164	-0.1612	0.194
32	2008.5	4	0.0325	-0.014	0.079
32	2009.5	4	0.05	0.0062	0.0939
32	2010.5	4	0.0998	0.0376	0.162
32	2009.5	6	0.054	0.0194	0.0886
33	2007.5	2	-0.0335	-0.0763	0.0092
33	2008.5	2	-0.0155	-0.0613	0.0302
33	2009.5	2	-0.1241	-0.1695	-0.0788
33	2010.5	2	-0.0124	-0.0574	0.0325
33	2011.5	2	-0.0939	-0.1717	-0.0162
33	2008.5	4	-0.0535	-0.0677	-0.0393
33	2009.5	4	-0.058	-0.0733	-0.0428
33	2010.5	4	-0.0704	-0.0955	-0.0453
33	2009.5	6	-0.0565	-0.0692	-0.0439
34	2007.5	2	0.0711	0.0216	0.1206
34	2008.5	2	-0.0092	-0.0595	0.0411
34	2009.5	2	-0.0853	-0.1352	-0.0355
34	2010.5	2	0.0375	-0.0112	0.0861
34	2011.5	2	0.0481	-0.0282	0.1245
34	2008.5	4	-0.008	-0.0244	0.0084
34	2009.5	4	-0.0257	-0.0426	-0.0087
34	2010.5	4	0.0038	-0.0213	0.029
34	2009.5	6	0.0015	-0.0114	0.0145
35	2009.5	6	0.0179	-0.0145	0.0503
35	2010.5	6	0.0207	-0.0108	0.0522
35	2011.5	6	-0.005	-0.0348	0.0248
35	2012.5	6	-0.0318	-0.0637	1e-04
35	2013.5	6	-0.0263	-0.0581	0.0055
35	2014.5	6	-0.0209	-0.0523	0.0106
35	2015.5	6	-0.0243	-0.0559	0.0073
35	2016.5	6	-0.0217	-0.0547	0.0112
35	2017.5	6	-0.0102	-0.042	0.0217
35	2018.5	6	-0.0151	-0.0465	0.0163
35	2019.5	6	-0.0149	-0.0499	0.02
35	2012.5	12	-0.0087	-0.0212	0.0037
35	2013.5	12	-0.0144	-0.0269	-0.0019
35	2014.5	12	-0.0144	-0.0268	-0.002
35	2015.5	12	-0.0201	-0.0329	-0.0073
35	2016.5	12	-0.0203	-0.0339	-0.0067
35	2014.5	16	-0.0122	-0.0212	-0.0033
36	2009.5	6	0.0019	-0.0179	0.0217
36	2010.5	6	2e-04	-0.019	0.0193
36	2011.5	6	7e-04	-0.0181	0.0196
36	2012.5	6	0.0025	-0.0163	0.0213
36	2013.5	6	0.0038	-0.0152	0.0229
36	2014.5	6	0.0032	-0.0158	0.0222
36	2015.5	6	0.0027	-0.0163	0.0217
36	2016.5	6	8e-04	-0.018	0.0197
36	2017.5	6	-0.0011	-0.0204	0.0182
36	2018.5	6	-0.003	-0.0233	0.0173
36	2019.5	6	-0.0044	-0.026	0.0172
36	2012.5	12	0.0022	-0.0089	0.0133
36	2013.5	12	0.0017	-0.009	0.0125
36	2014.5	12	0.0013	-0.0094	0.012
36	2015.5	12	8e-04	-0.0101	0.0117
36	2016.5	12	0	-0.0113	0.0114
36	2014.5	16	7e-04	-0.0082	0.0096
37	2009.5	6	0.0299	-0.0427	0.1025
37	2010.5	6	0.0321	-0.0353	0.0995
37	2011.5	6	0.0262	-0.0386	0.091
37	2012.5	6	0.0205	-0.0452	0.0862
37	2013.5	6	0.0221	-0.0431	0.0872
37	2014.5	6	0.0345	-0.0279	0.0969
37	2015.5	6	0.0457	-0.0172	0.1086
37	2016.5	6	0.0605	-0.01	0.131
37	2017.5	6	0.0417	-0.0243	0.1077
37	2018.5	6	0.0069	-0.0581	0.0719
37	2019.5	6	-0.0255	-0.1014	0.0504
37	2012.5	12	0.0316	-0.0017	0.0649
37	2013.5	12	0.0368	0.0031	0.0704
37	2014.5	12	0.0335	0.0014	0.0656
37	2015.5	12	0.0286	-0.0029	0.0602
37	2016.5	12	0.0203	-0.0121	0.0528
37	2014.5	16	0.0244	-4e-04	0.0492
38	2007.5	2	-0.2653	-0.4034	-0.1271
38	2008.5	2	-0.1215	-0.2781	0.0352
38	2009.5	2	-0.0933	-0.2514	0.0648
38	2010.5	2	0.4566	0.3033	0.61
38	2011.5	2	-1.0311	-1.3371	-0.7252
38	2008.5	4	-0.1562	-0.205	-0.1074
38	2009.5	4	0.0632	0.0163	0.1101
38	2010.5	4	-0.1547	-0.2495	-0.0599
38	2009.5	6	-0.1326	-0.1783	-0.0868
39	2007.5	2	0.1539	0.1102	0.1977
39	2008.5	2	0.0214	-0.022	0.0648
39	2009.5	2	-0.0183	-0.0613	0.0248
39	2010.5	2	-0.033	-0.0755	0.0095
39	2011.5	2	0.1132	0.0466	0.1799
39	2008.5	4	0.0493	0.0348	0.0638
39	2009.5	4	-0.0108	-0.0259	0.0043
39	2010.5	4	0.0153	-0.0063	0.0369
39	2009.5	6	0.0308	0.0195	0.0422
40	2009.5	6	0.1504	0.0832	0.2177
40	2010.5	6	0.1615	0.0905	0.2326
40	2011.5	6	0.1053	0.0384	0.1721
40	2012.5	6	-0.0313	-0.0917	0.0291
40	2013.5	6	-0.1165	-0.1862	-0.0469
40	2014.5	6	-0.167	-0.238	-0.096
40	2015.5	6	-0.1345	-0.1984	-0.0705
40	2016.5	6	-0.0927	-0.1556	-0.0298
40	2017.5	6	-0.0156	-0.0885	0.0572
40	2018.5	6	0.0873	0.01	0.1646
40	2019.5	6	0.0347	-0.0404	0.1099
40	2012.5	12	-0.0134	-0.0404	0.0136
40	2013.5	12	-0.0207	-0.0469	0.0055
40	2014.5	12	-0.0352	-0.061	-0.0094
40	2015.5	12	-0.0421	-0.0684	-0.0158
40	2016.5	12	-0.0512	-0.0791	-0.0232
40	2014.5	16	-0.0119	-0.0307	0.007
41	2007.5	2	-0.2598	-0.433	-0.0867
41	2008.5	2	-0.0668	-0.2438	0.1101
41	2009.5	2	-0.1824	-0.3659	0.001
41	2010.5	2	-0.0586	-0.247	0.1297
41	2011.5	2	-0.0884	-0.3358	0.159
41	2008.5	4	-0.1594	-0.2368	-0.082
41	2009.5	4	-0.1106	-0.1892	-0.0321
41	2010.5	4	-0.1047	-0.2058	-0.0036
41	2009.5	6	-0.1253	-0.1864	-0.0643
42	2009.5	6	-0.0039	-0.0265	0.0187
42	2010.5	6	-0.0242	-0.0451	-0.0033
42	2011.5	6	-0.031	-0.0518	-0.0103
42	2012.5	6	-0.0331	-0.0538	-0.0123
42	2013.5	6	-0.034	-0.055	-0.013
42	2014.5	6	-0.0312	-0.0517	-0.0107
42	2015.5	6	-0.0248	-0.0453	-0.0044
42	2016.5	6	-0.0238	-0.0447	-0.0029
42	2017.5	6	-0.0272	-0.0483	-0.0062
42	2018.5	6	-0.0259	-0.0469	-0.0049
42	2019.5	6	-0.0146	-0.0372	0.0079
42	2012.5	12	-0.0221	-0.0308	-0.0135
42	2013.5	12	-0.0289	-0.0378	-0.02
42	2014.5	12	-0.0296	-0.0386	-0.0207
42	2015.5	12	-0.0279	-0.0368	-0.019
42	2016.5	12	-0.024	-0.0332	-0.0148
42	2014.5	16	-0.0225	-0.0289	-0.0162
43	2007.5	2	-0.0346	-0.2526	0.1835
43	2008.5	2	0.0576	-0.1558	0.271
43	2009.5	2	-0.0701	-0.2792	0.139
43	2010.5	2	-0.0323	-0.2444	0.1798
43	2011.5	2	0.0315	-0.2191	0.2822
43	2008.5	4	-0.0083	-0.0973	0.0807
43	2009.5	4	-0.0204	-0.109	0.0682
43	2010.5	4	-0.0245	-0.1309	0.0819
43	2009.5	6	-0.0127	-0.0774	0.0521
44	2009.5	6	-0.0807	-0.1136	-0.0477
44	2010.5	6	-0.0716	-0.102	-0.0412
44	2011.5	6	-0.0429	-0.0715	-0.0143
44	2012.5	6	-0.0165	-0.0458	0.0129
44	2013.5	6	-0.0026	-0.033	0.0277
44	2014.5	6	0.0046	-0.0255	0.0347
44	2015.5	6	0.004	-0.0252	0.0332
44	2016.5	6	-0.0042	-0.0333	0.0248
44	2017.5	6	-0.01	-0.039	0.019
44	2018.5	6	-0.0093	-0.0383	0.0198
44	2019.5	6	-0.0145	-0.0467	0.0177
44	2012.5	12	-0.031	-0.0425	-0.0194
44	2013.5	12	-0.023	-0.0346	-0.0115
44	2014.5	12	-0.0134	-0.0256	-0.0012
44	2015.5	12	-0.0083	-0.0208	0.0042
44	2016.5	12	-0.0059	-0.0192	0.0074
44	2014.5	16	-0.0223	-0.0309	-0.0137
45	2009.5	6	0.0515	-0.0501	0.153
45	2010.5	6	0.0958	0.0015	0.19
45	2011.5	6	0.1224	0.0265	0.2182
45	2012.5	6	0.1026	0.0044	0.2008
45	2013.5	6	0.0811	-0.0157	0.178
45	2014.5	6	0.0787	-0.0148	0.1723
45	2015.5	6	0.0683	-0.0167	0.1533
45	2016.5	6	0.0669	-0.0274	0.1612
45	2017.5	6	0.0624	-0.0411	0.1659
45	2018.5	6	0.0653	-0.0411	0.1717
45	2019.5	6	0.081	-0.0292	0.1913
45	2012.5	12	0.0814	0.038	0.1247
45	2013.5	12	0.0805	0.0374	0.1236
45	2014.5	12	0.0828	0.0378	0.1277
45	2015.5	12	0.081	0.0336	0.1284
45	2016.5	12	0.078	0.0281	0.1279
45	2014.5	16	0.0789	0.0435	0.1142
46	2009.5	6	-0.0479	-0.0939	-0.0018
46	2010.5	6	-0.0549	-0.0986	-0.0113
46	2011.5	6	-0.0324	-0.0726	0.0079
46	2012.5	6	0.002	-0.037	0.041
46	2013.5	6	0.035	-0.0112	0.0813
46	2014.5	6	0.0101	-0.0301	0.0503
46	2015.5	6	-0.008	-0.0479	0.0318
46	2016.5	6	-0.0091	-0.0493	0.0311
46	2017.5	6	0.0261	-0.0106	0.0628
46	2018.5	6	0.0486	0.0106	0.0866
46	2019.5	6	0.0544	0.0119	0.0969
46	2012.5	12	-0.018	-0.0348	-0.0012
46	2013.5	12	-0.01	-0.0258	0.0058
46	2014.5	12	0.0061	-0.0098	0.022
46	2015.5	12	0.0141	-0.0016	0.0299
46	2016.5	12	0.0214	0.0045	0.0383
46	2014.5	16	0.0015	-0.0095	0.0124
47	2009.5	6	0.0368	-0.0467	0.1203
47	2010.5	6	0.0064	-0.0749	0.0878
47	2011.5	6	0.0189	-0.0576	0.0953
47	2012.5	6	0.0389	-0.0338	0.1116
47	2013.5	6	0.0558	-0.0185	0.1301
47	2014.5	6	0.0574	-0.0156	0.1304
47	2015.5	6	0.0701	8e-04	0.1395
47	2016.5	6	0.0935	0.0243	0.1626
47	2017.5	6	0.0833	0.015	0.1516
47	2018.5	6	0.0848	0.0149	0.1548
47	2019.5	6	0.0614	-0.0062	0.1289
47	2012.5	12	0.0441	0.0093	0.0789
47	2013.5	12	0.0534	0.0212	0.0856
47	2014.5	12	0.0598	0.0284	0.0913
47	2015.5	12	0.0615	0.0304	0.0927
47	2016.5	12	0.0651	0.0316	0.0985
47	2014.5	16	0.0543	0.0291	0.0794
48	2009.5	6	0.0072	-0.0438	0.0582
48	2010.5	6	0.0116	-0.0381	0.0614
48	2011.5	6	0.0122	-0.0365	0.0609
48	2012.5	6	0.009	-0.0381	0.0562
48	2013.5	6	0.0038	-0.0417	0.0494
48	2014.5	6	-7e-04	-0.045	0.0436
48	2015.5	6	-0.0016	-0.045	0.0417
48	2016.5	6	0.0015	-0.0422	0.0451
48	2017.5	6	0.0086	-0.0359	0.0531
48	2018.5	6	0.0124	-0.033	0.0577
48	2019.5	6	0.0122	-0.0343	0.0588
48	2012.5	12	0.0051	-0.0244	0.0347
48	2013.5	12	0.0055	-0.0227	0.0338
48	2014.5	12	0.006	-0.0213	0.0332
48	2015.5	12	0.0061	-0.0206	0.0328
48	2016.5	12	0.0058	-0.0209	0.0324
48	2014.5	16	0.0063	-0.0169	0.0296
49	2007.5	2	0.1389	0.0166	0.2612
49	2008.5	2	0.1492	0.0249	0.2736
49	2009.5	2	0.1279	0.01	0.2458
49	2010.5	2	-0.0034	-0.1167	0.1098
49	2011.5	2	0.0556	-0.0839	0.1951
49	2008.5	4	0.1397	0.0896	0.1898
49	2009.5	4	0.0949	0.0483	0.1415
49	2010.5	4	0.0537	-0.0014	0.1088
49	2009.5	6	0.094	0.0602	0.1278
50	2007.5	2	0.209	-0.1511	0.569
50	2008.5	2	0.1173	-0.2321	0.4667
50	2009.5	2	0.2191	-0.1623	0.6005
50	2010.5	2	-0.1232	-0.4933	0.2469
50	2011.5	2	-0.1757	-0.7088	0.3574
50	2008.5	4	0.1753	0.0178	0.3329
50	2009.5	4	0.0859	-0.0815	0.2532
50	2010.5	4	-0.0363	-0.2515	0.179
50	2009.5	6	0.0598	-0.0705	0.1901
51	2007.5	2	-0.026	-0.1099	0.0578
51	2008.5	2	-0.0609	-0.1479	0.0261
51	2009.5	2	-0.0531	-0.1441	0.0379
51	2010.5	2	-0.0679	-0.1632	0.0275
51	2011.5	2	-0.1529	-0.2893	-0.0164
51	2008.5	4	-0.0481	-0.086	-0.0103
51	2009.5	4	-0.0599	-0.0997	-0.0201
51	2010.5	4	-0.0889	-0.1425	-0.0354
51	2009.5	6	-0.0686	-0.1003	-0.037
52	2007.5	2	-0.1557	-0.3063	-0.005
52	2008.5	2	-0.0124	-0.1715	0.1467
52	2009.5	2	-0.1524	-0.3179	0.013
52	2010.5	2	0.1631	9e-04	0.3254
52	2011.5	2	0.1884	-0.033	0.4098
52	2008.5	4	-0.0974	-0.1522	-0.0426
52	2009.5	4	-0.0158	-0.0707	0.0392
52	2010.5	4	0.076	-0.0019	0.1539
52	2009.5	6	-1e-04	-0.0399	0.0397
53	2007.5	2	-0.1485	-0.2261	-0.071
53	2008.5	2	-0.0185	-0.1013	0.0644
53	2009.5	2	-0.1185	-0.2009	-0.0361
53	2010.5	2	0.0182	-0.0621	0.0985
53	2011.5	2	-0.1223	-0.2474	0.0028
53	2008.5	4	-0.0875	-0.1139	-0.0611
53	2009.5	4	-0.0475	-0.0752	-0.0197
53	2010.5	4	-0.0649	-0.1064	-0.0235
53	2009.5	6	-0.0692	-0.0905	-0.048
54	2009.5	6	0.005	-0.0045	0.0145
54	2010.5	6	-0.0083	-0.018	0.0013
54	2011.5	6	-0.0143	-0.0243	-0.0044
54	2012.5	6	-0.0041	-0.0139	0.0057
54	2013.5	6	-0.0127	-0.0227	-0.0027
54	2014.5	6	-0.0251	-0.0354	-0.0148
54	2015.5	6	-0.031	-0.0412	-0.0208
54	2016.5	6	-0.0965	-0.1076	-0.0855
54	2017.5	6	-0.1433	-0.155	-0.1316
54	2018.5	6	-0.126	-0.1368	-0.1152
54	2019.5	6	-0.0856	-0.0974	-0.0738
54	2012.5	12	-0.0151	-0.0184	-0.0119
54	2013.5	12	-0.0359	-0.0393	-0.0324
54	2014.5	12	-0.0536	-0.0574	-0.0498
54	2015.5	12	-0.0609	-0.0646	-0.0571
54	2016.5	12	-0.0636	-0.0676	-0.0596
54	2014.5	16	-0.0438	-0.0462	-0.0413
55	2007.5	2	0.0736	-0.0213	0.1685
55	2008.5	2	0.0075	-0.0898	0.1047
55	2009.5	2	0.0181	-0.076	0.1122
55	2010.5	2	0.1341	0.0474	0.2209
55	2011.5	2	0.12	-0.004	0.2441
55	2008.5	4	0.0305	-7e-04	0.0617
55	2009.5	4	0.0497	0.0191	0.0803
55	2010.5	4	0.0951	0.0528	0.1374
55	2009.5	6	0.0647	0.0427	0.0866
56	2007.5	2	-0.0316	-0.2371	0.1739
56	2008.5	2	-0.1918	-0.4151	0.0315
56	2009.5	2	-0.1769	-0.4138	0.06
56	2010.5	2	-0.0394	-0.2758	0.1971
56	2011.5	2	0.1098	-0.1732	0.3928
56	2008.5	4	-0.1393	-0.2446	-0.0339
56	2009.5	4	-0.1401	-0.2514	-0.0288
56	2010.5	4	-0.0359	-0.1504	0.0786
56	2009.5	6	-0.0871	-0.1589	-0.0154
57	2007.5	2	-0.1474	-0.4338	0.1391
57	2008.5	2	0.029	-0.2422	0.3002
57	2009.5	2	-0.0637	-0.3308	0.2035
57	2010.5	2	-0.1143	-0.3946	0.1659
57	2011.5	2	-0.0244	-0.331	0.2821
57	2008.5	4	-0.0517	-0.1836	0.0803
57	2009.5	4	-0.0511	-0.1784	0.0763
57	2010.5	4	-0.0722	-0.2185	0.0741
57	2009.5	6	-0.0604	-0.1591	0.0383
58	2007.5	2	0.0259	-0.2907	0.3426
58	2008.5	2	-0.1221	-0.4239	0.1798
58	2009.5	2	0.009	-0.2749	0.2928
58	2010.5	2	-0.5354	-0.8264	-0.2444
58	2011.5	2	-0.6436	-1.197	-0.0902
58	2008.5	4	-0.0384	-0.139	0.0623
58	2009.5	4	-0.1937	-0.2996	-0.0877
58	2010.5	4	-0.4045	-0.5888	-0.2203
58	2009.5	6	-0.2362	-0.3331	-0.1393
59	2009.5	6	-0.016	-0.0729	0.041
59	2010.5	6	-0.034	-0.0887	0.0207
59	2011.5	6	-0.0548	-0.1137	0.0041
59	2012.5	6	-0.0632	-0.1242	-0.0022
59	2013.5	6	-0.0661	-0.1282	-0.004
59	2014.5	6	-0.0625	-0.1251	2e-04
59	2015.5	6	-0.0547	-0.117	0.0076
59	2016.5	6	-0.0428	-0.1043	0.0187
59	2017.5	6	-0.0305	-0.0926	0.0315
59	2018.5	6	-0.014	-0.0778	0.0499
59	2019.5	6	0.0054	-0.0633	0.0741
59	2012.5	12	-0.0466	-0.0803	-0.0129
59	2013.5	12	-0.0498	-0.0843	-0.0152
59	2014.5	12	-0.0497	-0.0851	-0.0144
59	2015.5	12	-0.0452	-0.0799	-0.0104
59	2016.5	12	-0.0361	-0.0699	-0.0023
59	2014.5	16	-0.0375	-0.0636	-0.0113
60	2007.5	2	0.341	0.0691	0.6128
60	2008.5	2	-0.1264	-0.3496	0.0968
60	2009.5	2	-0.0773	-0.3108	0.1561
60	2010.5	2	0.2542	-0.003	0.5113
60	2011.5	2	-0.404	-0.8172	0.0091
60	2008.5	4	0.0285	-0.0584	0.1155
60	2009.5	4	0.0074	-0.0719	0.0867
60	2010.5	4	-0.0427	-0.1699	0.0844
60	2009.5	6	3e-04	-0.0686	0.0692
61	2007.5	2	0.0106	-0.0569	0.0781
61	2008.5	2	-0.1807	-0.2607	-0.1006
61	2009.5	2	0.0938	0.0172	0.1704
61	2010.5	2	-0.0249	-0.0969	0.0471
61	2011.5	2	-0.0613	-0.163	0.0404
61	2008.5	4	-0.041	-0.0649	-0.017
61	2009.5	4	-0.0242	-0.0491	8e-04
61	2010.5	4	-2e-04	-0.0351	0.0347
61	2009.5	6	-0.0301	-0.0483	-0.0119
62	2009.5	6	0.1243	-0.0883	0.337
62	2010.5	6	0.4375	0.2426	0.6323
62	2011.5	6	0.4426	0.2562	0.6289
62	2012.5	6	0.3621	0.149	0.5752
62	2013.5	6	0.2281	0.0406	0.4156
62	2014.5	6	0.1054	-0.0415	0.2523
62	2015.5	6	0.1093	-0.0111	0.2297
62	2016.5	6	0.0784	-0.0565	0.2134
62	2017.5	6	0.019	-0.1301	0.1681
62	2018.5	6	0.0028	-0.1395	0.1452
62	2019.5	6	-0.1793	-0.3304	-0.0283
62	2012.5	12	0.229	0.161	0.297
62	2013.5	12	0.2299	0.1569	0.3029
62	2014.5	12	0.1848	0.1097	0.2599
62	2015.5	12	0.1561	0.0779	0.2344
62	2016.5	12	0.0534	-0.0195	0.1263
62	2014.5	16	0.1286	0.0784	0.1789
63	2007.5	2	0.0522	-0.0071	0.1115
63	2008.5	2	-0.192	-0.2586	-0.1254
63	2009.5	2	-0.1086	-0.1786	-0.0387
63	2010.5	2	-0.1306	-0.2034	-0.0578
63	2011.5	2	0.0352	-0.0836	0.154
63	2008.5	4	-0.0937	-0.1149	-0.0726
63	2009.5	4	-0.1402	-0.1637	-0.1167
63	2010.5	4	-0.0743	-0.1122	-0.0364
63	2009.5	6	-0.0892	-0.108	-0.0704
64	2009.5	6	-0.0816	-0.1426	-0.0205
64	2010.5	6	-0.0566	-0.1168	0.0036
64	2011.5	6	-0.0224	-0.0829	0.038
64	2012.5	6	0.0095	-0.0489	0.0679
64	2013.5	6	0.0272	-0.0306	0.0851
64	2014.5	6	0.05	-0.0067	0.1067
64	2015.5	6	0.0393	-0.0161	0.0947
64	2016.5	6	0.0466	-0.0131	0.1063
64	2017.5	6	0.0025	-0.0587	0.0638
64	2018.5	6	-0.0265	-0.0841	0.0312
64	2019.5	6	-0.057	-0.1173	0.0032
64	2012.5	12	-0.0081	-0.0339	0.0177
64	2013.5	12	0.0088	-0.0159	0.0336
64	2014.5	12	0.0137	-0.0117	0.0391
64	2015.5	12	0.011	-0.0149	0.0368
64	2016.5	12	0.0056	-0.0231	0.0342
64	2014.5	16	-0.0082	-0.0269	0.0106
65	2007.5	2	0.1369	0.0431	0.2306
65	2008.5	2	0.0665	-0.0282	0.1612
65	2009.5	2	-0.0305	-0.1243	0.0634
65	2010.5	2	0.1711	0.0827	0.2596
65	2011.5	2	0.1339	0.0055	0.2624
65	2008.5	4	0.0585	0.0272	0.0898
65	2009.5	4	0.0591	0.0278	0.0903
65	2010.5	4	0.0995	0.0557	0.1433
65	2009.5	6	0.0852	0.0622	0.1081
66	2007.5	2	-0.4289	-1.0014	0.1436
66	2008.5	2	-0.2963	-0.8942	0.3017
66	2009.5	2	0.8016	0.2626	1.3406
66	2010.5	2	1.0578	0.6906	1.4251
66	2011.5	2	0.34	-0.0712	0.7511
66	2008.5	4	-0.0067	-0.1846	0.1713
66	2009.5	4	0.5491	0.3704	0.7279
66	2010.5	4	0.7656	0.558	0.9731
66	2009.5	6	0.3675	0.2665	0.4685
67	2009.5	6	-0.0057	-0.0194	0.008
67	2010.5	6	-0.0058	-0.0193	0.0076
67	2011.5	6	-0.0153	-0.0291	-0.0016
67	2012.5	6	-0.0069	-0.0209	0.007
67	2013.5	6	-0.0225	-0.0366	-0.0085
67	2014.5	6	-0.0297	-0.044	-0.0154
67	2015.5	6	-0.0372	-0.051	-0.0234
67	2016.5	6	-0.0311	-0.0455	-0.0168
67	2017.5	6	-0.0224	-0.0365	-0.0082
67	2018.5	6	-0.0057	-0.0195	0.0081
67	2019.5	6	-0.0135	-0.0292	0.0021
67	2012.5	12	-0.0178	-0.0225	-0.013
67	2013.5	12	-0.0222	-0.027	-0.0173
67	2014.5	12	-0.0197	-0.0247	-0.0148
67	2015.5	12	-0.0194	-0.0244	-0.0144
67	2016.5	12	-0.0232	-0.0287	-0.0177
67	2014.5	16	-0.0184	-0.0218	-0.0151
68	2007.5	2	0.0291	-0.1527	0.2109
68	2008.5	2	-0.1379	-0.3179	0.0421
68	2009.5	2	0.0073	-0.1609	0.1754
68	2010.5	2	0.1505	-0.025	0.326
68	2011.5	2	-0.0842	-0.309	0.1406
68	2008.5	4	-0.0442	-0.1133	0.0248
68	2009.5	4	0.0067	-0.0563	0.0696
68	2010.5	4	0.0371	-0.0473	0.1216
68	2009.5	6	-0.0031	-0.0515	0.0453
69	2009.5	6	-0.0579	-0.1615	0.0458
69	2010.5	6	-0.0321	-0.1267	0.0624
69	2011.5	6	-0.0172	-0.1166	0.0822
69	2012.5	6	-0.0336	-0.133	0.0658
69	2013.5	6	-0.0354	-0.1309	0.06
69	2014.5	6	-0.0106	-0.0989	0.0776
69	2015.5	6	0.0596	-0.0288	0.148
69	2016.5	6	0.11	0.018	0.202
69	2017.5	6	0.1343	0.0396	0.2291
69	2018.5	6	0.1017	0.0124	0.1909
69	2019.5	6	0.0433	-0.0521	0.1386
69	2012.5	12	-0.0164	-0.0576	0.0248
69	2013.5	12	0.0092	-0.0291	0.0475
69	2014.5	12	0.0328	-0.0053	0.071
69	2015.5	12	0.047	0.0098	0.0842
69	2016.5	12	0.0461	0.0079	0.0842
69	2014.5	16	0.0156	-0.0121	0.0434
70	2009.5	6	0.0262	-0.0185	0.0709
70	2010.5	6	0.0334	-0.0071	0.0739
70	2011.5	6	0.0293	-0.0098	0.0685
70	2012.5	6	0.0258	-0.0129	0.0645
70	2013.5	6	0.0302	-0.008	0.0684
70	2014.5	6	0.037	0	0.0739
70	2015.5	6	0.0419	0.0042	0.0796
70	2016.5	6	0.0346	-0.0029	0.0721
70	2017.5	6	0.0237	-0.0123	0.0597
70	2018.5	6	0.0102	-0.0256	0.046
70	2019.5	6	0.0117	-0.0266	0.05
70	2012.5	12	0.0314	0.0126	0.0503
70	2013.5	12	0.0329	0.0149	0.0509
70	2014.5	12	0.0309	0.0135	0.0482
70	2015.5	12	0.0263	0.0097	0.0429
70	2016.5	12	0.0265	0.0092	0.0439
70	2014.5	16	0.0275	0.014	0.041
71	2007.5	2	0.0422	-0.1736	0.2579
71	2008.5	2	0.0447	-0.1614	0.2509
71	2009.5	2	0.1235	-0.0831	0.3301
71	2010.5	2	0.0956	-0.1068	0.2979
71	2011.5	2	-0.0957	-0.3593	0.1679
71	2008.5	4	0.0676	-0.0247	0.1598
71	2009.5	4	0.0915	-0.0074	0.1904
71	2010.5	4	0.0466	-0.0575	0.1506
71	2009.5	6	0.0562	-0.012	0.1243
72	2009.5	6	0.0068	-0.0261	0.0396
72	2010.5	6	0.0065	-0.0254	0.0384
72	2011.5	6	0.0349	0.0051	0.0647
72	2012.5	6	0.0675	0.0359	0.0991
72	2013.5	6	0.0726	0.0419	0.1032
72	2014.5	6	0.0613	0.032	0.0906
72	2015.5	6	0.0483	0.0197	0.0769
72	2016.5	6	0.0445	0.0166	0.0723
72	2017.5	6	0.0417	0.014	0.0695
72	2018.5	6	0.0379	0.0104	0.0654
72	2019.5	6	0.0219	-0.0074	0.0511
72	2012.5	12	0.0413	0.0288	0.0538
72	2013.5	12	0.0445	0.0327	0.0563
72	2014.5	12	0.0485	0.0365	0.0605
72	2015.5	12	0.0499	0.0376	0.0622
72	2016.5	12	0.0458	0.0332	0.0583
72	2014.5	16	0.0399	0.0312	0.0486
73	2009.5	6	0.0029	-0.0428	0.0485
73	2010.5	6	6e-04	-0.0438	0.045
73	2011.5	6	-0.0015	-0.0454	0.0423
73	2012.5	6	-0.0044	-0.0477	0.039
73	2013.5	6	-0.0068	-0.05	0.0363
73	2014.5	6	-0.0058	-0.049	0.0374
73	2015.5	6	-0.0012	-0.0447	0.0423
73	2016.5	6	0.0017	-0.0419	0.0453
73	2017.5	6	0.0037	-0.0402	0.0477
73	2018.5	6	0.0051	-0.0395	0.0497
73	2019.5	6	0.004	-0.0415	0.0496
73	2012.5	12	-0.0019	-0.0277	0.0239
73	2013.5	12	-0.0017	-0.0271	0.0237
73	2014.5	12	-0.0011	-0.0266	0.0244
73	2015.5	12	-7e-04	-0.0265	0.0251
73	2016.5	12	-2e-04	-0.0265	0.0261
73	2014.5	16	-4e-04	-0.0213	0.0206
74	2007.5	2	-0.03	-0.1124	0.0525
74	2008.5	2	0.0247	-0.0597	0.1091
74	2009.5	2	0.0327	-0.0493	0.1147
74	2010.5	2	0.1731	0.0927	0.2535
74	2011.5	2	0.0037	-0.1129	0.1203
74	2008.5	4	0.0107	-0.0173	0.0387
74	2009.5	4	0.0724	0.0436	0.1012
74	2010.5	4	0.0801	0.039	0.1212
74	2009.5	6	0.0499	0.0283	0.0714
75	2009.5	6	-0.0331	-0.0451	-0.0211
75	2010.5	6	-0.0651	-0.0771	-0.0531
75	2011.5	6	-0.0245	-0.0364	-0.0126
75	2012.5	6	0.0435	0.0315	0.0556
75	2013.5	6	0.052	0.04	0.064
75	2014.5	6	0.0385	0.0263	0.0507
75	2015.5	6	0.0462	0.0339	0.0585
75	2016.5	6	-0.0303	-0.0423	-0.0182
75	2017.5	6	-0.0634	-0.0758	-0.051
75	2018.5	6	-0.0391	-0.0503	-0.0279
75	2019.5	6	-0.0428	-0.055	-0.0307
75	2012.5	12	0.0037	-1e-04	0.0075
75	2013.5	12	-0.0028	-0.0067	0.0011
75	2014.5	12	-0.0023	-0.0065	0.0019
75	2015.5	12	0.0034	-8e-04	0.0076
75	2016.5	12	-0.0018	-0.0062	0.0027
75	2014.5	16	-0.0079	-0.0105	-0.0053
76	2007.5	2	0.1389	-0.0409	0.3187
76	2008.5	2	0.0156	-0.162	0.1931
76	2009.5	2	0.0445	-0.1256	0.2147
76	2010.5	2	0.1081	-0.0481	0.2642
76	2011.5	2	-0.226	-0.4832	0.0311
76	2008.5	4	0.0613	0.0022	0.1204
76	2009.5	4	0.0549	-0.0042	0.114
76	2010.5	4	-0.0112	-0.0977	0.0753
76	2009.5	6	0.0273	-0.0186	0.0731
77	2009.5	6	0.0327	-0.0346	0.0999
77	2010.5	6	0.0605	-0.0041	0.125
77	2011.5	6	0.0721	0.0097	0.1345
77	2012.5	6	0.0589	0.0039	0.1139
77	2013.5	6	0.0502	-0.0031	0.1035
77	2014.5	6	0.0449	-0.0085	0.0982
77	2015.5	6	0.0258	-0.0253	0.0769
77	2016.5	6	-0.0088	-0.0588	0.0411
77	2017.5	6	-0.0352	-0.0877	0.0172
77	2018.5	6	-0.0532	-0.1116	0.0052
77	2019.5	6	-0.0458	-0.1064	0.0148
77	2012.5	12	0.0422	0.0085	0.076
77	2013.5	12	0.0358	0.0061	0.0654
77	2014.5	12	0.0256	-8e-04	0.0519
77	2015.5	12	0.0142	-0.0105	0.0389
77	2016.5	12	1e-04	-0.0253	0.0255
77	2014.5	16	0.0178	-0.0036	0.0393
78	2007.5	2	-0.0095	-0.038	0.019
78	2008.5	2	-0.0393	-0.0703	-0.0083
78	2009.5	2	-0.0943	-0.1256	-0.063
78	2010.5	2	-0.4764	-0.5119	-0.4409
78	2011.5	2	0.1192	0.0585	0.18
78	2008.5	4	-0.0469	-0.0564	-0.0373
78	2009.5	4	-0.1924	-0.2038	-0.181
78	2010.5	4	-0.1831	-0.2014	-0.1648
78	2009.5	6	-0.1265	-0.1356	-0.1173
79	2009.5	6	0.0583	0.0094	0.1073
79	2010.5	6	0.0511	0.003	0.0991
79	2011.5	6	0.0414	-0.0068	0.0897
79	2012.5	6	0.0154	-0.0305	0.0612
79	2013.5	6	-0.0069	-0.0547	0.0409
79	2014.5	6	0.0014	-0.0451	0.0479
79	2015.5	6	0.0417	-0.0047	0.0881
79	2016.5	6	0.0665	0.019	0.114
79	2017.5	6	0.0833	0.0362	0.1303
79	2018.5	6	0.0719	0.026	0.1178
79	2019.5	6	0.0557	0.0051	0.1063
79	2012.5	12	0.0317	0.0112	0.0522
79	2013.5	12	0.0364	0.0162	0.0567
79	2014.5	12	0.0417	0.0217	0.0618
79	2015.5	12	0.0397	0.0202	0.0592
79	2016.5	12	0.0398	0.0193	0.0603
79	2014.5	16	0.0402	0.0253	0.0551
80	2007.5	2	0.1422	-0.111	0.3955
80	2008.5	2	0.0746	-0.1601	0.3093
80	2009.5	2	0.0954	-0.1283	0.3191
80	2010.5	2	0.3338	0.1023	0.5653
80	2011.5	2	0.0053	-0.2356	0.2463
80	2008.5	4	0.1011	0	0.2022
80	2009.5	4	0.1607	0.0682	0.2531
80	2010.5	4	0.1637	0.057	0.2705
80	2009.5	6	0.1389	0.0671	0.2108
81	2007.5	2	0.2279	0.022	0.4337
81	2008.5	2	0.1334	-0.0506	0.3174
81	2009.5	2	-0.2453	-0.4388	-0.0518
81	2010.5	2	0.1816	-0.0078	0.3709
81	2011.5	2	0.0762	-0.1663	0.3187
81	2008.5	4	0.0481	-0.0212	0.1175
81	2009.5	4	-0.0036	-0.0692	0.062
81	2010.5	4	0.0219	-0.0621	0.1059
81	2009.5	6	0.0524	0.0047	0.1
82	2009.5	6	-0.033	-0.0717	0.0056
82	2010.5	6	-0.0134	-0.0528	0.026
82	2011.5	6	-0.0012	-0.0409	0.0384
82	2012.5	6	-0.0027	-0.0412	0.0359
82	2013.5	6	0.0145	-0.0234	0.0524
82	2014.5	6	0.0287	-0.0102	0.0677
82	2015.5	6	0.0491	0.0076	0.0906
82	2016.5	6	0.0538	0.0125	0.0951
82	2017.5	6	0.0543	0.0148	0.0938
82	2018.5	6	0.051	0.0122	0.0897
82	2019.5	6	0.0314	-0.0094	0.0723
82	2012.5	12	0.0055	-0.0109	0.0219
82	2013.5	12	0.0167	2e-04	0.0332
82	2014.5	12	0.0281	0.011	0.0451
82	2015.5	12	0.0343	0.017	0.0516
82	2016.5	12	0.0352	0.0171	0.0532
82	2014.5	16	0.0184	0.0064	0.0303
83	2009.5	6	0.0264	-0.0281	0.0809
83	2010.5	6	0.0145	-0.0348	0.0638
83	2011.5	6	-0.0041	-0.0532	0.045
83	2012.5	6	-0.0205	-0.0672	0.0263
83	2013.5	6	-0.0093	-0.052	0.0334
83	2014.5	6	0.02	-0.0249	0.0648
83	2015.5	6	0.0511	0.0076	0.0946
83	2016.5	6	0.0794	0.0353	0.1235
83	2017.5	6	0.0457	0.0056	0.0857
83	2018.5	6	-0.0066	-0.0461	0.033
83	2019.5	6	-0.004	-0.047	0.0391
83	2012.5	12	0.0173	-0.0012	0.0357
83	2013.5	12	0.024	0.0065	0.0415
83	2014.5	12	0.0199	0.0023	0.0375
83	2015.5	12	0.0171	-3e-04	0.0344
83	2016.5	12	0.018	3e-04	0.0357
83	2014.5	16	0.0175	0.0048	0.0302
84	2007.5	2	-0.239	-0.4258	-0.0523
84	2008.5	2	0.0395	-0.1418	0.2208
84	2009.5	2	0.179	-0.013	0.3711
84	2010.5	2	-0.2689	-0.4647	-0.0732
84	2011.5	2	-0.0934	-0.3213	0.1345
84	2008.5	4	-0.0022	-0.0639	0.0594
84	2009.5	4	0.0028	-0.0658	0.0713
84	2010.5	4	-0.0819	-0.1709	0.0071
84	2009.5	6	-0.0539	-0.1018	-0.006
85	2009.5	6	0.0779	-0.0253	0.1811
85	2010.5	6	0.0319	-0.0652	0.129
85	2011.5	6	-0.0181	-0.1089	0.0727
85	2012.5	6	-0.0418	-0.1356	0.052
85	2013.5	6	-0.1067	-0.2021	-0.0112
85	2014.5	6	-0.0236	-0.1152	0.0681
85	2015.5	6	-0.0106	-0.0992	0.0779
85	2016.5	6	-0.0565	-0.1531	0.0401
85	2017.5	6	-0.1152	-0.2097	-0.0207
85	2018.5	6	-0.1574	-0.2413	-0.0735
85	2019.5	6	-0.2672	-0.3829	-0.1514
85	2012.5	12	-0.0071	-0.0411	0.0268
85	2013.5	12	-0.0281	-0.0628	0.0065
85	2014.5	12	-0.0594	-0.0936	-0.0252
85	2015.5	12	-0.0697	-0.1047	-0.0347
85	2016.5	12	-0.1282	-0.1696	-0.0867
85	2014.5	16	-0.0662	-0.092	-0.0405
86	2009.5	6	0.1347	0.0755	0.1939
86	2010.5	6	0.0485	0.0028	0.0942
86	2011.5	6	0.0074	-0.0368	0.0515
86	2012.5	6	-0.0737	-0.1191	-0.0283
86	2013.5	6	-0.095	-0.1422	-0.0477
86	2014.5	6	-0.1144	-0.1612	-0.0675
86	2015.5	6	0.0404	-0.0014	0.0822
86	2016.5	6	0.0625	0.018	0.107
86	2017.5	6	0.1439	0.0991	0.1888
86	2018.5	6	0.0877	0.045	0.1304
86	2019.5	6	0.039	-0.0097	0.0877
86	2012.5	12	0.0187	-1e-04	0.0375
86	2013.5	12	-1e-04	-0.0167	0.0165
86	2014.5	12	0.0052	-0.011	0.0213
86	2015.5	12	0.0107	-0.0053	0.0268
86	2016.5	12	0.0122	-0.005	0.0294
86	2014.5	16	0.0217	0.0096	0.0339
87	2007.5	2	0.6345	0.2148	1.0542
87	2008.5	2	-0.0916	-0.4922	0.309
87	2009.5	2	-0.0875	-0.4485	0.2734
87	2010.5	2	-0.8166	-1.2058	-0.4274
87	2011.5	2	-0.297	-0.9581	0.3642
87	2008.5	4	0.1275	-0.0096	0.2645
87	2009.5	4	-0.3075	-0.4439	-0.171
87	2010.5	4	-0.442	-0.6563	-0.2277
87	2009.5	6	-0.1819	-0.297	-0.0667
88	2007.5	2	0.0544	0.0237	0.0851
88	2008.5	2	-0.0078	-0.0401	0.0245
88	2009.5	2	-0.0173	-0.0491	0.0146
88	2010.5	2	-0.0104	-0.0414	0.0206
88	2011.5	2	0.0637	0.0151	0.1123
88	2008.5	4	0.008	-0.0022	0.0183
88	2009.5	4	-0.0124	-0.0231	-0.0017
88	2010.5	4	0.0098	-0.0062	0.0257
88	2009.5	6	0.0083	1e-04	0.0164
89	2007.5	2	0.1588	-0.0433	0.361
89	2008.5	2	-0.0209	-0.2119	0.1701
89	2009.5	2	0.0141	-0.1726	0.2008
89	2010.5	2	0.0788	-0.1095	0.267
89	2011.5	2	-0.0223	-0.2832	0.2386
89	2008.5	4	0.0435	-0.0297	0.1167
89	2009.5	4	0.023	-0.0479	0.0939
89	2010.5	4	0.029	-0.0685	0.1266
89	2009.5	6	0.0364	-0.0188	0.0915
90	2009.5	6	-0.0642	-0.1368	0.0083
90	2010.5	6	-0.1156	-0.193	-0.0383
90	2011.5	6	-0.1295	-0.2165	-0.0426
90	2012.5	6	-0.1309	-0.2212	-0.0405
90	2013.5	6	-0.1094	-0.195	-0.0238
90	2014.5	6	-0.0524	-0.1279	0.0231
90	2015.5	6	-0.0188	-0.1011	0.0635
90	2016.5	6	-0.012	-0.1007	0.0768
90	2017.5	6	-0.0233	-0.1159	0.0692
90	2018.5	6	-0.0313	-0.1268	0.0641
90	2019.5	6	-0.0218	-0.1162	0.0727
90	2012.5	12	-0.0791	-0.1165	-0.0416
90	2013.5	12	-0.0788	-0.1182	-0.0395
90	2014.5	12	-0.0686	-0.1098	-0.0274
90	2015.5	12	-0.0575	-0.1011	-0.014
90	2016.5	12	-0.0432	-0.0888	0.0024
90	2014.5	16	-0.0602	-0.0922	-0.0282
91	2009.5	6	0.0541	-0.0542	0.1624
91	2010.5	6	0.0921	-0.0141	0.1984
91	2011.5	6	0.087	-0.0142	0.1881
91	2012.5	6	0.0712	-0.0258	0.1683
91	2013.5	6	0.057	-0.0379	0.1518
91	2014.5	6	0.0855	-0.0067	0.1777
91	2015.5	6	0.1055	0.006	0.205
91	2016.5	6	0.1183	0.0064	0.2303
91	2017.5	6	0.0863	-0.018	0.1905
91	2018.5	6	0.0274	-0.0638	0.1186
91	2019.5	6	-0.0505	-0.1635	0.0625
91	2012.5	12	0.0794	0.0235	0.1353
91	2013.5	12	0.0872	0.0297	0.1448
91	2014.5	12	0.0837	0.0271	0.1403
91	2015.5	12	0.0724	0.0194	0.1253
91	2016.5	12	0.0514	0.002	0.1008
91	2014.5	16	0.0606	0.0194	0.1019
92	2007.5	2	0.1244	-0.2303	0.4791
92	2008.5	2	0.2807	-0.0692	0.6306
92	2009.5	2	0.2937	-0.0439	0.6314
92	2010.5	2	0.0468	-0.2611	0.3547
92	2011.5	2	-0.2633	-0.7313	0.2047
92	2008.5	4	0.2376	0.0636	0.4117
92	2009.5	4	0.2157	0.0494	0.3819
92	2010.5	4	0.0279	-0.1493	0.205
92	2009.5	6	0.1305	0.0161	0.245
93	2007.5	2	0.1135	0.0145	0.2125
93	2008.5	2	-0.1168	-0.218	-0.0155
93	2009.5	2	-0.0457	-0.1466	0.0553
93	2010.5	2	0.0518	-0.0488	0.1523
93	2011.5	2	0.0574	-0.0837	0.1985
93	2008.5	4	-0.0264	-0.0611	0.0084
93	2009.5	4	-0.0378	-0.0726	-0.0029
93	2010.5	4	0.0242	-0.0258	0.0743
93	2009.5	6	-0.0022	-0.028	0.0236
94	2009.5	6	0.0288	0.0156	0.042
94	2010.5	6	0.0068	-0.0063	0.0198
94	2011.5	6	-0.0022	-0.0153	0.0109
94	2012.5	6	-0.0158	-0.029	-0.0025
94	2013.5	6	-0.0343	-0.0477	-0.0208
94	2014.5	6	-0.0388	-0.0526	-0.0251
94	2015.5	6	-0.0254	-0.0389	-0.012
94	2016.5	6	-0.014	-0.0274	-6e-04
94	2017.5	6	0.0015	-0.0125	0.0154
94	2018.5	6	0.0108	-0.0025	0.024
94	2019.5	6	-0.0042	-0.0187	0.0102
94	2012.5	12	-0.0085	-0.0131	-0.0039
94	2013.5	12	-0.0119	-0.0165	-0.0073
94	2014.5	12	-0.0155	-0.0202	-0.0107
94	2015.5	12	-0.0148	-0.0196	-0.0101
94	2016.5	12	-0.015	-0.02	-0.0099
94	2014.5	16	-0.0084	-0.0115	-0.0052
95	2009.5	6	0.0614	0.0413	0.0815
95	2010.5	6	0.0445	0.0252	0.0638
95	2011.5	6	0.017	-0.0025	0.0366
95	2012.5	6	8e-04	-0.0187	0.0202
95	2013.5	6	-0.0134	-0.0326	0.0058
95	2014.5	6	-0.0064	-0.0256	0.0127
95	2015.5	6	0.0176	-0.0017	0.0369
95	2016.5	6	0.0109	-0.0081	0.03
95	2017.5	6	0.0049	-0.0145	0.0243
95	2018.5	6	-0.0046	-0.0228	0.0136
95	2019.5	6	-0.0129	-0.0326	0.0069
95	2012.5	12	0.02	0.0129	0.0271
95	2013.5	12	0.0137	0.0068	0.0207
95	2014.5	12	0.0071	0	0.0142
95	2015.5	12	0.0014	-0.0056	0.0085
95	2016.5	12	-0.0029	-0.0104	0.0045
95	2014.5	16	0.0104	0.0055	0.0153
96	2009.5	6	0.0034	-0.0182	0.0249
96	2010.5	6	-0.0147	-0.0357	0.0062
96	2011.5	6	-0.0542	-0.0771	-0.0313
96	2012.5	6	-0.0726	-0.0977	-0.0474
96	2013.5	6	-0.0474	-0.0703	-0.0245
96	2014.5	6	-0.0087	-0.0312	0.0138
96	2015.5	6	0.018	-0.0045	0.0405
96	2016.5	6	0.0393	0.0142	0.0645
96	2017.5	6	0.0289	0.0047	0.0531
96	2018.5	6	-0.0132	-0.036	0.0097
96	2019.5	6	-0.0044	-0.0281	0.0194
96	2012.5	12	-0.0182	-0.0264	-0.01
96	2013.5	12	-0.0166	-0.0248	-0.0084
96	2014.5	12	-0.0098	-0.018	-0.0016
96	2015.5	12	-0.0112	-0.0197	-0.0027
96	2016.5	12	-0.0092	-0.0181	-3e-04
96	2014.5	16	-0.0113	-0.017	-0.0057
97	2007.5	2	-0.1622	-0.1981	-0.1263
97	2008.5	2	0.0506	0.0122	0.0889
97	2009.5	2	0.0816	0.0453	0.1179
97	2010.5	2	-0.1714	-0.207	-0.1359
97	2011.5	2	0.0234	-0.0338	0.0805
97	2008.5	4	-0.004	-0.015	0.0071
97	2009.5	4	-0.0036	-0.0161	0.0089
97	2010.5	4	-0.0371	-0.0554	-0.0187
97	2009.5	6	-0.0265	-0.0357	-0.0172
98	2009.5	6	-0.0454	-0.0686	-0.0223
98	2010.5	6	-0.0291	-0.0518	-0.0065
98	2011.5	6	-0.0195	-0.0427	0.0036
98	2012.5	6	-0.018	-0.0415	0.0055
98	2013.5	6	-0.0185	-0.0419	0.0049
98	2014.5	6	-0.0277	-0.0512	-0.0043
98	2015.5	6	-0.0403	-0.0642	-0.0164
98	2016.5	6	-0.0244	-0.0483	-5e-04
98	2017.5	6	-0.0087	-0.0324	0.015
98	2018.5	6	-0.0013	-0.0241	0.0215
98	2019.5	6	-9e-04	-0.0263	0.0245
98	2012.5	12	-0.0298	-0.0384	-0.0212
98	2013.5	12	-0.0253	-0.0339	-0.0167
98	2014.5	12	-0.0227	-0.0315	-0.0139
98	2015.5	12	-0.0175	-0.0264	-0.0086
98	2016.5	12	-0.015	-0.0244	-0.0055
98	2014.5	16	-0.0218	-0.0279	-0.0158
99	2009.5	6	0.0254	-0.0276	0.0783
99	2010.5	6	0.0221	-0.0273	0.0714
99	2011.5	6	0.0168	-0.0312	0.0648
99	2012.5	6	0.0126	-0.0348	0.06
99	2013.5	6	0.0118	-0.0354	0.0591
99	2014.5	6	0.017	-0.0295	0.0634
99	2015.5	6	0.0264	-0.0225	0.0753
99	2016.5	6	0.0263	-0.0237	0.0762
99	2017.5	6	0.0248	-0.0261	0.0756
99	2018.5	6	0.0187	-0.032	0.0694
99	2019.5	6	0.0092	-0.0435	0.0619
99	2012.5	12	0.0202	-0.0074	0.0479
99	2013.5	12	0.02	-0.0068	0.0467
99	2014.5	12	0.0196	-0.0072	0.0464
99	2015.5	12	0.0187	-0.0084	0.0457
99	2016.5	12	0.0175	-0.0108	0.0458
99	2014.5	16	0.0187	-0.0044	0.0418
100	2009.5	6	0.0258	-0.0732	0.1247
100	2010.5	6	0.0027	-0.0893	0.0947
100	2011.5	6	-0.0202	-0.1114	0.0711
100	2012.5	6	-0.0328	-0.1222	0.0567
100	2013.5	6	-0.0325	-0.1184	0.0534
100	2014.5	6	-0.0306	-0.1178	0.0566
100	2015.5	6	-0.0343	-0.1245	0.0558
100	2016.5	6	-0.0509	-0.1448	0.043
100	2017.5	6	-0.0738	-0.1777	0.0302
100	2018.5	6	-0.0927	-0.2102	0.0249
100	2019.5	6	-0.0935	-0.2174	0.0303
100	2012.5	12	-0.0145	-0.0639	0.0349
100	2013.5	12	-0.0283	-0.0767	0.0201
100	2014.5	12	-0.0406	-0.092	0.0109
100	2015.5	12	-0.0515	-0.1085	0.0055
100	2016.5	12	-0.0589	-0.1218	0.0041
100	2014.5	16	-0.0374	-0.0814	0.0066
101	2009.5	6	0.0158	0.0047	0.0268
101	2010.5	6	0.0351	0.0241	0.0461
101	2011.5	6	0.0294	0.0181	0.0407
101	2012.5	6	0.0136	0.0022	0.0249
101	2013.5	6	-0.0073	-0.019	0.0044
101	2014.5	6	-0.0254	-0.037	-0.0137
101	2015.5	6	-0.0119	-0.0232	-6e-04
101	2016.5	6	0.0124	7e-04	0.024
101	2017.5	6	0.0244	0.0125	0.0363
101	2018.5	6	0.0283	0.017	0.0397
101	2019.5	6	0.0107	-0.0016	0.0231
101	2012.5	12	0.0106	0.0067	0.0144
101	2013.5	12	0.0067	0.0028	0.0106
101	2014.5	12	0.0081	0.004	0.0121
101	2015.5	12	0.0079	0.0039	0.0119
101	2016.5	12	0.0068	0.0025	0.0111
101	2014.5	16	0.0096	0.0069	0.0123
102	2007.5	2	0.4215	0.1908	0.6521
102	2008.5	2	-0.1774	-0.418	0.0632
102	2009.5	2	-0.4734	-0.757	-0.1897
102	2010.5	2	0.3008	0.018	0.5835
102	2011.5	2	0.3506	0.0483	0.6528
102	2008.5	4	-0.0865	-0.1908	0.0178
102	2009.5	4	-0.1523	-0.2514	-0.0533
102	2010.5	4	0.0835	-0.0401	0.207
102	2009.5	6	0.0168	-0.0616	0.0951
103	2009.5	6	-0.0104	-0.0596	0.0387
103	2010.5	6	-0.0217	-0.0718	0.0283
103	2011.5	6	-0.003	-0.0528	0.0469
103	2012.5	6	0.0302	-0.0178	0.0782
103	2013.5	6	0.0446	-0.0016	0.0908
103	2014.5	6	0.0601	0.0121	0.1081
103	2015.5	6	0.0483	-4e-04	0.097
103	2016.5	6	0.0276	-0.0199	0.0751
103	2017.5	6	0.0439	2e-04	0.0876
103	2018.5	6	0.0208	-0.0231	0.0647
103	2019.5	6	-0.02	-0.075	0.035
103	2012.5	12	0.0166	-0.0019	0.035
103	2013.5	12	0.0211	0.0028	0.0393
103	2014.5	12	0.0368	0.018	0.0556
103	2015.5	12	0.0362	0.0175	0.0549
103	2016.5	12	0.0218	0.0018	0.0418
103	2014.5	16	0.0168	0.0036	0.0301
104	2009.5	6	0.0917	-0.0026	0.186
104	2010.5	6	0.0983	0.0084	0.1881
104	2011.5	6	0.0782	-0.0144	0.1709
104	2012.5	6	0.0086	-0.0817	0.0989
104	2013.5	6	-0.0966	-0.1892	-0.0041
104	2014.5	6	-0.1851	-0.2901	-0.08
104	2015.5	6	-0.2236	-0.3432	-0.1041
104	2016.5	6	-0.1892	-0.2996	-0.0789
104	2017.5	6	-0.1722	-0.2869	-0.0575
104	2018.5	6	-0.126	-0.2479	-0.0041
104	2019.5	6	-0.0744	-0.2138	0.065
104	2012.5	12	-0.0397	-0.0834	0.004
104	2013.5	12	-0.0687	-0.114	-0.0234
104	2014.5	12	-0.0935	-0.1417	-0.0453
104	2015.5	12	-0.1224	-0.1756	-0.0693
104	2016.5	12	-0.1361	-0.1945	-0.0777
104	2014.5	16	-0.0733	-0.1111	-0.0355
105	2009.5	6	-0.0131	-0.0285	0.0022
105	2010.5	6	-0.0342	-0.0498	-0.0186
105	2011.5	6	-0.0652	-0.0814	-0.0489
105	2012.5	6	-0.051	-0.0671	-0.035
105	2013.5	6	-0.0595	-0.0756	-0.0433
105	2014.5	6	-0.0498	-0.0664	-0.0333
105	2015.5	6	-0.0275	-0.0442	-0.0108
105	2016.5	6	-0.0162	-0.0329	4e-04
105	2017.5	6	-0.0015	-0.0181	0.015
105	2018.5	6	0.0365	0.0205	0.0524
105	2019.5	6	0.0333	0.0158	0.0508
105	2012.5	12	-0.04	-0.0455	-0.0345
105	2013.5	12	-0.0369	-0.0425	-0.0313
105	2014.5	12	-0.0331	-0.0388	-0.0274
105	2015.5	12	-0.0223	-0.028	-0.0166
105	2016.5	12	-0.0143	-0.0204	-0.0082
105	2014.5	16	-0.0225	-0.0263	-0.0187
106	2009.5	6	0.0118	-0.0288	0.0524
106	2010.5	6	0.0031	-0.036	0.0423
106	2011.5	6	0.0068	-0.0309	0.0445
106	2012.5	6	0.0157	-0.0198	0.0512
106	2013.5	6	0.0304	-0.0083	0.0692
106	2014.5	6	0.0393	-0.0044	0.0831
106	2015.5	6	0.0285	-0.0108	0.0679
106	2016.5	6	0.0038	-0.031	0.0385
106	2017.5	6	-0.017	-0.0536	0.0196
106	2018.5	6	-0.0312	-0.0726	0.0101
106	2019.5	6	-0.0334	-0.0781	0.0113
106	2012.5	12	0.018	0	0.036
106	2013.5	12	0.0154	-0.0015	0.0323
106	2014.5	12	0.0109	-0.0054	0.0271
106	2015.5	12	0.0064	-0.0097	0.0225
106	2016.5	12	0.0017	-0.0155	0.0189
106	2014.5	16	0.0065	-0.0058	0.0188
107	2007.5	2	-0.0965	-0.2115	0.0185
107	2008.5	2	-0.1009	-0.217	0.0153
107	2009.5	2	-0.1049	-0.2274	0.0176
107	2010.5	2	-0.1664	-0.2965	-0.0363
107	2011.5	2	-0.0514	-0.2082	0.1054
107	2008.5	4	-0.1008	-0.1499	-0.0516
107	2009.5	4	-0.1221	-0.1755	-0.0687
107	2010.5	4	-0.1134	-0.1809	-0.046
107	2009.5	6	-0.1092	-0.1493	-0.0691
108	2009.5	6	0.2161	0.1247	0.3074
108	2010.5	6	0.2161	0.127	0.3051
108	2011.5	6	0.195	0.1065	0.2836
108	2012.5	6	0.1685	0.0795	0.2575
108	2013.5	6	0.1121	0.0307	0.1935
108	2014.5	6	0.0683	-0.0128	0.1494
108	2015.5	6	0.0304	-0.0565	0.1173
108	2016.5	6	0.0185	-0.0705	0.1074
108	2017.5	6	4e-04	-0.0868	0.0877
108	2018.5	6	-0.0134	-0.1011	0.0743
108	2019.5	6	-0.0287	-0.1258	0.0684
108	2012.5	12	0.1363	0.095	0.1776
108	2013.5	12	0.1145	0.0756	0.1535
108	2014.5	12	0.0892	0.052	0.1264
108	2015.5	12	0.061	0.0231	0.0989
108	2016.5	12	0.0298	-0.0118	0.0714
108	2014.5	16	0.0866	0.0567	0.1166
109	2009.5	6	0.0718	0.0305	0.1132
109	2010.5	6	-0.0043	-0.0477	0.0391
109	2011.5	6	-0.0457	-0.0932	0.0018
109	2012.5	6	-0.0173	-0.0604	0.0257
109	2013.5	6	0.0157	-0.024	0.0553
109	2014.5	6	0.0119	-0.0328	0.0566
109	2015.5	6	-0.0299	-0.0788	0.019
109	2016.5	6	-0.081	-0.1295	-0.0326
109	2017.5	6	-0.1871	-0.2418	-0.1324
109	2018.5	6	-0.1569	-0.2055	-0.1083
109	2019.5	6	-0.0758	-0.1339	-0.0176
109	2012.5	12	-0.0021	-0.0179	0.0137
109	2013.5	12	-0.0292	-0.0454	-0.013
109	2014.5	12	-0.0514	-0.0696	-0.0332
109	2015.5	12	-0.063	-0.081	-0.045
109	2016.5	12	-0.0704	-0.0908	-0.0499
109	2014.5	16	-0.0361	-0.0489	-0.0232
110	2009.5	6	0.0172	-0.0489	0.0833
110	2010.5	6	0.028	-0.0355	0.0914
110	2011.5	6	0.0342	-0.0391	0.1075
110	2012.5	6	0.0227	-0.0489	0.0943
110	2013.5	6	-1e-04	-0.0655	0.0654
110	2014.5	6	-0.0179	-0.0789	0.0431
110	2015.5	6	-0.0302	-0.0955	0.0352
110	2016.5	6	-0.0493	-0.1268	0.0282
110	2017.5	6	-0.0449	-0.1218	0.032
110	2018.5	6	-0.0324	-0.1047	0.0398
110	2019.5	6	-0.0088	-0.0772	0.0596
110	2012.5	12	0.0038	-0.0254	0.033
110	2013.5	12	-0.0045	-0.0346	0.0256
110	2014.5	12	-0.012	-0.0452	0.0212
110	2015.5	12	-0.0165	-0.0512	0.0182
110	2016.5	12	-0.0181	-0.0533	0.0171
110	2014.5	16	-0.0063	-0.0301	0.0174
111	2007.5	2	0.0546	-0.1411	0.2503
111	2008.5	2	0.0351	-0.1439	0.214
111	2009.5	2	0.0311	-0.1411	0.2033
111	2010.5	2	-0.0233	-0.2003	0.1537
111	2011.5	2	-0.0491	-0.2666	0.1684
111	2008.5	4	0.0397	-0.0503	0.1297
111	2009.5	4	0.0159	-0.0653	0.097
111	2010.5	4	-0.0146	-0.1118	0.0825
111	2009.5	6	0.0115	-0.0518	0.0747
112	2009.5	6	0.0789	0.0624	0.0955
112	2010.5	6	0.0351	0.0188	0.0513
112	2011.5	6	0.0117	-0.0043	0.0277
112	2012.5	6	3e-04	-0.0155	0.0162
112	2013.5	6	-0.0037	-0.0195	0.0122
112	2014.5	6	0.0107	-0.0057	0.027
112	2015.5	6	0.0369	0.0206	0.0531
112	2016.5	6	0.0283	0.0125	0.044
112	2017.5	6	0.0282	0.0121	0.0444
112	2018.5	6	0.0141	-0.001	0.0293
112	2019.5	6	-0.0021	-0.0186	0.0143
112	2012.5	12	0.0294	0.0237	0.0351
112	2013.5	12	0.0248	0.0192	0.0304
112	2014.5	12	0.0177	0.012	0.0234
112	2015.5	12	0.0127	0.007	0.0183
112	2016.5	12	0.0103	0.0042	0.0163
112	2014.5	16	0.0219	0.018	0.0258
113	2007.5	2	-0.0339	-0.0795	0.0118
113	2008.5	2	-0.198	-0.2503	-0.1458
113	2009.5	2	-0.1211	-0.1733	-0.069
113	2010.5	2	0.1126	0.0617	0.1635
113	2011.5	2	-0.0067	-0.0887	0.0754
113	2008.5	4	-0.1257	-0.1423	-0.1091
113	2009.5	4	-0.0741	-0.0911	-0.0571
113	2010.5	4	0.0067	-0.0203	0.0337
113	2009.5	6	-0.0565	-0.0702	-0.0427
114	2007.5	2	-0.035	-0.1304	0.0605
114	2008.5	2	-0.2108	-0.3158	-0.1057
114	2009.5	2	0.298	0.1963	0.3998
114	2010.5	2	0.0709	-0.0224	0.1642
114	2011.5	2	-0.2645	-0.4152	-0.1139
114	2008.5	4	-0.0054	-0.0369	0.0262
114	2009.5	4	0.0773	0.0444	0.1101
114	2010.5	4	0.0384	-0.0099	0.0868
114	2009.5	6	0.0019	-0.023	0.0268
115	2009.5	6	0.0638	0.0468	0.0808
115	2010.5	6	0.0398	0.0233	0.0564
115	2011.5	6	-0.0011	-0.0184	0.0161
115	2012.5	6	-0.0302	-0.0473	-0.0131
115	2013.5	6	-0.0563	-0.0733	-0.0392
115	2014.5	6	-0.0663	-0.0838	-0.0488
115	2015.5	6	-0.0361	-0.0535	-0.0187
115	2016.5	6	-0.0061	-0.0241	0.0119
115	2017.5	6	4e-04	-0.0177	0.0185
115	2018.5	6	0.0119	-0.005	0.0289
115	2019.5	6	0.0258	0.0075	0.0441
115	2012.5	12	-0.0082	-0.0143	-0.002
115	2013.5	12	-0.0144	-0.0205	-0.0082
115	2014.5	12	-0.019	-0.0254	-0.0127
115	2015.5	12	-0.0218	-0.0281	-0.0155
115	2016.5	12	-0.0167	-0.0232	-0.0102
115	2014.5	16	-0.0051	-0.0093	-9e-04
116	2009.5	6	0.121	0.0493	0.1927
116	2010.5	6	0.1117	0.0415	0.1818
116	2011.5	6	0.099	0.0197	0.1784
116	2012.5	6	-0.0187	-0.0912	0.0538
116	2013.5	6	-0.1077	-0.1802	-0.0352
116	2014.5	6	-0.1102	-0.1833	-0.0371
116	2015.5	6	-0.0331	-0.1049	0.0388
116	2016.5	6	0.0635	-0.0047	0.1317
116	2017.5	6	0.1091	0.0356	0.1827
116	2018.5	6	0.0473	-0.0268	0.1213
116	2019.5	6	-0.1057	-0.194	-0.0175
116	2012.5	12	0.0181	-0.0124	0.0486
116	2013.5	12	0.0233	-0.0063	0.053
116	2014.5	12	0.0145	-0.015	0.0439
116	2015.5	12	-0.0057	-0.0339	0.0225
116	2016.5	12	-0.0354	-0.0667	-0.0041
116	2014.5	16	0.0016	-0.02	0.0233
117	2009.5	6	0.1017	0.0834	0.12
117	2010.5	6	0.0833	0.0652	0.1013
117	2011.5	6	0.0565	0.0384	0.0746
117	2012.5	6	0.0436	0.0257	0.0614
117	2013.5	6	0.0452	0.0274	0.063
117	2014.5	6	0.0414	0.0237	0.0592
117	2015.5	6	0.0349	0.017	0.0528
117	2016.5	6	0.044	0.026	0.062
117	2017.5	6	0.0201	0.0025	0.0378
117	2018.5	6	0.0214	0.0043	0.0385
117	2019.5	6	0.0562	0.0374	0.0749
117	2012.5	12	0.0611	0.0547	0.0675
117	2013.5	12	0.0509	0.0446	0.0572
117	2014.5	12	0.0428	0.0364	0.0492
117	2015.5	12	0.0361	0.0297	0.0425
117	2016.5	12	0.0407	0.034	0.0474
117	2014.5	16	0.0532	0.0488	0.0576
118	2007.5	2	0.5054	0.2879	0.7228
118	2008.5	2	-0.2306	-0.4248	-0.0364
118	2009.5	2	-0.4573	-0.6782	-0.2364
118	2010.5	2	0.3648	0.1309	0.5988
118	2011.5	2	-0.4485	-0.8061	-0.091
118	2008.5	4	-0.0778	-0.1553	-3e-04
118	2009.5	4	-0.1426	-0.2156	-0.0697
118	2010.5	4	-0.1258	-0.241	-0.0106
118	2009.5	6	-0.0788	-0.1391	-0.0185
119	2007.5	2	-0.2052	-0.4515	0.0412
119	2008.5	2	-0.4205	-0.7327	-0.1084
119	2009.5	2	-0.0087	-0.2976	0.2802
119	2010.5	2	-0.1209	-0.4373	0.1955
119	2011.5	2	0.0821	-0.271	0.4351
119	2008.5	4	-0.2323	-0.3467	-0.118
119	2009.5	4	-0.1659	-0.2947	-0.0371
119	2010.5	4	-0.0264	-0.1761	0.1234
119	2009.5	6	-0.1436	-0.2327	-0.0545
120	2007.5	2	-0.2253	-0.5921	0.1415
120	2008.5	2	-0.2017	-0.5616	0.1581
120	2009.5	2	0.2498	-0.0888	0.5885
120	2010.5	2	0.3367	0.0128	0.6606
120	2011.5	2	-0.2068	-0.6569	0.2434
120	2008.5	4	-0.0733	-0.2006	0.0539
120	2009.5	4	0.1404	0.022	0.2589
120	2010.5	4	0.1476	-0.0126	0.3078
120	2009.5	6	0.0334	-0.0546	0.1213
121	2009.5	6	-0.0805	-0.1359	-0.025
121	2010.5	6	-0.0615	-0.1176	-0.0054
121	2011.5	6	0.0087	-0.0468	0.0642
121	2012.5	6	0.0556	-0.0011	0.1123
121	2013.5	6	0.0823	0.0282	0.1364
121	2014.5	6	0.0836	0.0277	0.1394
121	2015.5	6	0.046	-0.0112	0.1032
121	2016.5	6	-0.0358	-0.0903	0.0187
121	2017.5	6	-0.1012	-0.1586	-0.0438
121	2018.5	6	-0.1116	-0.1691	-0.0541
121	2019.5	6	-0.0926	-0.1535	-0.0317
121	2012.5	12	0.0044	-0.0165	0.0253
121	2013.5	12	0.0057	-0.0155	0.0268
121	2014.5	12	0.0065	-0.016	0.0291
121	2015.5	12	-5e-04	-0.0243	0.0233
121	2016.5	12	-0.0178	-0.0427	0.0071
121	2014.5	16	-0.0179	-0.0339	-0.002
122	2009.5	6	-0.0195	-0.0401	0.0012
122	2010.5	6	-0.023	-0.0435	-0.0026
122	2011.5	6	-0.0056	-0.0263	0.015
122	2012.5	6	0.0212	4e-04	0.0419
122	2013.5	6	0.0469	0.0266	0.0672
122	2014.5	6	0.0558	0.0352	0.0763
122	2015.5	6	0.0597	0.0391	0.0802
122	2016.5	6	0.0381	0.0179	0.0584
122	2017.5	6	0.028	0.0079	0.0481
122	2018.5	6	0.0252	0.0068	0.0436
122	2019.5	6	0.0367	0.0171	0.0563
122	2012.5	12	0.0175	0.0102	0.0248
122	2013.5	12	0.0223	0.0152	0.0295
122	2014.5	12	0.0306	0.0232	0.038
122	2015.5	12	0.0366	0.0291	0.044
122	2016.5	12	0.0406	0.0328	0.0484
122	2014.5	16	0.0251	0.0202	0.0301
123	2007.5	2	0.0091	-0.1546	0.1729
123	2008.5	2	-0.0328	-0.194	0.1285
123	2009.5	2	-0.0031	-0.1636	0.1574
123	2010.5	2	0.0218	-0.1388	0.1824
123	2011.5	2	0.0038	-0.1685	0.1761
123	2008.5	4	-0.0113	-0.0904	0.0679
123	2009.5	4	-0.0045	-0.083	0.0741
123	2010.5	4	0.009	-0.0765	0.0944
123	2009.5	6	-0.0014	-0.0599	0.0571
124	2007.5	2	0.3504	-0.3484	1.0491
124	2008.5	2	0.9915	0.3517	1.6314
124	2009.5	2	0.476	0.0815	0.8704
124	2010.5	2	-0.2616	-0.7461	0.2229
124	2011.5	2	-0.9599	-1.667	-0.2528
124	2008.5	4	0.6445	0.4562	0.8328
124	2009.5	4	0.4094	0.1806	0.6381
124	2010.5	4	-0.2498	-0.5049	0.0052
124	2009.5	6	0.2022	0.0497	0.3546
125	2007.5	2	0.0745	-0.2592	0.4081
125	2008.5	2	-0.1005	-0.4275	0.2264
125	2009.5	2	-0.0294	-0.3612	0.3023
125	2010.5	2	-0.3058	-0.7322	0.1206
125	2011.5	2	-0.1017	-0.4863	0.2828
125	2008.5	4	-0.0267	-0.1721	0.1188
125	2009.5	4	-0.1336	-0.3038	0.0366
125	2010.5	4	-0.1616	-0.3733	0.05
125	2009.5	6	-0.1043	-0.2341	0.0256
126	2009.5	6	0.0346	-0.0015	0.0707
126	2010.5	6	0.0517	0.016	0.0874
126	2011.5	6	0.0652	0.0282	0.1022
126	2012.5	6	0.0645	0.0283	0.1006
126	2013.5	6	0.0575	0.0228	0.0921
126	2014.5	6	0.0552	0.0206	0.0899
126	2015.5	6	0.0515	0.0176	0.0854
126	2016.5	6	0.0306	-0.0023	0.0636
126	2017.5	6	0.0095	-0.0248	0.0438
126	2018.5	6	0.0053	-0.0275	0.0381
126	2019.5	6	-9e-04	-0.0345	0.0327
126	2012.5	12	0.0497	0.0336	0.0659
126	2013.5	12	0.0513	0.0355	0.0672
126	2014.5	12	0.0454	0.0298	0.0611
126	2015.5	12	0.0369	0.0215	0.0523
126	2016.5	12	0.0301	0.0144	0.0459
126	2014.5	16	0.0373	0.026	0.0486
127	2007.5	2	0.2042	0.1159	0.2926
127	2008.5	2	-0.0961	-0.1826	-0.0095
127	2009.5	2	-0.0947	-0.1783	-0.011
127	2010.5	2	-0.0746	-0.1634	0.0141
127	2011.5	2	-0.0393	-0.1708	0.0923
127	2008.5	4	-0.0056	-0.0361	0.025
127	2009.5	4	-0.0891	-0.1207	-0.0575
127	2010.5	4	-0.07	-0.1162	-0.0239
127	2009.5	6	-0.0398	-0.0642	-0.0154
128	2007.5	2	0.0883	-0.0064	0.1829
128	2008.5	2	0.0074	-0.0835	0.0984
128	2009.5	2	0.0146	-0.0765	0.1058
128	2010.5	2	0.0923	-6e-04	0.1852
128	2011.5	2	-0.0214	-0.1332	0.0905
128	2008.5	4	0.0339	-0.0016	0.0693
128	2009.5	4	0.0358	5e-04	0.0711
128	2010.5	4	0.0349	-0.0103	0.0801
128	2009.5	6	0.0361	0.0099	0.0623
129	2007.5	2	-0.2239	-0.3024	-0.1454
129	2008.5	2	-0.2439	-0.3293	-0.1586
129	2009.5	2	-0.2976	-0.3847	-0.2105
129	2010.5	2	-0.2925	-0.3818	-0.2033
129	2011.5	2	-0.1541	-0.2981	-0.0101
129	2008.5	4	-0.254	-0.2807	-0.2273
129	2009.5	4	-0.28	-0.3095	-0.2505
129	2010.5	4	-0.2525	-0.2978	-0.2073
129	2009.5	6	-0.2531	-0.2761	-0.2302
130	2007.5	2	-0.1805	-0.3328	-0.0282
130	2008.5	2	0.1739	0.0098	0.338
130	2009.5	2	-0.2552	-0.4187	-0.0918
130	2010.5	2	-0.7472	-0.9578	-0.5365
130	2011.5	2	-0.1913	-0.5664	0.1838
130	2008.5	4	-0.0612	-0.116	-0.0064
130	2009.5	4	-0.2741	-0.3431	-0.2051
130	2010.5	4	-0.4328	-0.5592	-0.3065
130	2009.5	6	-0.2498	-0.314	-0.1856
131	2009.5	6	0.3793	0.1988	0.5598
131	2010.5	6	0.2724	0.1528	0.392
131	2011.5	6	0.0747	-0.0494	0.1989
131	2012.5	6	0.0462	-0.0884	0.1807
131	2013.5	6	0	-0.1174	0.1174
131	2014.5	6	-0.1174	-0.22	-0.0148
131	2015.5	6	-0.0756	-0.186	0.0348
131	2016.5	6	-0.1511	-0.2767	-0.0254
131	2017.5	6	-0.2621	-0.3908	-0.1334
131	2018.5	6	-0.2386	-0.3485	-0.1287
131	2019.5	6	-0.1243	-0.2516	0.0029
131	2012.5	12	0.0952	0.0387	0.1518
131	2013.5	12	-0.001	-0.047	0.0451
131	2014.5	12	-0.0622	-0.1106	-0.0138
131	2015.5	12	-0.0872	-0.1341	-0.0403
131	2016.5	12	-0.1311	-0.1782	-0.0841
131	2014.5	16	-0.0093	-0.0471	0.0286
132	2009.5	6	0.0473	-0.0414	0.136
132	2010.5	6	0.0484	-0.0308	0.1277
132	2011.5	6	0.0293	-0.0372	0.0958
132	2012.5	6	0.0175	-0.0464	0.0814
132	2013.5	6	0.0095	-0.0545	0.0736
132	2014.5	6	0.0114	-0.0527	0.0755
132	2015.5	6	5e-04	-0.0613	0.0624
132	2016.5	6	-0.0073	-0.0696	0.055
132	2017.5	6	-0.0166	-0.0814	0.0482
132	2018.5	6	-0.016	-0.0816	0.0495
132	2019.5	6	-0.0142	-0.0847	0.0563
132	2012.5	12	0.0221	-0.0157	0.0598
132	2013.5	12	0.0152	-0.0178	0.0481
132	2014.5	12	0.0074	-0.0238	0.0386
132	2015.5	12	0.0025	-0.0289	0.0339
132	2016.5	12	-0.0041	-0.0376	0.0293
132	2014.5	16	0.0101	-0.0163	0.0365
133	2007.5	2	-0.0928	-0.227	0.0415
133	2008.5	2	-0.291	-0.4513	-0.1308
133	2009.5	2	-0.0656	-0.2247	0.0935
133	2010.5	2	0.0376	-0.1267	0.2019
133	2011.5	2	-0.1979	-0.4486	0.0529
133	2008.5	4	-0.1639	-0.2196	-0.1083
133	2009.5	4	-0.1023	-0.156	-0.0486
133	2010.5	4	-0.064	-0.1471	0.0192
133	2009.5	6	-0.1163	-0.1623	-0.0703
134	2007.5	2	0.0487	-0.0863	0.1836
134	2008.5	2	0.0071	-0.12	0.1343
134	2009.5	2	0.095	-0.0395	0.2295
134	2010.5	2	-0.0793	-0.2128	0.0541
134	2011.5	2	-0.044	-0.217	0.129
134	2008.5	4	0.0459	-0.0084	0.1001
134	2009.5	4	0.0163	-0.0317	0.0643
134	2010.5	4	-0.0164	-0.0837	0.0509
134	2009.5	6	0.0086	-0.0293	0.0464
135	2007.5	2	0.0149	-0.1534	0.1831
135	2008.5	2	0.0275	-0.1398	0.1949
135	2009.5	2	-0.0324	-0.1983	0.1334
135	2010.5	2	-0.0763	-0.2677	0.1151
135	2011.5	2	0.0625	-0.1324	0.2574
135	2008.5	4	0.0059	-0.0637	0.0755
135	2009.5	4	-0.027	-0.1086	0.0545
135	2010.5	4	-0.0207	-0.1052	0.0638
135	2009.5	6	-0.0079	-0.0611	0.0452
136	2009.5	6	-0.0143	-0.0351	0.0065
136	2010.5	6	-1e-04	-0.0223	0.0221
136	2011.5	6	-0.0161	-0.0406	0.0083
136	2012.5	6	-0.0181	-0.0405	0.0043
136	2013.5	6	-0.015	-0.0372	0.0072
136	2014.5	6	-0.0403	-0.0635	-0.017
136	2015.5	6	-0.0387	-0.0628	-0.0146
136	2016.5	6	-0.0363	-0.061	-0.0115
136	2017.5	6	-0.0369	-0.0605	-0.0133
136	2018.5	6	-0.0183	-0.0415	0.005
136	2019.5	6	0.0056	-0.0206	0.0317
136	2012.5	12	-0.026	-0.034	-0.0179
136	2013.5	12	-0.0245	-0.033	-0.0161
136	2014.5	12	-0.0237	-0.0323	-0.0151
136	2015.5	12	-0.0228	-0.0312	-0.0144
136	2016.5	12	-0.0261	-0.0353	-0.0169
136	2014.5	16	-0.0229	-0.0287	-0.0172
137	2009.5	6	0.0626	0.0486	0.0767
137	2010.5	6	0.0305	0.0159	0.045
137	2011.5	6	0.0431	0.0286	0.0577
137	2012.5	6	0.0403	0.026	0.0545
137	2013.5	6	0.0208	0.0069	0.0346
137	2014.5	6	0.0057	-0.0085	0.02
137	2015.5	6	-0.0035	-0.0182	0.0113
137	2016.5	6	-0.0458	-0.0602	-0.0315
137	2017.5	6	-0.0521	-0.067	-0.0372
137	2018.5	6	-0.0233	-0.0369	-0.0098
137	2019.5	6	0.0113	-0.0035	0.0262
137	2012.5	12	0.0192	0.0142	0.0241
137	2013.5	12	0.011	0.006	0.016
137	2014.5	12	0.0044	-9e-04	0.0097
137	2015.5	12	-0.0031	-0.0082	0.002
137	2016.5	12	-0.0067	-0.012	-0.0015
137	2014.5	16	0.0095	0.0061	0.0128
138	2007.5	2	-0.2377	-0.3515	-0.1238
138	2008.5	2	-0.0454	-0.1524	0.0617
138	2009.5	2	-0.0215	-0.1247	0.0817
138	2010.5	2	-0.0359	-0.1409	0.0691
138	2011.5	2	-0.0319	-0.18	0.1161
138	2008.5	4	-0.0959	-0.1324	-0.0594
138	2009.5	4	-0.033	-0.0719	0.006
138	2010.5	4	-0.0304	-0.0832	0.0224
138	2009.5	6	-0.0626	-0.0911	-0.0341
139	2009.5	6	-0.0156	-0.0315	2e-04
139	2010.5	6	-0.0395	-0.0554	-0.0236
139	2011.5	6	-0.0494	-0.0661	-0.0328
139	2012.5	6	-0.0411	-0.0574	-0.0247
139	2013.5	6	-0.0215	-0.0376	-0.0054
139	2014.5	6	-0.0089	-0.0253	0.0074
139	2015.5	6	0.0021	-0.0145	0.0187
139	2016.5	6	-0.001	-0.0176	0.0155
139	2017.5	6	-0.0104	-0.0272	0.0063
139	2018.5	6	-0.0124	-0.0285	0.0037
139	2019.5	6	-4e-04	-0.0179	0.0171
139	2012.5	12	-0.0211	-0.027	-0.0152
139	2013.5	12	-0.0228	-0.0288	-0.0168
139	2014.5	12	-0.0208	-0.0271	-0.0146
139	2015.5	12	-0.0141	-0.0204	-0.0078
139	2016.5	12	-0.0091	-0.0159	-0.0023
139	2014.5	16	-0.0156	-0.0199	-0.0113
140	2007.5	2	0.0381	-0.0549	0.1312
140	2008.5	2	-0.2353	-0.3355	-0.1351
140	2009.5	2	-0.0914	-0.1862	0.0034
140	2010.5	2	0.1805	0.0851	0.2758
140	2011.5	2	-0.0602	-0.1877	0.0673
140	2008.5	4	-0.1101	-0.1427	-0.0775
140	2009.5	4	-0.053	-0.0836	-0.0224
140	2010.5	4	0.0267	-0.0174	0.0708
140	2009.5	6	-0.0392	-0.062	-0.0164
141	2007.5	2	-0.0679	-0.1193	-0.0165
141	2008.5	2	-0.1382	-0.1971	-0.0793
141	2009.5	2	0.0423	-0.0159	0.1004
141	2010.5	2	-0.0461	-0.1012	0.009
141	2011.5	2	0.0144	-0.0668	0.0957
141	2008.5	4	-0.063	-0.0811	-0.0448
141	2009.5	4	-0.0384	-0.0577	-0.0191
141	2010.5	4	-0.0014	-0.0301	0.0272
141	2009.5	6	-0.0389	-0.0536	-0.0242
142	2009.5	6	0.0515	0.0179	0.0851
142	2010.5	6	0.045	0.0115	0.0785
142	2011.5	6	0.0079	-0.0248	0.0405
142	2012.5	6	-0.0137	-0.046	0.0185
142	2013.5	6	-0.0297	-0.0628	0.0033
142	2014.5	6	-0.0106	-0.0425	0.0212
142	2015.5	6	0.0148	-0.0169	0.0464
142	2016.5	6	0.0457	0.0139	0.0776
142	2017.5	6	0.0586	0.0275	0.0897
142	2018.5	6	0.0583	0.028	0.0886
142	2019.5	6	0.0472	0.0144	0.08
142	2012.5	12	0.0117	-9e-04	0.0244
142	2013.5	12	0.0171	0.0049	0.0293
142	2014.5	12	0.018	0.006	0.03
142	2015.5	12	0.0191	0.007	0.0311
142	2016.5	12	0.022	0.0091	0.0349
142	2014.5	16	0.0229	0.0142	0.0316
143	2009.5	6	-0.0352	-0.0827	0.0123
143	2010.5	6	-0.0419	-0.0897	0.006
143	2011.5	6	-0.0485	-0.0977	8e-04
143	2012.5	6	-0.0617	-0.1112	-0.0121
143	2013.5	6	-0.0813	-0.1314	-0.0313
143	2014.5	6	-0.0803	-0.1332	-0.0275
143	2015.5	6	-0.0824	-0.1378	-0.027
143	2016.5	6	-0.0877	-0.1446	-0.0307
143	2017.5	6	-0.1114	-0.1758	-0.0471
143	2018.5	6	-0.1101	-0.1798	-0.0403
143	2019.5	6	-0.079	-0.1504	-0.0076
143	2012.5	12	-0.061	-0.082	-0.0401
143	2013.5	12	-0.0699	-0.0917	-0.0481
143	2014.5	12	-0.0793	-0.1034	-0.0553
143	2015.5	12	-0.0857	-0.1126	-0.0588
143	2016.5	12	-0.086	-0.1157	-0.0563
143	2014.5	16	-0.072	-0.0909	-0.0532
144	2007.5	2	0.2726	-0.0872	0.6324
144	2008.5	2	-0.0567	-0.3419	0.2285
144	2009.5	2	-0.2365	-0.5569	0.0838
144	2010.5	2	0.0315	-0.2712	0.3341
144	2011.5	2	-0.1468	-0.5552	0.2616
144	2008.5	4	-0.0119	-0.1329	0.109
144	2009.5	4	-0.102	-0.2272	0.0232
144	2010.5	4	-0.1023	-0.2643	0.0596
144	2009.5	6	-0.0486	-0.1397	0.0426
145	2009.5	6	-0.0684	-0.0938	-0.043
145	2010.5	6	-0.0465	-0.0716	-0.0214
145	2011.5	6	-0.0887	-0.1156	-0.0617
145	2012.5	6	-0.0922	-0.1182	-0.0662
145	2013.5	6	-0.1064	-0.1334	-0.0795
145	2014.5	6	-0.1211	-0.1486	-0.0936
145	2015.5	6	-0.0946	-0.1217	-0.0676
145	2016.5	6	-0.0775	-0.106	-0.0489
145	2017.5	6	-0.0956	-0.1236	-0.0675
145	2018.5	6	-0.0787	-0.1059	-0.0515
145	2019.5	6	-0.0661	-0.0957	-0.0364
145	2012.5	12	-0.0849	-0.0937	-0.076
145	2013.5	12	-0.0918	-0.101	-0.0825
145	2014.5	12	-0.091	-0.1007	-0.0813
145	2015.5	12	-0.0907	-0.1003	-0.0811
145	2016.5	12	-0.0905	-0.1009	-0.0802
145	2014.5	16	-0.0859	-0.0922	-0.0796
146	2009.5	6	-0.0759	-0.1214	-0.0304
146	2010.5	6	-0.0547	-0.1029	-0.0066
146	2011.5	6	0.0045	-0.0446	0.0536
146	2012.5	6	0.0553	0.0073	0.1034
146	2013.5	6	0.0532	0.0059	0.1006
146	2014.5	6	0.0259	-0.0205	0.0723
146	2015.5	6	-0.0668	-0.1175	-0.016
146	2016.5	6	-0.1784	-0.2368	-0.12
146	2017.5	6	-0.2293	-0.2867	-0.1719
146	2018.5	6	-0.2251	-0.2826	-0.1675
146	2019.5	6	-0.2149	-0.2852	-0.1446
146	2012.5	12	-0.0257	-0.044	-0.0073
146	2013.5	12	-0.0446	-0.0644	-0.0247
146	2014.5	12	-0.0587	-0.0799	-0.0376
146	2015.5	12	-0.0873	-0.1096	-0.0651
146	2016.5	12	-0.1065	-0.1319	-0.0811
146	2014.5	16	-0.0785	-0.0951	-0.062
147	2007.5	2	-4e-04	-0.0646	0.0639
147	2008.5	2	0.0039	-0.0592	0.0671
147	2009.5	2	0.0094	-0.0549	0.0737
147	2010.5	2	-0.0065	-0.0714	0.0583
147	2011.5	2	-0.0122	-0.0851	0.0607
147	2008.5	4	0.0043	-0.0271	0.0357
147	2009.5	4	0.003	-0.028	0.034
147	2010.5	4	-0.0034	-0.0385	0.0317
147	2009.5	6	0	-0.0236	0.0237
148	2007.5	2	0.186	0.1309	0.2411
148	2008.5	2	-0.1198	-0.1768	-0.0628
148	2009.5	2	-0.1217	-0.1804	-0.0631
148	2010.5	2	0.0518	-0.0064	0.1099
148	2011.5	2	0.0963	0.0097	0.1829
148	2008.5	4	-0.0286	-0.0473	-0.01
148	2009.5	4	-0.0691	-0.0884	-0.0498
148	2010.5	4	0.0131	-0.0151	0.0412
148	2009.5	6	-0.0065	-0.0209	0.0078
149	2007.5	2	-0.0703	-0.1996	0.059
149	2008.5	2	-0.1901	-0.329	-0.0512
149	2009.5	2	-0.1155	-0.2547	0.0238
149	2010.5	2	-0.0701	-0.2167	0.0765
149	2011.5	2	0.0792	-0.1089	0.2672
149	2008.5	4	-0.1318	-0.1898	-0.0738
149	2009.5	4	-0.1242	-0.1842	-0.0643
149	2010.5	4	-0.0389	-0.1132	0.0353
149	2009.5	6	-0.0879	-0.1305	-0.0453
150	2007.5	2	0.2442	-0.0628	0.5512
150	2008.5	2	-0.0107	-0.3004	0.2791
150	2009.5	2	-0.6311	-1.0371	-0.2251
150	2010.5	2	-0.1788	-0.5606	0.2029
150	2011.5	2	0.1104	-0.3777	0.5985
150	2008.5	4	-0.1203	-0.2478	0.0072
150	2009.5	4	-0.3092	-0.4655	-0.1529
150	2010.5	4	-0.2277	-0.4134	-0.0421
150	2009.5	6	-0.1549	-0.2573	-0.0526
151	2009.5	6	-0.1038	-0.2776	0.0699
151	2010.5	6	-0.1965	-0.3604	-0.0325
151	2011.5	6	-0.1813	-0.3484	-0.0141
151	2012.5	6	-0.1061	-0.276	0.0639
151	2013.5	6	-0.0319	-0.2054	0.1416
151	2014.5	6	0.0809	-0.0768	0.2386
151	2015.5	6	0.2546	0.1069	0.4022
151	2016.5	6	0.3733	0.2284	0.5182
151	2017.5	6	0.4582	0.3142	0.6022
151	2018.5	6	0.3989	0.2733	0.5245
151	2019.5	6	0.2905	0.1809	0.4002
151	2012.5	12	-0.0098	-0.0709	0.0513
151	2013.5	12	0.043	-0.0121	0.0982
151	2014.5	12	0.1255	0.0694	0.1816
151	2015.5	12	0.185	0.1263	0.2436
151	2016.5	12	0.2228	0.1625	0.2831
151	2014.5	16	0.1069	0.0722	0.1416
152	2009.5	6	0.0362	0.0044	0.068
152	2010.5	6	0.0283	-0.0018	0.0585
152	2011.5	6	0.0274	-0.003	0.0579
152	2012.5	6	0.0092	-0.0206	0.039
152	2013.5	6	-0.0025	-0.0325	0.0275
152	2014.5	6	-0.0081	-0.039	0.0228
152	2015.5	6	0.0013	-0.0288	0.0313
152	2016.5	6	0.0181	-0.0118	0.048
152	2017.5	6	0.021	-0.0093	0.0512
152	2018.5	6	0.0221	-0.0073	0.0515
152	2019.5	6	0.0105	-0.0206	0.0415
152	2012.5	12	0.0138	0.0012	0.0263
152	2013.5	12	0.0134	0.0013	0.0256
152	2014.5	12	0.0133	0.001	0.0256
152	2015.5	12	0.0102	-0.0022	0.0226
152	2016.5	12	0.007	-0.0062	0.0203
152	2014.5	16	0.0131	0.0042	0.022
153	2007.5	2	0.2404	0.1884	0.2923
153	2008.5	2	-0.0458	-0.099	0.0075
153	2009.5	2	0.0818	0.0296	0.1339
153	2010.5	2	0.0459	-0.0028	0.0946
153	2011.5	2	0.0205	-0.0564	0.0973
153	2008.5	4	0.0783	0.0611	0.0955
153	2009.5	4	0.0328	0.0158	0.0498
153	2010.5	4	0.0491	0.0233	0.0748
153	2009.5	6	0.0583	0.045	0.0717
154	2009.5	6	0.0261	0.0159	0.0363
154	2010.5	6	0.0208	0.0106	0.031
154	2011.5	6	0.0012	-0.0095	0.0119
154	2012.5	6	-0.0064	-0.0169	0.004
154	2013.5	6	-0.0207	-0.0312	-0.0102
154	2014.5	6	-0.018	-0.0286	-0.0074
154	2015.5	6	-0.0047	-0.0152	0.0058
154	2016.5	6	0.0162	0.0054	0.0269
154	2017.5	6	0.0152	0.0046	0.0258
154	2018.5	6	-0.0048	-0.0149	0.0054
154	2019.5	6	-8e-04	-0.0117	0.0102
154	2012.5	12	0.0034	-1e-04	0.0069
154	2013.5	12	-0.0019	-0.0054	0.0016
154	2014.5	12	0.0026	-0.0011	0.0063
154	2015.5	12	-0.004	-0.0076	-4e-04
154	2016.5	12	-0.003	-0.0068	8e-04
154	2014.5	16	0.0022	-2e-04	0.0045
155	2009.5	6	-0.0389	-0.0799	0.002
155	2010.5	6	-0.0368	-0.0749	0.0013
155	2011.5	6	-0.0506	-0.0877	-0.0135
155	2012.5	6	-0.0522	-0.0912	-0.0132
155	2013.5	6	-0.0386	-0.0792	0.0019
155	2014.5	6	-0.0206	-0.0624	0.0212
155	2015.5	6	-0.0357	-0.0781	0.0066
155	2016.5	6	-0.0364	-0.0796	0.0069
155	2017.5	6	-0.055	-0.1007	-0.0092
155	2018.5	6	-0.076	-0.1226	-0.0295
155	2019.5	6	-0.0932	-0.1464	-0.0399
155	2012.5	12	-0.0359	-0.054	-0.0179
155	2013.5	12	-0.0374	-0.0553	-0.0194
155	2014.5	12	-0.0459	-0.0646	-0.0272
155	2015.5	12	-0.051	-0.0708	-0.0313
155	2016.5	12	-0.0518	-0.0733	-0.0302
155	2014.5	16	-0.0469	-0.0616	-0.0323
156	2007.5	2	-0.0298	-0.4199	0.3604
156	2008.5	2	0.3016	-0.0909	0.6942
156	2009.5	2	0.1374	-0.2249	0.4997
156	2010.5	2	0.3256	0.022	0.6292
156	2011.5	2	0.1127	-0.2915	0.5168
156	2008.5	4	0.1529	-0.0031	0.3089
156	2009.5	4	0.2431	0.0729	0.4133
156	2010.5	4	0.2052	0.0178	0.3926
156	2009.5	6	0.1905	0.0672	0.3139
157	2007.5	2	-0.0851	-0.149	-0.0212
157	2008.5	2	-0.0831	-0.1594	-0.0069
157	2009.5	2	-0.0572	-0.1358	0.0214
157	2010.5	2	-0.0473	-0.1267	0.0322
157	2011.5	2	-0.1117	-0.2386	0.0151
157	2008.5	4	-0.0759	-0.0998	-0.0521
157	2009.5	4	-0.062	-0.0876	-0.0364
157	2010.5	4	-0.0696	-0.1106	-0.0285
157	2009.5	6	-0.0726	-0.0932	-0.0521
158	2009.5	6	-0.006	-0.0716	0.0595
158	2010.5	6	0.0013	-0.0602	0.0628
158	2011.5	6	0.0083	-0.0512	0.0677
158	2012.5	6	0.0015	-0.0581	0.061
158	2013.5	6	-0.0147	-0.0754	0.046
158	2014.5	6	-0.0162	-0.0765	0.0441
158	2015.5	6	-0.0135	-0.0726	0.0457
158	2016.5	6	-0.0118	-0.0717	0.0482
158	2017.5	6	0.0076	-0.0543	0.0696
158	2018.5	6	0.0079	-0.054	0.0698
158	2019.5	6	-0.0024	-0.0677	0.0628
158	2012.5	12	-0.0051	-0.0354	0.0252
158	2013.5	12	-0.0054	-0.0346	0.0238
158	2014.5	12	-0.0043	-0.0336	0.025
158	2015.5	12	-0.0044	-0.0341	0.0253
158	2016.5	12	-0.0052	-0.0364	0.0259
158	2014.5	16	-0.0044	-0.0271	0.0183
159	2007.5	2	-0.1242	-0.2811	0.0327
159	2008.5	2	-0.1758	-0.3432	-0.0085
159	2009.5	2	-0.2173	-0.3979	-0.0367
159	2010.5	2	-0.2894	-0.506	-0.0727
159	2011.5	2	0.1162	-0.1436	0.3761
159	2008.5	4	-0.1728	-0.2361	-0.1094
159	2009.5	4	-0.2265	-0.3063	-0.1466
159	2010.5	4	-0.1461	-0.241	-0.0512
159	2009.5	6	-0.1633	-0.2157	-0.111
160	2007.5	2	0.4611	0.0613	0.861
160	2008.5	2	0.2242	-0.1064	0.5547
160	2009.5	2	0.4492	0.1343	0.7641
160	2010.5	2	0.009	-0.2667	0.2847
160	2011.5	2	0.4712	0.1209	0.8216
160	2008.5	4	0.3627	0.2195	0.506
160	2009.5	4	0.2496	0.1401	0.3592
160	2010.5	4	0.2797	0.1417	0.4177
160	2009.5	6	0.302	0.2107	0.3932
161	2007.5	2	-0.1132	-0.2437	0.0172
161	2008.5	2	0.0273	-0.087	0.1416
161	2009.5	2	0.0438	-0.0702	0.1577
161	2010.5	2	-0.0201	-0.1328	0.0926
161	2011.5	2	-0.0636	-0.2058	0.0786
161	2008.5	4	-0.0099	-0.0639	0.044
161	2009.5	4	0.0197	-0.0335	0.0728
161	2010.5	4	-0.014	-0.0796	0.0516
161	2009.5	6	-0.0124	-0.0557	0.0309
162	2009.5	6	0.0592	0.0314	0.087
162	2010.5	6	0.0447	0.0187	0.0707
162	2011.5	6	0.0346	0.0085	0.0606
162	2012.5	6	0.0229	-0.0032	0.049
162	2013.5	6	-0.0021	-0.0281	0.024
162	2014.5	6	-0.0182	-0.045	0.0085
162	2015.5	6	-0.0022	-0.028	0.0237
162	2016.5	6	0.0284	0.0028	0.054
162	2017.5	6	0.0437	0.0178	0.0696
162	2018.5	6	0.0412	0.0163	0.0661
162	2019.5	6	0.0289	0.002	0.0558
162	2012.5	12	0.0227	0.0126	0.0328
162	2013.5	12	0.0201	0.0104	0.0298
162	2014.5	12	0.0212	0.0114	0.0311
162	2015.5	12	0.0182	0.0084	0.0281
162	2016.5	12	0.0158	0.0054	0.0263
162	2014.5	16	0.0236	0.0166	0.0305
163	2009.5	6	0.0265	0.0076	0.0455
163	2010.5	6	-0.0093	-0.0282	0.0096
163	2011.5	6	-0.0182	-0.0385	0.0021
163	2012.5	6	-0.0426	-0.0629	-0.0223
163	2013.5	6	-0.0524	-0.0725	-0.0322
163	2014.5	6	-0.0728	-0.0935	-0.052
163	2015.5	6	-0.0403	-0.0616	-0.019
163	2016.5	6	-0.0614	-0.084	-0.0387
163	2017.5	6	-0.0657	-0.0892	-0.0422
163	2018.5	6	-0.0302	-0.0516	-0.0087
163	2019.5	6	-0.0095	-0.0338	0.0148
163	2012.5	12	-0.0293	-0.0364	-0.0222
163	2013.5	12	-0.0445	-0.0518	-0.0371
163	2014.5	12	-0.0443	-0.0522	-0.0365
163	2015.5	12	-0.045	-0.0527	-0.0373
163	2016.5	12	-0.0428	-0.0511	-0.0345
163	2014.5	16	-0.0329	-0.0381	-0.0277
164	2007.5	2	0.1678	0.0514	0.2843
164	2008.5	2	-0.0929	-0.2121	0.0264
164	2009.5	2	0.0368	-0.0779	0.1515
164	2010.5	2	0.2297	0.1204	0.339
164	2011.5	2	0.0666	-0.0872	0.2204
164	2008.5	4	0.0242	-0.0152	0.0637
164	2009.5	4	0.0558	0.0183	0.0933
164	2010.5	4	0.1229	0.0659	0.1798
164	2009.5	6	0.0742	0.0452	0.1033
165	2009.5	6	0.1202	0.0013	0.2391
165	2010.5	6	0.1088	-0.004	0.2217
165	2011.5	6	0.0653	-0.0394	0.17
165	2012.5	6	0.044	-0.0609	0.1488
165	2013.5	6	0.0456	-0.0548	0.146
165	2014.5	6	0.0393	-0.0682	0.1468
165	2015.5	6	0.0041	-0.11	0.1181
165	2016.5	6	-0.0148	-0.129	0.0994
165	2017.5	6	-0.0398	-0.1571	0.0774
165	2018.5	6	-0.0583	-0.1765	0.06
165	2019.5	6	-0.045	-0.1775	0.0876
165	2012.5	12	0.0599	0.0061	0.1138
165	2013.5	12	0.0412	-0.0115	0.0938
165	2014.5	12	0.019	-0.0352	0.0733
165	2015.5	12	0.007	-0.0498	0.0639
165	2016.5	12	-0.0095	-0.0704	0.0514
165	2014.5	16	0.0265	-0.0181	0.0711
166	2009.5	6	-0.0336	-0.0865	0.0193
166	2010.5	6	-0.0275	-0.076	0.0211
166	2011.5	6	-0.0124	-0.0583	0.0335
166	2012.5	6	0.0066	-0.0392	0.0524
166	2013.5	6	0.0169	-0.0301	0.0639
166	2014.5	6	0.0198	-0.0267	0.0663
166	2015.5	6	0.0153	-0.0299	0.0605
166	2016.5	6	0.006	-0.0392	0.0513
166	2017.5	6	-0.0025	-0.0497	0.0447
166	2018.5	6	-0.0033	-0.0514	0.0448
166	2019.5	6	-0.0027	-0.0536	0.0482
166	2012.5	12	-0.0035	-0.0262	0.0192
166	2013.5	12	0	-0.0222	0.0223
166	2014.5	12	0.0035	-0.0197	0.0267
166	2015.5	12	0.0061	-0.0181	0.0304
166	2016.5	12	0.0074	-0.0186	0.0334
166	2014.5	16	-0.0011	-0.0197	0.0176
167	2007.5	2	0.0371	0.0036	0.0706
167	2008.5	2	0.0901	0.0545	0.1256
167	2009.5	2	-0.0425	-0.0782	-0.0068
167	2010.5	2	0.0449	0.01	0.0799
167	2011.5	2	0.0225	-0.0343	0.0793
167	2008.5	4	0.0344	0.0229	0.0459
167	2009.5	4	0.0235	0.0115	0.0355
167	2010.5	4	0.012	-0.0066	0.0306
167	2009.5	6	0.0284	0.0189	0.038
168	2009.5	6	-0.0308	-0.0697	0.0081
168	2010.5	6	-0.056	-0.0967	-0.0154
168	2011.5	6	-0.0797	-0.1235	-0.0358
168	2012.5	6	-0.0909	-0.1361	-0.0457
168	2013.5	6	-0.0946	-0.1435	-0.0458
168	2014.5	6	-0.0459	-0.0906	-0.0012
168	2015.5	6	-0.0192	-0.0639	0.0255
168	2016.5	6	0.0042	-0.0422	0.0506
168	2017.5	6	0.0079	-0.0384	0.0542
168	2018.5	6	0.0032	-0.0434	0.0499
168	2019.5	6	-0.0231	-0.076	0.0298
168	2012.5	12	-0.0531	-0.0708	-0.0354
168	2013.5	12	-0.0484	-0.0657	-0.0311
168	2014.5	12	-0.0412	-0.0583	-0.024
168	2015.5	12	-0.0347	-0.0522	-0.0173
168	2016.5	12	-0.0335	-0.0533	-0.0136
168	2014.5	16	-0.0394	-0.0523	-0.0265
169	2007.5	2	0.3142	0.2548	0.3736
169	2008.5	2	0.1401	0.0799	0.2003
169	2009.5	2	0.1122	0.0537	0.1706
169	2010.5	2	0.0755	0.0194	0.1315
169	2011.5	2	0.2784	0.1888	0.368
169	2008.5	4	0.1839	0.1646	0.2033
169	2009.5	4	0.1095	0.0901	0.129
169	2010.5	4	0.1474	0.1182	0.1765
169	2009.5	6	0.1628	0.1476	0.178
170	2009.5	6	0.1547	0.0353	0.2742
170	2010.5	6	0.1043	7e-04	0.2078
170	2011.5	6	0.0851	-0.0182	0.1883
170	2012.5	6	0.107	0.0118	0.2021
170	2013.5	6	0.1502	0.0615	0.2388
170	2014.5	6	0.1684	0.0821	0.2548
170	2015.5	6	0.1376	0.0483	0.227
170	2016.5	6	0.0771	-0.0119	0.1662
170	2017.5	6	0.0112	-0.0724	0.0949
170	2018.5	6	0.0018	-0.0771	0.0807
170	2019.5	6	0.0544	-0.0225	0.1313
170	2012.5	12	0.1288	0.0825	0.1751
170	2013.5	12	0.1093	0.0698	0.1487
170	2014.5	12	0.0979	0.0609	0.1348
170	2015.5	12	0.088	0.0525	0.1234
170	2016.5	12	0.0904	0.0537	0.1271
170	2014.5	16	0.1044	0.0739	0.135
171	2007.5	2	0.0647	-0.0599	0.1894
171	2008.5	2	0.1427	0.0156	0.2698
171	2009.5	2	0.1067	-0.0184	0.2319
171	2010.5	2	0.1009	-0.0271	0.229
171	2011.5	2	-0.1952	-0.3738	-0.0167
171	2008.5	4	0.1085	0.049	0.1681
171	2009.5	4	0.1158	0.0525	0.1791
171	2010.5	4	0.0138	-0.0538	0.0815
171	2009.5	6	0.0645	0.0195	0.1095
172	2007.5	2	-0.0504	-0.2714	0.1705
172	2008.5	2	0.0194	-0.1848	0.2236
172	2009.5	2	0.0441	-0.1551	0.2433
172	2010.5	2	0.0321	-0.1633	0.2276
172	2011.5	2	-0.0265	-0.256	0.2029
172	2008.5	4	0.0059	-0.0804	0.0922
172	2009.5	4	0.0332	-0.0547	0.121
172	2010.5	4	0.0181	-0.0779	0.1142
172	2009.5	6	0.0121	-0.0481	0.0724
173	2009.5	6	-0.0103	-0.156	0.1354
173	2010.5	6	0.0716	-0.0639	0.2071
173	2011.5	6	0.1293	-0.0221	0.2807
173	2012.5	6	0.1091	-0.0425	0.2607
173	2013.5	6	0.0493	-0.0961	0.1947
173	2014.5	6	0.0624	-0.0677	0.1925
173	2015.5	6	0.0702	-0.0577	0.1982
173	2016.5	6	0.0907	-0.0512	0.2326
173	2017.5	6	0.0917	-0.0472	0.2305
173	2018.5	6	0.1025	-0.0111	0.2161
173	2019.5	6	0.0813	-0.0255	0.188
173	2012.5	12	0.0587	9e-04	0.1165
173	2013.5	12	0.0822	0.0241	0.1403
173	2014.5	12	0.0869	0.0236	0.1503
173	2015.5	12	0.0866	0.0239	0.1492
173	2016.5	12	0.079	0.016	0.1419
173	2014.5	16	0.0698	0.0264	0.1133
174	2009.5	6	0.0159	-0.0229	0.0547
174	2010.5	6	0.0484	0.0095	0.0873
174	2011.5	6	0.032	-0.0054	0.0693
174	2012.5	6	0.0112	-0.0248	0.0472
174	2013.5	6	0.0042	-0.032	0.0405
174	2014.5	6	0.0024	-0.0348	0.0397
174	2015.5	6	-0.009	-0.0469	0.0288
174	2016.5	6	-0.0214	-0.0605	0.0177
174	2017.5	6	-0.0236	-0.064	0.0168
174	2018.5	6	-0.009	-0.0511	0.0331
174	2019.5	6	-0.0059	-0.0538	0.042
174	2012.5	12	0.0127	-0.0055	0.031
174	2013.5	12	0.0092	-0.0088	0.0271
174	2014.5	12	0.0017	-0.0165	0.0199
174	2015.5	12	-0.0037	-0.0226	0.0151
174	2016.5	12	-0.0069	-0.0279	0.0141
174	2014.5	16	0.0034	-0.0119	0.0186
175	2007.5	2	-0.0285	-0.241	0.184
175	2008.5	2	-0.0059	-0.2135	0.2017
175	2009.5	2	0.0438	-0.165	0.2526
175	2010.5	2	0.0558	-0.156	0.2676
175	2011.5	2	-0.0642	-0.3266	0.1981
175	2008.5	4	0.0014	-0.0892	0.092
175	2009.5	4	0.0325	-0.0598	0.1247
175	2010.5	4	0.0155	-0.0916	0.1225
175	2009.5	6	0.0086	-0.0578	0.075
176	2007.5	2	0.0342	-0.0411	0.1094
176	2008.5	2	0.0324	-0.0388	0.1036
176	2009.5	2	-0.0229	-0.0958	0.05
176	2010.5	2	-0.0494	-0.1266	0.0278
176	2011.5	2	-0.0089	-0.0979	0.0801
176	2008.5	4	0.0163	-0.0199	0.0526
176	2009.5	4	-0.0143	-0.0493	0.0208
176	2010.5	4	-0.0293	-0.0713	0.0127
176	2009.5	6	-0.0062	-0.0337	0.0214
177	2009.5	6	0.0012	-0.0487	0.0511
177	2010.5	6	0.0055	-0.0431	0.0541
177	2011.5	6	-0.0367	-0.0813	0.0079
177	2012.5	6	-0.0815	-0.1288	-0.0342
177	2013.5	6	-0.096	-0.1489	-0.0431
177	2014.5	6	-0.082	-0.1332	-0.0308
177	2015.5	6	-0.0633	-0.1156	-0.0111
177	2016.5	6	-0.0374	-0.0903	0.0155
177	2017.5	6	-0.0108	-0.0635	0.0419
177	2018.5	6	0.0185	-0.0377	0.0747
177	2019.5	6	0.0245	-0.0354	0.0845
177	2012.5	12	-0.0458	-0.0674	-0.0241
177	2013.5	12	-0.0521	-0.0739	-0.0303
177	2014.5	12	-0.0483	-0.069	-0.0276
177	2015.5	12	-0.0389	-0.0585	-0.0193
177	2016.5	12	-0.0362	-0.0585	-0.0139
177	2014.5	16	-0.0333	-0.0486	-0.018
178	2009.5	6	-0.0289	-0.0574	-3e-04
178	2010.5	6	-0.0423	-0.0707	-0.0138
178	2011.5	6	-0.0741	-0.104	-0.0442
178	2012.5	6	-0.0623	-0.0924	-0.0322
178	2013.5	6	-0.0015	-0.0301	0.0271
178	2014.5	6	0.0512	0.0223	0.0801
178	2015.5	6	0.0855	0.0567	0.1144
178	2016.5	6	0.0981	0.0684	0.1277
178	2017.5	6	0.0777	0.049	0.1065
178	2018.5	6	0.0162	-0.0109	0.0433
178	2019.5	6	-0.0268	-0.0567	0.0032
178	2012.5	12	-0.0023	-0.0126	0.0079
178	2013.5	12	0.0128	0.0025	0.0232
178	2014.5	12	0.0212	0.0107	0.0317
178	2015.5	12	0.0239	0.0134	0.0344
178	2016.5	12	0.0251	0.0139	0.0362
178	2014.5	16	0.0068	-3e-04	0.0139
179	2007.5	2	0.0941	0.0534	0.1347
179	2008.5	2	0.1084	0.0662	0.1506
179	2009.5	2	-0.0261	-0.0676	0.0153
179	2010.5	2	-0.0147	-0.0548	0.0254
179	2011.5	2	-0.038	-0.1014	0.0253
179	2008.5	4	0.0638	0.0503	0.0772
179	2009.5	4	0.0177	0.0037	0.0317
179	2010.5	4	-0.0251	-0.0459	-0.0043
179	2009.5	6	0.0227	0.012	0.0335
180	2009.5	6	0.0839	0.0194	0.1485
180	2010.5	6	0.0648	0.0049	0.1247
180	2011.5	6	0.0861	0.0274	0.1447
180	2012.5	6	0.0667	0.0118	0.1215
180	2013.5	6	0.0136	-0.0441	0.0714
180	2014.5	6	-0.0602	-0.1212	7e-04
180	2015.5	6	-0.0635	-0.1207	-0.0063
180	2016.5	6	-0.0432	-0.0974	0.011
180	2017.5	6	0.0047	-0.0489	0.0582
180	2018.5	6	0.0232	-0.0327	0.079
180	2019.5	6	0.0314	-0.0299	0.0926
180	2012.5	12	0.0225	-4e-04	0.0453
180	2013.5	12	0.0194	-0.0031	0.0419
180	2014.5	12	0.0092	-0.013	0.0314
180	2015.5	12	-0.0031	-0.0252	0.0189
180	2016.5	12	-0.0083	-0.0315	0.0149
180	2014.5	16	0.0151	-5e-04	0.0308
181	2007.5	2	0.0171	-0.1415	0.1757
181	2008.5	2	0.0213	-0.1286	0.1712
181	2009.5	2	-0.0014	-0.1459	0.1431
181	2010.5	2	0.0421	-0.106	0.1902
181	2011.5	2	0.0062	-0.1533	0.1657
181	2008.5	4	0.0132	-0.0667	0.0932
181	2009.5	4	0.0185	-0.058	0.0949
181	2010.5	4	0.0183	-0.0631	0.0997
181	2009.5	6	0.0175	-0.0432	0.0781
182	2007.5	2	0.0782	0.0366	0.1198
182	2008.5	2	-0.058	-0.1008	-0.0151
182	2009.5	2	-0.0998	-0.144	-0.0556
182	2010.5	2	0.0402	-0.0029	0.0834
182	2011.5	2	-0.0179	-0.0844	0.0485
182	2008.5	4	-0.0297	-0.0436	-0.0157
182	2009.5	4	-0.0452	-0.0596	-0.0308
182	2010.5	4	-0.0192	-0.041	0.0026
182	2009.5	6	-0.0211	-0.0322	-0.01
183	2007.5	2	0.1752	0.1117	0.2388
183	2008.5	2	-0.0354	-0.1003	0.0296
183	2009.5	2	0.0517	-0.0118	0.1153
183	2010.5	2	-0.0338	-0.0942	0.0266
183	2011.5	2	0.0456	-0.0458	0.137
183	2008.5	4	0.0539	0.0325	0.0754
183	2009.5	4	-1e-04	-0.0217	0.0216
183	2010.5	4	0.0157	-0.0157	0.047
183	2009.5	6	0.029	0.0127	0.0454
184	2009.5	6	0.0492	-0.0192	0.1175
184	2010.5	6	0.1013	0.0356	0.1671
184	2011.5	6	0.0831	0.0147	0.1516
184	2012.5	6	0.0088	-0.0577	0.0752
184	2013.5	6	-0.0731	-0.1388	-0.0074
184	2014.5	6	-0.0781	-0.1458	-0.0104
184	2015.5	6	-0.0109	-0.0739	0.052
184	2016.5	6	0.0409	-0.0238	0.1056
184	2017.5	6	0.0827	0.0158	0.1496
184	2018.5	6	0.0618	-0.0028	0.1264
184	2019.5	6	0.0195	-0.051	0.09
184	2012.5	12	0.0099	-0.017	0.0368
184	2013.5	12	0.022	-0.0038	0.0477
184	2014.5	12	0.0257	-1e-04	0.0515
184	2015.5	12	0.0123	-0.0125	0.0371
184	2016.5	12	-0.005	-0.0309	0.0208
184	2014.5	16	0.0132	-0.0052	0.0317
185	2007.5	2	0.0987	-0.0035	0.2008
185	2008.5	2	-0.0676	-0.1678	0.0327
185	2009.5	2	-0.043	-0.1456	0.0596
185	2010.5	2	-0.0627	-0.1683	0.0428
185	2011.5	2	-0.0776	-0.2212	0.066
185	2008.5	4	-0.0103	-0.0477	0.027
185	2009.5	4	-0.0563	-0.0941	-0.0185
185	2010.5	4	-0.0613	-0.1131	-0.0094
185	2009.5	6	-0.0378	-0.0662	-0.0095
186	2007.5	2	0.0338	-0.1445	0.2121
186	2008.5	2	-0.0717	-0.2398	0.0963
186	2009.5	2	0.2055	0.0587	0.3522
186	2010.5	2	0.037	-0.0939	0.1679
186	2011.5	2	0.1141	-0.0691	0.2973
186	2008.5	4	0.0431	-0.0134	0.0996
186	2009.5	4	0.0718	0.0186	0.125
186	2010.5	4	0.1106	0.0447	0.1766
186	2009.5	6	0.066	0.0273	0.1047
187	2009.5	6	-0.0019	-0.0686	0.0649
187	2010.5	6	0.004	-0.0587	0.0667
187	2011.5	6	0.0091	-0.0528	0.0711
187	2012.5	6	0.0147	-0.0474	0.0768
187	2013.5	6	0.0118	-0.0496	0.0732
187	2014.5	6	0.0077	-0.0523	0.0677
187	2015.5	6	0.0111	-0.0486	0.0707
187	2016.5	6	0.0133	-0.0465	0.073
187	2017.5	6	0.0118	-0.0477	0.0714
187	2018.5	6	0.0014	-0.0591	0.0619
187	2019.5	6	-0.0068	-0.0713	0.0578
187	2012.5	12	0.0067	-0.0237	0.0372
187	2013.5	12	0.0093	-0.0203	0.0389
187	2014.5	12	0.0111	-0.0187	0.0408
187	2015.5	12	0.0097	-0.0202	0.0396
187	2016.5	12	0.0053	-0.0253	0.0359
187	2014.5	16	0.0054	-0.0172	0.0279
188	2009.5	6	-0.0045	-0.0275	0.0186
188	2010.5	6	-0.011	-0.0336	0.0115
188	2011.5	6	-0.0161	-0.0399	0.0077
188	2012.5	6	6e-04	-0.0216	0.0229
188	2013.5	6	0.0098	-0.0125	0.0321
188	2014.5	6	0.0218	-7e-04	0.0442
188	2015.5	6	0.0235	0.0015	0.0456
188	2016.5	6	0.0388	0.0159	0.0616
188	2017.5	6	0.0403	0.0184	0.0623
188	2018.5	6	0.0408	0.019	0.0627
188	2019.5	6	0.0277	0.0042	0.0513
188	2012.5	12	0.0058	-0.0031	0.0147
188	2013.5	12	0.0108	0.0021	0.0196
188	2014.5	12	0.0164	0.0075	0.0252
188	2015.5	12	0.0228	0.0136	0.0319
188	2016.5	12	0.0264	0.0165	0.0363
188	2014.5	16	0.0158	0.0094	0.0222
189	2009.5	6	-0.04	-0.0887	0.0087
189	2010.5	6	-0.0303	-0.0783	0.0178
189	2011.5	6	-0.007	-0.0552	0.0412
189	2012.5	6	-0.0024	-0.0543	0.0495
189	2013.5	6	-0.0355	-0.0891	0.0182
189	2014.5	6	-0.0618	-0.1142	-0.0093
189	2015.5	6	-0.053	-0.1049	-0.001
189	2016.5	6	-0.0288	-0.081	0.0233
189	2017.5	6	0.0449	-0.0092	0.099
189	2018.5	6	0.0538	0.0023	0.1053
189	2019.5	6	0.0643	0.0107	0.1179
189	2012.5	12	-0.0351	-0.0539	-0.0164
189	2013.5	12	-0.0289	-0.0475	-0.0103
189	2014.5	12	-0.0141	-0.0329	0.0047
189	2015.5	12	-0.0056	-0.0243	0.0131
189	2016.5	12	0.0041	-0.0153	0.0235
189	2014.5	16	-0.0108	-0.0232	0.0016
190	2007.5	2	0.0882	-0.2354	0.4118
190	2008.5	2	0.3842	0.0678	0.7007
190	2009.5	2	0.2548	-0.0278	0.5373
190	2010.5	2	0.0709	-0.2616	0.4034
190	2011.5	2	0.2204	-0.1742	0.6151
190	2008.5	4	0.2566	0.1306	0.3825
190	2009.5	4	0.2384	0.0969	0.38
190	2010.5	4	0.1709	0.0073	0.3345
190	2009.5	6	0.2136	0.1106	0.3167
191	2007.5	2	-0.0498	-0.13	0.0305
191	2008.5	2	-0.0908	-0.1701	-0.0114
191	2009.5	2	-0.0623	-0.1403	0.0158
191	2010.5	2	-0.1173	-0.1984	-0.0363
191	2011.5	2	0.1039	-0.0149	0.2227
191	2008.5	4	-0.0699	-0.0974	-0.0424
191	2009.5	4	-0.0873	-0.1165	-0.0581
191	2010.5	4	-0.0344	-0.0736	0.0047
191	2009.5	6	-0.0558	-0.077	-0.0347
192	2007.5	2	-0.067	-0.2043	0.0703
192	2008.5	2	0.0167	-0.111	0.1445
192	2009.5	2	0.008	-0.1149	0.1308
192	2010.5	2	-0.017	-0.1451	0.1111
192	2011.5	2	0.0136	-0.1299	0.1571
192	2008.5	4	-0.011	-0.0704	0.0484
192	2009.5	4	0.0031	-0.0586	0.0648
192	2010.5	4	-3e-04	-0.0704	0.0697
192	2009.5	6	-0.0056	-0.0527	0.0414
