analysis	parent_analysis	parentstatus_fingerprint	parent_status	parent
29	075e1ed2739aeffc3e5e0831d56826358336802e	512a7931e3abfb5ec1979319b37ef32774e5813d	converged	313
29	08674a0e0f85623d4da72d469faa72d36287032f	c0321cebfb67b63a1fda1e0c3f0664a666fef3d0	converged	316
29	09e6375bd0ace29b879b739c21ff7640cc2d9048	87aad7cb691c2080682ad7e4f3110a5bb64983cb	converged	319
29	0a56eb8b37e7679cba2221f874905bb997678b38	fc0c9be4fccfc590996f339329ea21c294917d8a	converged	320
29	15f0fb655471f3272e07fd2e4c078ce671d84ef1	840c7d900bad653ed5acbe4441934a6b8a6ee579	converged	341
29	18e1729f3b166edb687dc93cb09a978e641f70b2	94b7c729d7f2396c4dd9061056722f79f1337089	converged	347
29	31c42076cad601a24eeeb60ba52e3947334cd0f2	66552cf682483e0dd8e2dd5c282cec91905e35f7	converged	375
29	34a10292a7aeede12aaf0ada14f6e0dfb6c87b61	c7bc7a01a30f0c41dd3488ccf331856528002fdb	converged	378
29	43ec6cf9f9e284417842d43e46ad3c96f71a51f4	eacb87b0b465d61f0a28a078f8034f0deed7708a	converged	396
29	4ac1db11145bc5622a889fd7155a3b3a943ab7ad	a3d5806aef70cf565b6804832eecf3f070b2a3cf	converged	407
29	5851d88b1ec0b1412a280c2605e919ab85eae26d	f48260f71b2fc2ebdc86fc6df67bc5f58583b749	converged	420
29	5be7d38257523a516109ee17da70be6b849bb4d2	02c38c0280bf7b429b226fc0e488fe606a2f26b4	converged	426
29	5c8f6d1fb307a42de2f1f5475ef68aa95c61fd5f	9fe4d7eed066827e75926a46531a4dc63ea84201	converged	427
29	612e355d6e0b948e7552858e256a3483fd343e6f	4024e2747ae829640390fe2586beafc1cd29d715	converged	431
29	630a0debf01296e254447b1781d530268935bef4	adf6f5179f16bd2bdda444870dd6738f6b84a3c6	converged	433
29	770e20de1e7c78ad852e0c0b4bb9860505be1d9a	a1ac62eb9b68f494992f03b7c8a8809118bee9d7	converged	456
29	8c299a02d9e8d20d2c28a5bc1acb67becf678d2c	d5d93404e06a3af99679610ed172cc961ea775b7	converged	473
29	8c5946c97abdaadd483711e34b11d509b1265fad	5a4a48cc331e510dd8356e338539ac5caa974ad4	converged	474
29	9bffc6c309b836298fa0db1bc7eb4504c5302290	65935fdf2ab14f7daae2e248a295d8da703bb4ce	converged	499
29	9fbbc7c4a4b58c5f46b522e676aa6d25c1351f26	caeaca52899d1c25d1feed523d1491165180b5ee	converged	505
29	a6383108066814d4f3641a96f4dca690c595a3d3	4946c87290876d79f96844df0d3f25843e505a52	converged	512
29	b1d8dde6f5b24daaa1612db2678889d5b763e3d9	aa27acd44048481f2facfeb94c982f96ceaa2edd	converged	522
29	c95739f0f351d9979093a0d9686985b4898b4a44	16ac10f09dd230de1b31fe48e038d4c17be9cd6b	converged	547
29	ce4f79d894b07094ccfe03af7f1a12af67f0118c	4a188975a065b4fc56ce5e8ca0a324708a8b1db8	converged	558
29	d486919734c6126af9e5384e8b97195a1be735bd	63515c03d06f6af2f0d5936b97b758bee90747f0	converged	566
29	d6bb53c9858fddf173898cdcfa1cbf42f5d52c5c	26be8c03f00cff0952b0f8da9bb422344ea542d8	converged	569
29	d878f7c6794d0a6d9a8d04be68ebb93eafdf01cc	3dee05bcf4782a1d4eacdbdfaabdd7cd0700f025	converged	572
29	eff1b12635c7a318872a0f6b90f607945e244862	22ee9aa2467d132002db875e8eabcf634459a6a0	converged	591
29	f041ef7e5426039e222d3d583c87473c23145c28	4a61a36f890ba4c3efb53abc2d61c2a9e1feca21	converged	592
29	f28af1197504d2ee7f1e057da67aad80fe1df0b0	faf489eee1f3cc3ebaefc6cef4b2509387a7d955	converged	596
29	fa605cbbc698ba0f9acc3c71010dcb352ebdd981	90251bbbb9f49f8a96186c112c483386144356cb	converged	604
30	079b1ab9c77f0cd073fe6f85aaf32219c6b91920	97905b734f8d433d3bc8e818d0ef453121fa96c6	converged	314
30	0b5acdabcbd51350a3bf41d5ce9a3b851ea2256e	15d327aae1cc84f15c98535acbdff9b74645217e	converged	321
30	0b9335c3cf2a43c4482e33fab75f23a3b0ec60bb	b6a7125d7304e9dcd2d6dc29a2fc8d486552bb48	converged	322
30	0f7427572b0f9331bd80f1fc480dd43dc96f2a71	329f94d458cb5ed8e36a5b1c2c6bd2c4d0159915	converged	329
30	1660ac09ed9c437fc6a1450716fb24d95c44e5ce	d4a14abeb1b48ffe99e29ab7113bad68bccb1fa6	converged	343
30	25f24296b448cbe86114a1e880fb532cdce17e20	eead2e5f5d84b3e949c67be0cd2aa6bf34419bed	converged	360
30	2668af3e681b88104e214dd4a7d4aafdebafe127	131c7f37fd3d447d1518d3501bb14836943f7d68	converged	361
30	278626eac43f672c7f61cb8f5b0f7240bf907776	1e3390e245a9874f3c23449e0eae7b49ec7e67b0	converged	364
30	288d395431cf2eb781933d91a1217136466377b7	546b5fc41b4bef92b7e876cb3ac00d805d5157cf	converged	366
30	2ed39a26e20fe6a264a8681eea608d92ab254f24	f6b60fd72ac0aafd04127a3736688bea6a512757	converged	372
30	377dc91bc1bea41c6d508e25de24383c0316770d	fbff33725b919bf84872363ff8543dbba0520147	converged	380
30	395abbf54cbaf4dc8d2cafb1cf8a02a22f3cc92d	d7658d62fd79f9d3ac683fbbd1c04391f46d187a	converged	384
30	3d5cecbfb07bcba179396e4cde4c105f267d4c34	f1d9a30fb7eedc4157d251af0b7f998d7a661cca	converged	388
30	41a5b060fafd8265ebaa8b9590f7306c924ff8e3	43cb27bb42b83617d5cf9101f4e6b19a017c85c5	converged	392
30	430dd638aaec2fd2706f245ec0e5a60be8502048	eae64a737081c20900d69526f924fce8156d7224	converged	395
30	4462512c3bc36872ae675261a1c0aaaddf3bf1e1	77db66f99a1d5a69fae8c42f43b5ef1cd2a7528c	converged	397
30	47d9e81a07bc42a0b046bd22369f1e207c184edd	7b0f01b58a2b60cd8543e75db67fd52376902d98	converged	400
30	4bf033e3d19c834f9fc08193cdea01e1aec3b8a2	4652b4064d96710c682407609ad3a616225229c1	converged	409
30	51609d9282f7a9e4195bcb0a3bb575b6daffcb6c	f1211117fc34bd04905eaad2e2aa7b2336f3f2eb	converged	414
30	531cee23bb2a9187017195819734cce068d1f1f2	bf39ce38a736c082589a152f6924b25cf4c35e84	converged	416
30	53b074a0fb4bc855c35426f82a047aaea3451fbb	076a8b045774309fb6c43935bd59f41e44e99fdd	converged	417
30	54fc3567dfd4ca40b67077dc1ebb539b01265180	58e0ca10403d3e58bb484a7b69ff00e9a91a9229	converged	418
30	5603e1cd3c513d3cb058af4d5e3759590163da2d	8150d4f5e9059eb93d24e70ed880d81b111ab17e	converged	419
30	62df99497d514aaa0a020e319fb9f4a73af6053f	620f2415e3002114ab7b3cd7ada1d467314f3cbf	converged	432
30	6a1f6523748e32bcdac79eae7b5b26e12d344d02	4726685eb0556e087b16064d24dbc25d74bc7308	converged	442
30	6b8afec69da36905e42d7cdaa982b12790dc01cd	193d2a1f6de2a3544ea19c7c790da2188575be03	converged	444
30	748b26c95512fff36ce7849f35aa3ff840de49d9	8f591feede4d51f375f8412e4b665f74d6136fca	converged	451
30	7586012c89aa7aa29e6f719db06b1ed92b748003	3363ca677f9324c712a20f6f7ce2e6f4aad78567	converged	452
30	761ad3e12d27ea12363980d677b398a917ff4a38	033e6ea8346a58e500c4c7d37ef075068c6f98ae	converged	454
30	77bc3594f18275b6882c60a981f6a5c935eee2f5	d13b5414234ec8335d31c7611bb98f7c8cffc2ff	converged	457
30	7d2c893dd838a7fa3f6d4b8afe098fb0ce38caf8	8b71d26926c9b7bff28c3090e3c340d7fb3704b9	converged	460
30	7f486a2ca57410de948da8623b3ac7f51c9d2065	0d31335ca2fbff357a588e184c0ffd3f8992054c	converged	465
30	8e5e92329d682285d15f0851777d8a1c0180a803	10c3f804272fc9392dc8f49251e2ec704ceb86a0	converged	475
30	8efc52286d7323942d723011bdf922e2312b218c	526e9c5a0ba26f8f0e9ad5ef9e6c0ef0733d4581	converged	478
30	991fdf3e59e81f9c9d634e7dabcdabb78a7d7f6d	2a7652b5cb8f1eb29e568bf279f21221618695e7	converged	492
30	994efbfd7077092941ab698950b510bcccdc578e	4e750bf595c12f1423f4b58489c049b8ea55f2af	converged	493
30	9a5c780f3d4f5634cbd4d7ae30d124a897eef006	f102163686b5242057ce8a59514df16a4fae43cf	converged	496
30	9f218a969f62a03ef252334b4dba7a421118c2d1	ee683acefc567686fb5ddc4257ce226517da92e2	converged	502
30	a33b1cf5ea0866025ff96436aa001117f5426416	0081c6fe629f542bdf1551cb7f7dde2782544db1	converged	510
30	b2610f7388d950faa49cbcd9b55bc155d4e6a7e7	cdba4f3c4dfcd964491373706d32bc62e84a6c1e	converged	523
30	b3e277071737f4fea97bc7a7e2efdf71a313134d	e63287e1d2108533ee25068b6d00f786c46580b5	converged	524
30	b4d2995f2f1b984c516be0a3e87389dfd4150ec1	d328123476cb2302908a2cad87f5879402460896	converged	526
30	b7cb883975cd7ed029df1c79627116598fa634d4	ce3f8f0cb21e1f098dfee366bf3335ac550b6089	converged	531
30	b9278fe2beee35f78fd88bccd5b6fdb8cf9a49fd	22802987794e647047c72a678d66ea18eef58c7a	converged	534
30	be36cd4a5a0e442c3c3340847af50b928eef68b9	3b16e69b91bcd2c3ab6235ae10a1cb2ad0957bfb	converged	539
30	c10d1db00e7b5129507e7db910069367072bcab9	72717581a8500561efa897d9aab0107c4f23697c	converged	541
30	c7cc0b43d4185bd3ffde5a89e431b5946b4ca85a	8772a23704729fe8d41a2ad70d7337e1e7129d04	converged	546
30	ca5ee2bb458148b172115c42c57618e31af78a85	248d0af412ebee863f5d1e02681d1cacd02ced69	converged	549
30	cb456245e9b933ca4250745946ebfcc2d653bc22	6f728c23b2ca3207c0f4a0f5aabc331b3243dd1c	converged	550
30	cb8dbd055d69b6eb6a1e9784fd05dd8e14a37b9d	9c5a548c3a204b766201887d72c35ece52833d34	converged	551
30	d7dda403d507084ed05cc1b9bf6c65829da6a22c	afc0baea449e33ba08a33610c68093b43e07f4d7	converged	571
30	dab16115cee8ffa0bce8f85a2ccd1b053fad2d50	0eaeb68324c260cbb85656c9ecae2edf7d30c1dc	converged	575
30	de14295bbf982e71cb016c9837ad969232b6addc	b9e9eaeb9a9b1957dc58068807ddfb7ac5c08407	converged	580
30	e04cd576ce0e25075d86ad8d701a970966d70126	52e263ac53a8eea69c95496c56010c6f63ed0dd3	converged	581
30	e0b6e36d3ff25cf77fbc653610885243e3d3434f	abe6683bb7fc5334c5547c2a7a98a9a700c73e1b	converged	582
30	e8da11d87c97fb1d0a2a13bfd37fe8f032b7b35b	888f9aab98d1fea5f37798d5e534a43dc3f25dcd	converged	585
30	e8e8ab63aa33aac013912a7bba79e70bf0104670	55a3d6d36683780f84cb7b55dacc397f7af8c336	converged	586
30	eaac7db71e9c295cf4770b3bac90f14898d2f3fe	81527b30bcce2963d313c8731a1862713ecffdc9	converged	587
30	f88e30f21dfcdaee543a181bf4c039a7598dd249	3c3d6f49665fddd11df5bc9e1fd0365f069e43df	converged	602
30	fb97d1da0003d9c3f3ec298634a0797784bc49f6	77e7df698be9ce5cea4e9800dd63b29592e7f1ff	converged	606
31	288d395431cf2eb781933d91a1217136466377b7	546b5fc41b4bef92b7e876cb3ac00d805d5157cf	converged	366
31	395abbf54cbaf4dc8d2cafb1cf8a02a22f3cc92d	d7658d62fd79f9d3ac683fbbd1c04391f46d187a	converged	384
31	4462512c3bc36872ae675261a1c0aaaddf3bf1e1	77db66f99a1d5a69fae8c42f43b5ef1cd2a7528c	converged	397
31	4bf033e3d19c834f9fc08193cdea01e1aec3b8a2	4652b4064d96710c682407609ad3a616225229c1	converged	409
31	51609d9282f7a9e4195bcb0a3bb575b6daffcb6c	f1211117fc34bd04905eaad2e2aa7b2336f3f2eb	converged	414
31	531cee23bb2a9187017195819734cce068d1f1f2	bf39ce38a736c082589a152f6924b25cf4c35e84	converged	416
31	54fc3567dfd4ca40b67077dc1ebb539b01265180	58e0ca10403d3e58bb484a7b69ff00e9a91a9229	converged	418
31	6a1f6523748e32bcdac79eae7b5b26e12d344d02	4726685eb0556e087b16064d24dbc25d74bc7308	converged	442
31	7d2c893dd838a7fa3f6d4b8afe098fb0ce38caf8	8b71d26926c9b7bff28c3090e3c340d7fb3704b9	converged	460
31	9f218a969f62a03ef252334b4dba7a421118c2d1	ee683acefc567686fb5ddc4257ce226517da92e2	converged	502
31	b3e277071737f4fea97bc7a7e2efdf71a313134d	e63287e1d2108533ee25068b6d00f786c46580b5	converged	524
31	b9278fe2beee35f78fd88bccd5b6fdb8cf9a49fd	22802987794e647047c72a678d66ea18eef58c7a	converged	534
31	cb456245e9b933ca4250745946ebfcc2d653bc22	6f728c23b2ca3207c0f4a0f5aabc331b3243dd1c	converged	550
31	dab16115cee8ffa0bce8f85a2ccd1b053fad2d50	0eaeb68324c260cbb85656c9ecae2edf7d30c1dc	converged	575
31	e8da11d87c97fb1d0a2a13bfd37fe8f032b7b35b	888f9aab98d1fea5f37798d5e534a43dc3f25dcd	converged	585
32	057e825aff074e168523706c03897e0777df9b94	5a4dd5ca0b87789189baf6b3323a71c23fa08044	converged	309
32	0e512f5267893868c482de2eaad7e086720f9da8	d03303db3c6219c54451905681e93ee0ecee501a	converged	328
32	101ae292210d6919e7202b9789585f3003181bb6	976dfd8fe9c8178462e0556b70e34e6aafa4f4e4	converged	330
32	14913922c0fbab173e657b2a819e2c1dec9f01f0	529b2b51674c7726ece779c27f68297d477c55be	converged	337
32	1bd9dc3c69c6706234cd1004c04c73938474f9f8	810fa7cc6a922561b070aad131149e8a6ca93b47	converged	350
32	494f8e62354ed6fceadf7b4266909da1cb6cfc0f	384f4dcfa8e4c5e0fe8dc520b32592bb1494b46e	converged	403
32	4d8dd369d5876d899d0442cd2676b4aa77c108ed	c662dba7a84e43f7436af50d9e26b42ea3195169	converged	410
32	5baa9b7c1cd1a2259cc473814a4389647bb6f312	9c107016dcb3d4a7fbc494c3a594c4ecb00e4d92	converged	425
32	609efe21f6eb9bae6f533e933e8d1bd32c868990	a8f43312993371bd04feac9864b9384d2bd9fc0e	converged	429
32	610e0202389348f6d8ed29b1ff13364c67ccb41e	9f4f490a037ac351a8175426ff67afb6a0948574	converged	430
32	7c0eb388a0fbeff738c5767a89ed28c9254dd147	39d77d5e4f0999e8f8cfa5f9d44e7f822a44c549	converged	459
32	9188e5c25e8616a28af08c97dd8d5633755a6321	2d45ea3a4464a803f76ecbd2ce77d4fcc78b6fd3	converged	482
32	92fa4376954618fbf5ca8d4bb3000d4effbdbe96	e47d04681382ff755006878a726695cdccd4d5ff	converged	486
32	9ba0ca84ebe3f443d0a525ead480c8edf26f4b85	17f753388b239e09fc1a6ab2cee500b436a61db8	converged	498
32	ad48594408b255e610e12ed95d678c0feb4094e4	8adf3752709af5ed2e2ef469acc78991b5daa9ca	converged	518
32	b5e4c0c917c548e86d915f7869b194e66224dad5	8cc7102ee1db508fad197a1ec32958d72ec5e18d	converged	529
32	cbe6ec589b3f32701962efcd767f2721a50b3be1	4f9b0ee671cfb1c9bb2be2732c45e82fe3696be3	converged	552
32	d30c6d7c0f0d1582bb1260f70d0b5f9e9df249b2	5a2c2dd5d0cf690605494991e06fd13408c86434	converged	563
32	d31c0e73a1d5612fcf092af2e809da4d3c9885b7	b0b83be573afad2be555f13a5f6d6fd0230e18d0	converged	564
33	09867787f649174cccd24a0d89c0b3ad0ad0df0f	3086c33c78ff09b2580e8914b6fbb9432f53195e	converged	318
33	0bf2c8c4276ad1bdac0113aa57d0db48210c2ddf	e0fabb18f63cb3a3efb721e6b39da895384bdf06	converged	323
33	16015aab58128aeb0ef17c995f4ca08362e9a25a	7087b596461a5cc548e0b34c0ecefc58d3a8c2bd	converged	342
33	45972608d05083d7331c6ebedb352456b662b3e2	7f5b0ccfbbaf7d48badbf62acd684110c5ea20a7	converged	398
33	6f9fc830e7868189584898431fa75f58214bf35d	1ca12d6cf936466ad5ffa235bf57e440c654a692	converged	448
33	7eab71189ddcabfc28ce2ce022dd7831518cb8a5	da5c2594e588ab04cedf6d8fd7ae5880acaf378b	converged	464
33	b94348e90dd164735a371b6ba5d7f8bfb80d6038	88098c753d901058714c4023ea1d407ce1fbdacd	converged	536
33	be233a085a3b84c8745617f7052e62ba7357596f	5a667313fa7328d70580a99084264340e611cd70	converged	538
33	f291975c3ee7b0b948d11264ce52acec6f8977a1	0e81cee30e0630db49ea484a19f2edc5864909a9	converged	597
34	08674a0e0f85623d4da72d469faa72d36287032f	c0321cebfb67b63a1fda1e0c3f0664a666fef3d0	converged	316
34	0a56eb8b37e7679cba2221f874905bb997678b38	fc0c9be4fccfc590996f339329ea21c294917d8a	converged	320
34	2c765dbb487a0c5f372132fccf5bf477ee6ee8c0	92716c6bd02d34433b6c6f82ed1c80c6eb440434	converged	370
34	31c42076cad601a24eeeb60ba52e3947334cd0f2	66552cf682483e0dd8e2dd5c282cec91905e35f7	converged	375
34	34a10292a7aeede12aaf0ada14f6e0dfb6c87b61	c7bc7a01a30f0c41dd3488ccf331856528002fdb	converged	378
34	3a5c47e9d4ea1daceab214c179435ac2edf3e6b7	746945ed4f403585a5f1d971c08c9f123849bd7a	converged	385
34	43ec6cf9f9e284417842d43e46ad3c96f71a51f4	eacb87b0b465d61f0a28a078f8034f0deed7708a	converged	396
34	4ac1db11145bc5622a889fd7155a3b3a943ab7ad	a3d5806aef70cf565b6804832eecf3f070b2a3cf	converged	407
34	52f2b937962ff1f0d9a7277ef70f0e85bce96995	773370abdf23484dce6df0405f0657e839178be5	converged	415
34	5c8f6d1fb307a42de2f1f5475ef68aa95c61fd5f	9fe4d7eed066827e75926a46531a4dc63ea84201	converged	427
34	630a0debf01296e254447b1781d530268935bef4	adf6f5179f16bd2bdda444870dd6738f6b84a3c6	converged	433
34	770e20de1e7c78ad852e0c0b4bb9860505be1d9a	a1ac62eb9b68f494992f03b7c8a8809118bee9d7	converged	456
34	9bffc6c309b836298fa0db1bc7eb4504c5302290	65935fdf2ab14f7daae2e248a295d8da703bb4ce	converged	499
34	a6383108066814d4f3641a96f4dca690c595a3d3	4946c87290876d79f96844df0d3f25843e505a52	converged	512
34	ce4f79d894b07094ccfe03af7f1a12af67f0118c	4a188975a065b4fc56ce5e8ca0a324708a8b1db8	converged	558
34	d486919734c6126af9e5384e8b97195a1be735bd	63515c03d06f6af2f0d5936b97b758bee90747f0	converged	566
34	d6bb53c9858fddf173898cdcfa1cbf42f5d52c5c	26be8c03f00cff0952b0f8da9bb422344ea542d8	converged	569
34	d878f7c6794d0a6d9a8d04be68ebb93eafdf01cc	3dee05bcf4782a1d4eacdbdfaabdd7cd0700f025	converged	572
34	f28af1197504d2ee7f1e057da67aad80fe1df0b0	faf489eee1f3cc3ebaefc6cef4b2509387a7d955	converged	596
35	042bbc7494ef5cb0ca7e6465e9f6d6c0141647a7	5d2f6033c62fdc7bfee627a3bad9e496c737791d	converged	306
35	0967f5345f27b53d7a380b08472c2478d7822c15	2cc82dd042650545eabcffff2321ee4b14af464e	converged	317
35	0d7b96c65bf8434dad8ff4ae7b2dac11ba59468f	d94f409c497f0f3540c66b026e49e802a30c127d	converged	324
35	18b1df16080e691b63718cd87db6000a38ccce10	4fe094f2bc0eb156116070348dbb29511cd9b018	converged	346
35	268fa5ef37532a55a0689b5caeac7f13ec0d8b21	333db6803024d7e4fdbf7d9317d6ec44160a9ecb	converged	362
35	2eb1ed5f4bfb876fdfe5bd571db34d924c3bb272	1714e98434d839e593204a3aa1e437670061eabb	converged	371
35	58edf590b6aab47a5d7285558406629508e605d0	d904aa0e51830eaddbc745dedf6cd5133c40735c	converged	423
35	6aa1ef507f8055df7cb4ac988f9c99f4aa034242	db41c6ec577af9f874b7dd628f67cf0800b8f28b	converged	443
35	6d4cd1885333b5178e725d711c86606516c7892f	d7c2515d6e5c9b76626660dd87c674d5eeada349	converged	446
35	76d281f71882b669130a32fcf9469f555f8a655b	4433d07c8e217166f012e154d1575e129a99a868	converged	455
35	7e9a4360787c319ef67dfc9f3866fabf1d62bc43	63143236c878c52ca544deeec523a561fffd87fe	converged	463
35	8f3e2c3c211c102f47e4a2f61d88a45e273bb4b9	8e2064e08f35a21456c860d865248f6876608e46	converged	479
35	92dc32d1aae8dc0349641b124188432db051ebd2	c4606a03d0f78649d7e6f03e6f89f054a96ea437	converged	485
35	9f71d5d8541539f416457185ee8f70a01a5b189d	1945672b66548532f946b21ed6302e06b217b079	converged	504
35	b0678c8ed27558036a4a3cae163928976d19a479	c5524b6a5f71b4edc48223c56d34aa56d30f7289	converged	520
35	b6521474f6627b1828eb31a1052cce4722547abe	9420a94af4d2359545a024d26acfc36b27545297	converged	530
35	b7da8652aa4646ca8a183975092b76d92966c337	7da63c8acaa37e1183e91a1523c80e2d10a4d637	converged	532
35	b88b20623c5793f9f1d0e8860ab65f4701f9a245	62a2fd85075057930c0e2f2578fc2056146308c7	converged	533
35	c2aafeee359f61a8007d42dc71d8e125b362a8c6	0826247200a541c85132b63883d8ab17aaa9aad4	converged	543
35	dc7082da321e75ef33eafd6e45cfc31f49092646	2287368f5a2f29ffe32efa099dfbffaaaaa1c3e8	converged	578
35	fa3aa51785950d4dac83bb50473536372af1e01f	eebc289a60081c199949feea664faa7dcdadbf04	converged	603
36	079b1ab9c77f0cd073fe6f85aaf32219c6b91920	97905b734f8d433d3bc8e818d0ef453121fa96c6	converged	314
36	0b5acdabcbd51350a3bf41d5ce9a3b851ea2256e	15d327aae1cc84f15c98535acbdff9b74645217e	converged	321
36	25f24296b448cbe86114a1e880fb532cdce17e20	eead2e5f5d84b3e949c67be0cd2aa6bf34419bed	converged	360
36	2668af3e681b88104e214dd4a7d4aafdebafe127	131c7f37fd3d447d1518d3501bb14836943f7d68	converged	361
36	2ed39a26e20fe6a264a8681eea608d92ab254f24	f6b60fd72ac0aafd04127a3736688bea6a512757	converged	372
36	377dc91bc1bea41c6d508e25de24383c0316770d	fbff33725b919bf84872363ff8543dbba0520147	converged	380
36	3d5cecbfb07bcba179396e4cde4c105f267d4c34	f1d9a30fb7eedc4157d251af0b7f998d7a661cca	converged	388
36	430dd638aaec2fd2706f245ec0e5a60be8502048	eae64a737081c20900d69526f924fce8156d7224	converged	395
36	53b074a0fb4bc855c35426f82a047aaea3451fbb	076a8b045774309fb6c43935bd59f41e44e99fdd	converged	417
36	62df99497d514aaa0a020e319fb9f4a73af6053f	620f2415e3002114ab7b3cd7ada1d467314f3cbf	converged	432
36	7586012c89aa7aa29e6f719db06b1ed92b748003	3363ca677f9324c712a20f6f7ce2e6f4aad78567	converged	452
36	8e5e92329d682285d15f0851777d8a1c0180a803	10c3f804272fc9392dc8f49251e2ec704ceb86a0	converged	475
36	9a5c780f3d4f5634cbd4d7ae30d124a897eef006	f102163686b5242057ce8a59514df16a4fae43cf	converged	496
36	a33b1cf5ea0866025ff96436aa001117f5426416	0081c6fe629f542bdf1551cb7f7dde2782544db1	converged	510
36	b4d2995f2f1b984c516be0a3e87389dfd4150ec1	d328123476cb2302908a2cad87f5879402460896	converged	526
36	be36cd4a5a0e442c3c3340847af50b928eef68b9	3b16e69b91bcd2c3ab6235ae10a1cb2ad0957bfb	converged	539
36	ca5ee2bb458148b172115c42c57618e31af78a85	248d0af412ebee863f5d1e02681d1cacd02ced69	converged	549
36	f88e30f21dfcdaee543a181bf4c039a7598dd249	3c3d6f49665fddd11df5bc9e1fd0365f069e43df	converged	602
36	fb97d1da0003d9c3f3ec298634a0797784bc49f6	77e7df698be9ce5cea4e9800dd63b29592e7f1ff	converged	606
37	079b1ab9c77f0cd073fe6f85aaf32219c6b91920	97905b734f8d433d3bc8e818d0ef453121fa96c6	converged	314
37	0b5acdabcbd51350a3bf41d5ce9a3b851ea2256e	15d327aae1cc84f15c98535acbdff9b74645217e	converged	321
37	0b9335c3cf2a43c4482e33fab75f23a3b0ec60bb	b6a7125d7304e9dcd2d6dc29a2fc8d486552bb48	converged	322
37	1660ac09ed9c437fc6a1450716fb24d95c44e5ce	d4a14abeb1b48ffe99e29ab7113bad68bccb1fa6	converged	343
37	25f24296b448cbe86114a1e880fb532cdce17e20	eead2e5f5d84b3e949c67be0cd2aa6bf34419bed	converged	360
37	2668af3e681b88104e214dd4a7d4aafdebafe127	131c7f37fd3d447d1518d3501bb14836943f7d68	converged	361
37	2ed39a26e20fe6a264a8681eea608d92ab254f24	f6b60fd72ac0aafd04127a3736688bea6a512757	converged	372
37	377dc91bc1bea41c6d508e25de24383c0316770d	fbff33725b919bf84872363ff8543dbba0520147	converged	380
37	3d5cecbfb07bcba179396e4cde4c105f267d4c34	f1d9a30fb7eedc4157d251af0b7f998d7a661cca	converged	388
37	430dd638aaec2fd2706f245ec0e5a60be8502048	eae64a737081c20900d69526f924fce8156d7224	converged	395
37	4462512c3bc36872ae675261a1c0aaaddf3bf1e1	77db66f99a1d5a69fae8c42f43b5ef1cd2a7528c	converged	397
37	47d9e81a07bc42a0b046bd22369f1e207c184edd	7b0f01b58a2b60cd8543e75db67fd52376902d98	converged	400
37	53b074a0fb4bc855c35426f82a047aaea3451fbb	076a8b045774309fb6c43935bd59f41e44e99fdd	converged	417
37	62df99497d514aaa0a020e319fb9f4a73af6053f	620f2415e3002114ab7b3cd7ada1d467314f3cbf	converged	432
37	761ad3e12d27ea12363980d677b398a917ff4a38	033e6ea8346a58e500c4c7d37ef075068c6f98ae	converged	454
37	8e5e92329d682285d15f0851777d8a1c0180a803	10c3f804272fc9392dc8f49251e2ec704ceb86a0	converged	475
37	8efc52286d7323942d723011bdf922e2312b218c	526e9c5a0ba26f8f0e9ad5ef9e6c0ef0733d4581	converged	478
37	991fdf3e59e81f9c9d634e7dabcdabb78a7d7f6d	2a7652b5cb8f1eb29e568bf279f21221618695e7	converged	492
37	9a5c780f3d4f5634cbd4d7ae30d124a897eef006	f102163686b5242057ce8a59514df16a4fae43cf	converged	496
37	9f218a969f62a03ef252334b4dba7a421118c2d1	ee683acefc567686fb5ddc4257ce226517da92e2	converged	502
37	a33b1cf5ea0866025ff96436aa001117f5426416	0081c6fe629f542bdf1551cb7f7dde2782544db1	converged	510
37	b9278fe2beee35f78fd88bccd5b6fdb8cf9a49fd	22802987794e647047c72a678d66ea18eef58c7a	converged	534
37	be36cd4a5a0e442c3c3340847af50b928eef68b9	3b16e69b91bcd2c3ab6235ae10a1cb2ad0957bfb	converged	539
37	c10d1db00e7b5129507e7db910069367072bcab9	72717581a8500561efa897d9aab0107c4f23697c	converged	541
37	ca5ee2bb458148b172115c42c57618e31af78a85	248d0af412ebee863f5d1e02681d1cacd02ced69	converged	549
37	cb8dbd055d69b6eb6a1e9784fd05dd8e14a37b9d	9c5a548c3a204b766201887d72c35ece52833d34	converged	551
37	de14295bbf982e71cb016c9837ad969232b6addc	b9e9eaeb9a9b1957dc58068807ddfb7ac5c08407	converged	580
37	e04cd576ce0e25075d86ad8d701a970966d70126	52e263ac53a8eea69c95496c56010c6f63ed0dd3	converged	581
37	e0b6e36d3ff25cf77fbc653610885243e3d3434f	abe6683bb7fc5334c5547c2a7a98a9a700c73e1b	converged	582
37	eaac7db71e9c295cf4770b3bac90f14898d2f3fe	81527b30bcce2963d313c8731a1862713ecffdc9	converged	587
37	f88e30f21dfcdaee543a181bf4c039a7598dd249	3c3d6f49665fddd11df5bc9e1fd0365f069e43df	converged	602
38	1dbadd0711258dfe348cc22826288fd9c4370ec8	d9ed5a748eff1698009be7f461dbb5e5cd6df203	converged	352
38	30583a84e72b0ab055087ce243b07faf2b89c089	727b4e5664b566e22ca4c94b02a36689f77e4337	converged	373
38	3e7d0466cbe932d04e4f80761133c31fffcef92b	882519e095b3244eaae75158c59414703b1bce12	converged	389
38	5db905501553fa62b3aeaebb318884b8c7fa4440	8909863fd9a0afcacb9911217684b61ccfd0f268	converged	428
38	7df296267f7fe00bd6fa890413cfd766f3c564a4	bc3dcbb08ecc6e65ef0bf2791ab10ed5c2c670bc	converged	462
38	7fe1c3da8dc47035e61eb9ba914d94e7e7ee0dd1	12b1e386935bf8bc6c5bb045011a2d5caba8467f	converged	466
38	ccb9b60433bdd7ec56b0d9581e6318a02beac01c	95c8aede64a8207003c29128e8602552688fe63e	converged	553
38	d9324f2995ad0639613df9f51db6213fee19a45d	f5fc1bfbb3223cde54df839974b04ab6e309fb74	converged	573
38	f4937b4cc930a5d074111143e6e9ebb6fd3ac4ba	d49266aa75af6e76b2b4ca4575d49cd1a6fb2913	converged	598
39	072d449dc164e98c19805f67ee6a5519b780fd2d	10818f391a2cf0d3b851948d1017548a4dcdcedb	converged	312
39	0db939ade562d517d56b747cb60af3e32d859b09	b859bb9fe8800b8787bd1d7ee6af1bb2eaf2aeb9	converged	325
39	158124d17fb643b7104455e0e65a799b56035f94	a5bf1b48ae92cead636765987b792d3715b74b25	converged	340
39	1affa858be371732e5a6c8dadf5bb1384529b3a0	622445f8016e1c2ea810a1bd7bfb1aef5312999a	converged	348
39	1cff723dd6ac1d7020c74fd21a675ae48520627c	fa5706667a060097addc31389139b8f4cd5ba023	converged	351
39	21bf947183e389b5548abc06f1e738c0cbed3d24	e65f02bc0ee5b88993e0ecfeff0cb49a7a9b34c1	converged	357
39	37d61eb6ac28e8143278bcff9ef74777b1324375	95460b25815075a3fbeb3fab2839a257a72e97ed	converged	381
39	3f960da3ec9176a5d454b984afa5a46056a51d2a	4b2c89d51b50c8afe550daacc73ce954df0464d6	converged	391
39	58c02fbe1b4622c5cbfca110cb5f6f967188e0d9	d057ee065dcb431cbd94bcf71003e28e450a1ccf	converged	422
39	84710c8b233b12501fe802b02a84bcba77d988a4	046ef7d6d082fc3df8ae33f7050ce83eb1c0c013	converged	468
39	926f28df75a0d353d70d4fd43bb2bae79c548cc9	faac47de85f78f9e912f5ea1cfac8551b994f4e5	converged	484
39	a173f24b64fbb4b49472f71d1e99210ff743c99f	35ed233c5f8a38514ef1257bccfc842c13adbf9f	converged	508
39	aa42ad4c5b0e2558eb0dbe8d1a45ea8dc187f9bb	9af7c3ac221f978244fd78e1d141d27a81c9b884	converged	515
39	ace4d6ad2f4b6cfc780885cb498c3af872fab5dc	91ae1376aacf11e1a1ac205fa633b8c83297c64f	converged	517
39	cefafcf222b91bc05c2325b9c540c1ec8462686b	c5e03d4f7126e6c90d635848f24aac145d69c6c9	converged	559
39	d6114df91f4560a386aed240f1a12a3c2afdbeff	3d04020fcd41f9f363aa2f08629f95f079e6b3ae	converged	567
39	e59c51e4820db7be851b57738511abadddad37d7	a0bc132536a6b0e6c878d2a95a1563ce45cf2902	converged	584
39	f1a5501befe93a37ec3f8040fab9f356d9d902c5	dd1833ad4e5fd17b096cab6e3d74badd564d1e09	converged	594
39	fe465c9d34b06277eebbfb6fdf492252fc12620d	8234f4af23a58948af434e5d533b606dd46cc27f	converged	608
40	1549427c59a4a13c26485a770e8230d66a8d8220	5d9aaf23cda71ac314ae4b6762b3805c33fbddc8	converged	338
40	2a10b7314ca86904515bce84dd50ea69c54eab89	eccaf4eb519dcea4936e867e5e55b159674af078	converged	367
40	3115a55165cf2efd12ab12e78e9514be8115a322	f7ceb78e820b60eb9acd5c8bb217b71472d5ab48	converged	374
40	4dd7bf489369c0eb45f868fd47674e0adcee6a5e	b1e93504c868d632894e41b13b3e57efca08ee9b	converged	411
40	4fb3e4787803e83a779cbd2543280a71c2b255a6	3f514907570b94af7c0aef6b62492bb2387689c9	converged	412
40	70ac24ae994cd77ab713cc81090b02f4ba9cf519	d1bf6ad7d371aba36faa6e642f1a206ff411348c	converged	450
40	81eb19077f2d257eaaa054a2b781a83449bc9044	0eb03d4774d5dde608ad80f66e9c5f8f55bfd91b	converged	467
40	961e4f1df3d5bc215f267e2fe62cd0aea7049303	8db0a1fb6e2cde17365ba15935d595fba3531be1	converged	490
40	9ac768a05a1a5183538fbc360a6621819feb75c3	7d3136320e9ac9a10c015ee4af0cecd0a1370be0	converged	497
40	9eb0d6d53eb8c753562a2bbf0c5a90870ecfa324	567c09a72943c77e5ac19a0036a8cc8e186e3fe6	converged	501
40	a0ddc04c0125fc887cb9cb1fbfb35f1049ff207e	36c01d3c86b8979b9145ab4829c316fa64ae3e7a	converged	506
40	a21216a4c136b5f7152347da94d54d8b3bdcf918	0fc56f8b9779e8bb02f2777145ba835c3f2d6467	converged	509
40	a9b50f608cb2d4bcc19d23b266cb57b431f5f38f	baa0d532d60a8ada3cb4556ed2a245e1a665e107	converged	514
40	ae916af9c42834c88d02b364774af99f78c2e8a9	d0ed6c9c8c4c54fa7efeb59f334dfa9fa1359570	converged	519
40	b55a6f5e2ba73fb406da11ae3390a3a3fcaeb13e	6938c53ab0a345024c788ea20ac03c2ddde83f49	converged	527
40	b5a8ca74a9ef56a34ad23829ba7cbaeb8006223a	06d84a0fa740748affad82b60000a78b5f75a6fd	converged	528
40	c7759c891a2cf19e315832a2275d444ab0471877	3bf0a29570fb31d9d5858a2cda5331b3f3b09d7b	converged	544
40	d63883a391696db5c6ff98f76404cf4b3a97d70f	22ae006114a43968dd2e79738a33a6d56fcb0c5c	converged	568
40	d71dd9ef32818411e03aabcc7f952cbb8e073364	0ffbab2612ea0330ee5c4a021752e87740ac8cdb	converged	570
40	d9f521188e10884be7feb4e36e64c54ba92a2eb0	cde6a902ff7a65a904396b4a03543719ca63f620	converged	574
40	dc504e7e6d04d45ccc6e6eb088e10e6ae370db7f	877a07d273ffa7a31d0898c763e6de31a611cf67	converged	577
41	057e825aff074e168523706c03897e0777df9b94	5a4dd5ca0b87789189baf6b3323a71c23fa08044	converged	309
41	0e21dea54f9050ff6ddec278c6156f6f67fa4620	09a89d9a5187b4349092cc849cf0659c323d8efe	converged	327
41	0e512f5267893868c482de2eaad7e086720f9da8	d03303db3c6219c54451905681e93ee0ecee501a	converged	328
41	1bd9dc3c69c6706234cd1004c04c73938474f9f8	810fa7cc6a922561b070aad131149e8a6ca93b47	converged	350
41	1eba32b1bf4f9a46630e975ca3136089e0db1ae0	5f6e491ea488340bc5a1ae9950192c443235736c	converged	353
41	1ec158b6dcff1a27b37423604529175845d69dc1	f8b034f1a9db699ea3db37a5bee0ccd83682c041	converged	354
41	494f8e62354ed6fceadf7b4266909da1cb6cfc0f	384f4dcfa8e4c5e0fe8dc520b32592bb1494b46e	converged	403
41	4d8dd369d5876d899d0442cd2676b4aa77c108ed	c662dba7a84e43f7436af50d9e26b42ea3195169	converged	410
41	5b6d6e295e2e83098930002d7d9b1597e8104f84	f7db28ec5e6d0837ddb8c51e4854507a7028ee9c	converged	424
41	5baa9b7c1cd1a2259cc473814a4389647bb6f312	9c107016dcb3d4a7fbc494c3a594c4ecb00e4d92	converged	425
41	609efe21f6eb9bae6f533e933e8d1bd32c868990	a8f43312993371bd04feac9864b9384d2bd9fc0e	converged	429
41	610e0202389348f6d8ed29b1ff13364c67ccb41e	9f4f490a037ac351a8175426ff67afb6a0948574	converged	430
41	633ced11405a6b40d20ab6daa7f4931c49878700	fa91c20929461bc675fee706de9f83a59313a501	converged	434
41	6c788fc78680e305f5bb2a1610c62142f950ccf3	9e223cd1a0f23b0ab63b1d39e7bed58fccc1f21f	converged	445
41	75c8f1e53570db45131d425d2dd16c4469969077	49d4808593297a1093c46be318d38f5410810371	converged	453
41	7b6ea3ca13c428ab14ace9e8e92987f4c652550b	1cef97ee856f2addf2779443364657b9335a2d8f	converged	458
41	7c0eb388a0fbeff738c5767a89ed28c9254dd147	39d77d5e4f0999e8f8cfa5f9d44e7f822a44c549	converged	459
41	8ea6ebfd7a7d1c9c756c49d2e6523b01de9b83e6	f7194dbd76ffc5c1b2383f31bff31d10577fd981	converged	477
41	9188e5c25e8616a28af08c97dd8d5633755a6321	2d45ea3a4464a803f76ecbd2ce77d4fcc78b6fd3	converged	482
41	9210d9c448226ab6432d66d5452df74a65c0c44b	951da31474f5a9a5239e9928ea748d334eab324b	converged	483
41	92fa4376954618fbf5ca8d4bb3000d4effbdbe96	e47d04681382ff755006878a726695cdccd4d5ff	converged	486
41	94052f5b5f78700311bba2a7edec5694e7570206	7ddd99c903ecc5bce5f4a1b774835ba1820e5313	converged	487
41	9780e4c83411b9a4d781de9bdf7a865017012e36	973189cb238ffe3af9ca882d82eb98de4c729833	converged	491
41	9982829dfdbd9a0dd00ea036ecb90759dcb07301	d7aa3f1f578571271174caa4f820d8ee6c05168f	converged	494
41	9ba0ca84ebe3f443d0a525ead480c8edf26f4b85	17f753388b239e09fc1a6ab2cee500b436a61db8	converged	498
41	ad48594408b255e610e12ed95d678c0feb4094e4	8adf3752709af5ed2e2ef469acc78991b5daa9ca	converged	518
41	b5e4c0c917c548e86d915f7869b194e66224dad5	8cc7102ee1db508fad197a1ec32958d72ec5e18d	converged	529
41	cbe6ec589b3f32701962efcd767f2721a50b3be1	4f9b0ee671cfb1c9bb2be2732c45e82fe3696be3	converged	552
41	ccbd9202891dbe48ab8cafa97baf56cd5bb5e979	5b08a3d2495fd61251fb10f656eac5a9bdb1bf03	converged	554
41	d31c0e73a1d5612fcf092af2e809da4d3c9885b7	b0b83be573afad2be555f13a5f6d6fd0230e18d0	converged	564
41	f6627139aaf47a9dff99ec9ba2dfbbcf5d566c2f	062b04858d37e6fcb37d4de8ac6b2e9e43b1d6db	converged	600
42	02650104e02b12a9a70a250a6b9d125f09fb1e16	0d0069de7424d621834a03c91c5d1078997cdc7a	converged	305
42	0d7b96c65bf8434dad8ff4ae7b2dac11ba59468f	d94f409c497f0f3540c66b026e49e802a30c127d	converged	324
42	12957259e6f931c9e3dfa056e212ad43964188f1	01fcbc243dd480112fe137fbfa35f5b284660f67	converged	336
42	1b00eaa10092ce6c27959ace686163bfbd1a5820	e89318206ed86e3dc6e5693a3c3c6997d768681d	converged	349
42	349cf0269b4a6f2ef93de480ebd03076c6cd074d	0fe58f2f14b805d7ad4ecb913d2a9dfacc9310a9	converged	377
42	38c1d4a389933e0a95cf59a3ff97e399254e51c8	9c9091d511b41be403d384a2ab42249ff94347ff	converged	383
42	49a9123859f5e9a39df6993ca2b826b1c086fb6d	9ae96d718539e58018bced9b316831c54df92a87	converged	404
42	588e4a744d60b67cf174f02cc6fbc47233b27bf2	61036fab2dc29c95608cf58633e8a4c8a182dee3	converged	421
42	6aa1ef507f8055df7cb4ac988f9c99f4aa034242	db41c6ec577af9f874b7dd628f67cf0800b8f28b	converged	443
42	6e37ab0aab00d51d6ddc10c195fec2972a20e4ef	4cb66ac5144c867a4d4b900ee60341673a06660b	converged	447
42	76d281f71882b669130a32fcf9469f555f8a655b	4433d07c8e217166f012e154d1575e129a99a868	converged	455
42	92dc32d1aae8dc0349641b124188432db051ebd2	c4606a03d0f78649d7e6f03e6f89f054a96ea437	converged	485
42	9e464c8fe08c39ce5fa4952d6aca568bde73751c	578fca0a07838b4938e017db07dcb09c2d2ddaf9	converged	500
42	bf3192d4367f1043d6a55cd2b97b2b856b5014b0	60bd0c629b65b6129493d4773a85bde5f2a74c33	converged	540
42	dad4ffea3b799193558c2083b14fb4d0d4607b37	4d2383c8a99a7d3319b9a80ccba446d90e6821d9	converged	576
43	062854d7ba0b4411e1d472c2fd4d00ea44d9d6cc	7581b2b9c2793fc40f86bab592e756c143059058	converged	310
43	155d28c93d141f92e3cef3dace7746b4b42268c1	8bb91d2fab8b115e99d79e27ccb229a82932bdb1	converged	339
43	3aa96165f327f320711286ec507f2c658987ad6a	4e43060d63f138c5a3175161d836531a35e05198	converged	386
43	482e66ada430a624fb2ee6f2c743ef0cad295495	7c8bcd173a0a939af49ff473cdbd669f3f861645	converged	401
43	5b6d6e295e2e83098930002d7d9b1597e8104f84	f7db28ec5e6d0837ddb8c51e4854507a7028ee9c	converged	424
43	633ced11405a6b40d20ab6daa7f4931c49878700	fa91c20929461bc675fee706de9f83a59313a501	converged	434
43	704434095b342886b42dfea859c9c9f36a71bc38	c60a844891d20eaaed7296ee643bb3de39f96f82	converged	449
43	9a51a1031e068fbbcaebd3e9e4079c8b103aa1cd	64d39622be61c40fe3fa534ea36240f99f0fae0a	converged	495
43	a778f23a229c2faa756ea3347694bf1382fc084f	fc5d4df58ad85b8d75413dfc7c190fe3fe00efa2	converged	513
43	ab48257c9f53c661fd4b069a55d55b89bfc9e721	64cfe85f7bc17550b9c4507f9fc0bad91cffad8b	converged	516
43	b4bf2fa96ffeddbd625786b9e3364bd1b4a6a283	cd8a386f031bf2bf9933d930ab2dadb155d2ad80	converged	525
43	ccbd9202891dbe48ab8cafa97baf56cd5bb5e979	5b08a3d2495fd61251fb10f656eac5a9bdb1bf03	converged	554
43	d0a58ef27f487fbbcdd30d7869a4a28f82cac2f5	314afd6b9615e8186ebf5fb68b575f202ca47ccd	converged	561
43	dde1b03bdb515fa5265fe148b747eea81a61ab79	2aa331b6560869e322698a489ad458304938ac72	converged	579
43	fb012ac2a2a7ade37930fd553da9421cba16f552	691df76ae0043992aa6e418b8f4c31cd3a11ae6c	converged	605
44	02650104e02b12a9a70a250a6b9d125f09fb1e16	0d0069de7424d621834a03c91c5d1078997cdc7a	converged	305
44	072d449dc164e98c19805f67ee6a5519b780fd2d	10818f391a2cf0d3b851948d1017548a4dcdcedb	converged	312
44	0db939ade562d517d56b747cb60af3e32d859b09	b859bb9fe8800b8787bd1d7ee6af1bb2eaf2aeb9	converged	325
44	12332689b0137519d1032e7b3c1bbdd99a145f05	7361f19a277131a8c4ff397320705acb004749b9	converged	335
44	158124d17fb643b7104455e0e65a799b56035f94	a5bf1b48ae92cead636765987b792d3715b74b25	converged	340
44	179bee3114d70926e6728f3e4970718f60a2db62	c141fa55e49f5c83566d1a00a8d69d3eb235b7f3	converged	345
44	1affa858be371732e5a6c8dadf5bb1384529b3a0	622445f8016e1c2ea810a1bd7bfb1aef5312999a	converged	348
44	1cff723dd6ac1d7020c74fd21a675ae48520627c	fa5706667a060097addc31389139b8f4cd5ba023	converged	351
44	1edb836840d374c226c45cb34972bc0ec9b577a8	c77d4ecd252f0eb4888517bf9e10d2efe7810bb3	converged	355
44	21bf947183e389b5548abc06f1e738c0cbed3d24	e65f02bc0ee5b88993e0ecfeff0cb49a7a9b34c1	converged	357
44	2a2c28f48887aa266a915d1128edb1364f5fa1c8	634ae690616e603a8e55e65a259e3415812ad35a	converged	368
44	2b5cf83b16cd86be0ba5bc30d59546cdc32959da	be71e3aca4425ae23e322a6f60eb2012eaf7e060	converged	369
44	33bf9cebf5327ac9303e7fed3d7973237afe8ab3	62825b5a4fae7409f75fcc7ba1e6e7e8e45109af	converged	376
44	37d61eb6ac28e8143278bcff9ef74777b1324375	95460b25815075a3fbeb3fab2839a257a72e97ed	converged	381
44	3849d5a1fbb0386873b33b08109ffa41b62061c7	136d1c92b3c08ea87c51fa1cf5130b50fddb2571	converged	382
44	58c02fbe1b4622c5cbfca110cb5f6f967188e0d9	d057ee065dcb431cbd94bcf71003e28e450a1ccf	converged	422
44	661ecef37ddb1bfdf490ef65585e50ce6a11f502	0a79450dc9d3087e007797b1d5c46c1c3bce5ff4	converged	437
44	69a9339dc105b38760dce76df845acbc33fffb4d	03333dcfce170e5eb5cf4a7d9546561fa4ff11df	converged	439
44	6e37ab0aab00d51d6ddc10c195fec2972a20e4ef	4cb66ac5144c867a4d4b900ee60341673a06660b	converged	447
44	7d6f78b66e8515936a87583c487cf738c99e03a2	c5137429264481f986bb7d60fbfa6b4809a19c33	converged	461
44	84710c8b233b12501fe802b02a84bcba77d988a4	046ef7d6d082fc3df8ae33f7050ce83eb1c0c013	converged	468
44	926f28df75a0d353d70d4fd43bb2bae79c548cc9	faac47de85f78f9e912f5ea1cfac8551b994f4e5	converged	484
44	a173f24b64fbb4b49472f71d1e99210ff743c99f	35ed233c5f8a38514ef1257bccfc842c13adbf9f	converged	508
44	ace4d6ad2f4b6cfc780885cb498c3af872fab5dc	91ae1376aacf11e1a1ac205fa633b8c83297c64f	converged	517
44	cefafcf222b91bc05c2325b9c540c1ec8462686b	c5e03d4f7126e6c90d635848f24aac145d69c6c9	converged	559
44	d6114df91f4560a386aed240f1a12a3c2afdbeff	3d04020fcd41f9f363aa2f08629f95f079e6b3ae	converged	567
44	dad4ffea3b799193558c2083b14fb4d0d4607b37	4d2383c8a99a7d3319b9a80ccba446d90e6821d9	converged	576
44	e58194327ff02119c20ef726e2fe24563a009eb3	6dfc44cb1646cc4332c5280e685120d2a8ddbe99	converged	583
44	ef8f080301d39f60ce5f3303a6f79fed411423fa	53aaf65012696b0b84ee2abab0493c004f9a7a21	converged	590
44	f1a5501befe93a37ec3f8040fab9f356d9d902c5	dd1833ad4e5fd17b096cab6e3d74badd564d1e09	converged	594
44	fe465c9d34b06277eebbfb6fdf492252fc12620d	8234f4af23a58948af434e5d533b606dd46cc27f	converged	608
45	0b9335c3cf2a43c4482e33fab75f23a3b0ec60bb	b6a7125d7304e9dcd2d6dc29a2fc8d486552bb48	converged	322
45	1660ac09ed9c437fc6a1450716fb24d95c44e5ce	d4a14abeb1b48ffe99e29ab7113bad68bccb1fa6	converged	343
45	278626eac43f672c7f61cb8f5b0f7240bf907776	1e3390e245a9874f3c23449e0eae7b49ec7e67b0	converged	364
45	47d9e81a07bc42a0b046bd22369f1e207c184edd	7b0f01b58a2b60cd8543e75db67fd52376902d98	converged	400
45	6b8afec69da36905e42d7cdaa982b12790dc01cd	193d2a1f6de2a3544ea19c7c790da2188575be03	converged	444
45	748b26c95512fff36ce7849f35aa3ff840de49d9	8f591feede4d51f375f8412e4b665f74d6136fca	converged	451
45	7586012c89aa7aa29e6f719db06b1ed92b748003	3363ca677f9324c712a20f6f7ce2e6f4aad78567	converged	452
45	761ad3e12d27ea12363980d677b398a917ff4a38	033e6ea8346a58e500c4c7d37ef075068c6f98ae	converged	454
45	77bc3594f18275b6882c60a981f6a5c935eee2f5	d13b5414234ec8335d31c7611bb98f7c8cffc2ff	converged	457
45	7f486a2ca57410de948da8623b3ac7f51c9d2065	0d31335ca2fbff357a588e184c0ffd3f8992054c	converged	465
45	8efc52286d7323942d723011bdf922e2312b218c	526e9c5a0ba26f8f0e9ad5ef9e6c0ef0733d4581	converged	478
45	991fdf3e59e81f9c9d634e7dabcdabb78a7d7f6d	2a7652b5cb8f1eb29e568bf279f21221618695e7	converged	492
45	994efbfd7077092941ab698950b510bcccdc578e	4e750bf595c12f1423f4b58489c049b8ea55f2af	converged	493
45	b2610f7388d950faa49cbcd9b55bc155d4e6a7e7	cdba4f3c4dfcd964491373706d32bc62e84a6c1e	converged	523
45	b7cb883975cd7ed029df1c79627116598fa634d4	ce3f8f0cb21e1f098dfee366bf3335ac550b6089	converged	531
45	be36cd4a5a0e442c3c3340847af50b928eef68b9	3b16e69b91bcd2c3ab6235ae10a1cb2ad0957bfb	converged	539
45	c10d1db00e7b5129507e7db910069367072bcab9	72717581a8500561efa897d9aab0107c4f23697c	converged	541
45	c7cc0b43d4185bd3ffde5a89e431b5946b4ca85a	8772a23704729fe8d41a2ad70d7337e1e7129d04	converged	546
45	cb8dbd055d69b6eb6a1e9784fd05dd8e14a37b9d	9c5a548c3a204b766201887d72c35ece52833d34	converged	551
45	d7dda403d507084ed05cc1b9bf6c65829da6a22c	afc0baea449e33ba08a33610c68093b43e07f4d7	converged	571
45	de14295bbf982e71cb016c9837ad969232b6addc	b9e9eaeb9a9b1957dc58068807ddfb7ac5c08407	converged	580
45	e04cd576ce0e25075d86ad8d701a970966d70126	52e263ac53a8eea69c95496c56010c6f63ed0dd3	converged	581
45	e0b6e36d3ff25cf77fbc653610885243e3d3434f	abe6683bb7fc5334c5547c2a7a98a9a700c73e1b	converged	582
45	e8e8ab63aa33aac013912a7bba79e70bf0104670	55a3d6d36683780f84cb7b55dacc397f7af8c336	converged	586
45	eaac7db71e9c295cf4770b3bac90f14898d2f3fe	81527b30bcce2963d313c8731a1862713ecffdc9	converged	587
46	02650104e02b12a9a70a250a6b9d125f09fb1e16	0d0069de7424d621834a03c91c5d1078997cdc7a	converged	305
46	042bbc7494ef5cb0ca7e6465e9f6d6c0141647a7	5d2f6033c62fdc7bfee627a3bad9e496c737791d	converged	306
46	072d449dc164e98c19805f67ee6a5519b780fd2d	10818f391a2cf0d3b851948d1017548a4dcdcedb	converged	312
46	0d7b96c65bf8434dad8ff4ae7b2dac11ba59468f	d94f409c497f0f3540c66b026e49e802a30c127d	converged	324
46	0db939ade562d517d56b747cb60af3e32d859b09	b859bb9fe8800b8787bd1d7ee6af1bb2eaf2aeb9	converged	325
46	12332689b0137519d1032e7b3c1bbdd99a145f05	7361f19a277131a8c4ff397320705acb004749b9	converged	335
46	12957259e6f931c9e3dfa056e212ad43964188f1	01fcbc243dd480112fe137fbfa35f5b284660f67	converged	336
46	158124d17fb643b7104455e0e65a799b56035f94	a5bf1b48ae92cead636765987b792d3715b74b25	converged	340
46	179bee3114d70926e6728f3e4970718f60a2db62	c141fa55e49f5c83566d1a00a8d69d3eb235b7f3	converged	345
46	1affa858be371732e5a6c8dadf5bb1384529b3a0	622445f8016e1c2ea810a1bd7bfb1aef5312999a	converged	348
46	1b00eaa10092ce6c27959ace686163bfbd1a5820	e89318206ed86e3dc6e5693a3c3c6997d768681d	converged	349
46	1cff723dd6ac1d7020c74fd21a675ae48520627c	fa5706667a060097addc31389139b8f4cd5ba023	converged	351
46	1edb836840d374c226c45cb34972bc0ec9b577a8	c77d4ecd252f0eb4888517bf9e10d2efe7810bb3	converged	355
46	214123bc075e6e379ec7078360d9b73f071a3045	6d9b78ce06d780d6b2146d67d32bfdee62c766c8	converged	356
46	21bf947183e389b5548abc06f1e738c0cbed3d24	e65f02bc0ee5b88993e0ecfeff0cb49a7a9b34c1	converged	357
46	268fa5ef37532a55a0689b5caeac7f13ec0d8b21	333db6803024d7e4fdbf7d9317d6ec44160a9ecb	converged	362
46	2a2c28f48887aa266a915d1128edb1364f5fa1c8	634ae690616e603a8e55e65a259e3415812ad35a	converged	368
46	2b5cf83b16cd86be0ba5bc30d59546cdc32959da	be71e3aca4425ae23e322a6f60eb2012eaf7e060	converged	369
46	2eb1ed5f4bfb876fdfe5bd571db34d924c3bb272	1714e98434d839e593204a3aa1e437670061eabb	converged	371
46	33bf9cebf5327ac9303e7fed3d7973237afe8ab3	62825b5a4fae7409f75fcc7ba1e6e7e8e45109af	converged	376
46	349cf0269b4a6f2ef93de480ebd03076c6cd074d	0fe58f2f14b805d7ad4ecb913d2a9dfacc9310a9	converged	377
46	37d61eb6ac28e8143278bcff9ef74777b1324375	95460b25815075a3fbeb3fab2839a257a72e97ed	converged	381
46	3849d5a1fbb0386873b33b08109ffa41b62061c7	136d1c92b3c08ea87c51fa1cf5130b50fddb2571	converged	382
46	38c1d4a389933e0a95cf59a3ff97e399254e51c8	9c9091d511b41be403d384a2ab42249ff94347ff	converged	383
46	3f960da3ec9176a5d454b984afa5a46056a51d2a	4b2c89d51b50c8afe550daacc73ce954df0464d6	converged	391
46	49a9123859f5e9a39df6993ca2b826b1c086fb6d	9ae96d718539e58018bced9b316831c54df92a87	converged	404
46	588e4a744d60b67cf174f02cc6fbc47233b27bf2	61036fab2dc29c95608cf58633e8a4c8a182dee3	converged	421
46	58c02fbe1b4622c5cbfca110cb5f6f967188e0d9	d057ee065dcb431cbd94bcf71003e28e450a1ccf	converged	422
46	58edf590b6aab47a5d7285558406629508e605d0	d904aa0e51830eaddbc745dedf6cd5133c40735c	converged	423
46	661ecef37ddb1bfdf490ef65585e50ce6a11f502	0a79450dc9d3087e007797b1d5c46c1c3bce5ff4	converged	437
46	69a9339dc105b38760dce76df845acbc33fffb4d	03333dcfce170e5eb5cf4a7d9546561fa4ff11df	converged	439
46	69eceee5397aebf212dc597716d6c17ede97646f	8a7e31803847b68f4a4b6a623aab17081bd0e683	converged	440
46	6aa1ef507f8055df7cb4ac988f9c99f4aa034242	db41c6ec577af9f874b7dd628f67cf0800b8f28b	converged	443
46	6d4cd1885333b5178e725d711c86606516c7892f	d7c2515d6e5c9b76626660dd87c674d5eeada349	converged	446
46	6e37ab0aab00d51d6ddc10c195fec2972a20e4ef	4cb66ac5144c867a4d4b900ee60341673a06660b	converged	447
46	76d281f71882b669130a32fcf9469f555f8a655b	4433d07c8e217166f012e154d1575e129a99a868	converged	455
46	7d6f78b66e8515936a87583c487cf738c99e03a2	c5137429264481f986bb7d60fbfa6b4809a19c33	converged	461
46	84710c8b233b12501fe802b02a84bcba77d988a4	046ef7d6d082fc3df8ae33f7050ce83eb1c0c013	converged	468
46	926f28df75a0d353d70d4fd43bb2bae79c548cc9	faac47de85f78f9e912f5ea1cfac8551b994f4e5	converged	484
46	92dc32d1aae8dc0349641b124188432db051ebd2	c4606a03d0f78649d7e6f03e6f89f054a96ea437	converged	485
46	9e464c8fe08c39ce5fa4952d6aca568bde73751c	578fca0a07838b4938e017db07dcb09c2d2ddaf9	converged	500
46	a173f24b64fbb4b49472f71d1e99210ff743c99f	35ed233c5f8a38514ef1257bccfc842c13adbf9f	converged	508
46	aa42ad4c5b0e2558eb0dbe8d1a45ea8dc187f9bb	9af7c3ac221f978244fd78e1d141d27a81c9b884	converged	515
46	ace4d6ad2f4b6cfc780885cb498c3af872fab5dc	91ae1376aacf11e1a1ac205fa633b8c83297c64f	converged	517
46	b0678c8ed27558036a4a3cae163928976d19a479	c5524b6a5f71b4edc48223c56d34aa56d30f7289	converged	520
46	b7da8652aa4646ca8a183975092b76d92966c337	7da63c8acaa37e1183e91a1523c80e2d10a4d637	converged	532
46	b928431c950a59bbcb99a651174576f524bf650d	3dca5eb836539b5a1c7ef2ab9a824e9d6e3bdd47	converged	535
46	bf3192d4367f1043d6a55cd2b97b2b856b5014b0	60bd0c629b65b6129493d4773a85bde5f2a74c33	converged	540
46	c2aafeee359f61a8007d42dc71d8e125b362a8c6	0826247200a541c85132b63883d8ab17aaa9aad4	converged	543
46	c7c3f228039f1bf91c8f8a74441fe2246ac61b63	a4a68fd2506a318b0c2a416cb5085637507b8639	converged	545
46	cefafcf222b91bc05c2325b9c540c1ec8462686b	c5e03d4f7126e6c90d635848f24aac145d69c6c9	converged	559
46	d6114df91f4560a386aed240f1a12a3c2afdbeff	3d04020fcd41f9f363aa2f08629f95f079e6b3ae	converged	567
46	dad4ffea3b799193558c2083b14fb4d0d4607b37	4d2383c8a99a7d3319b9a80ccba446d90e6821d9	converged	576
46	dc7082da321e75ef33eafd6e45cfc31f49092646	2287368f5a2f29ffe32efa099dfbffaaaaa1c3e8	converged	578
46	e58194327ff02119c20ef726e2fe24563a009eb3	6dfc44cb1646cc4332c5280e685120d2a8ddbe99	converged	583
46	e59c51e4820db7be851b57738511abadddad37d7	a0bc132536a6b0e6c878d2a95a1563ce45cf2902	converged	584
46	ef8f080301d39f60ce5f3303a6f79fed411423fa	53aaf65012696b0b84ee2abab0493c004f9a7a21	converged	590
46	f1a5501befe93a37ec3f8040fab9f356d9d902c5	dd1833ad4e5fd17b096cab6e3d74badd564d1e09	converged	594
46	fa3aa51785950d4dac83bb50473536372af1e01f	eebc289a60081c199949feea664faa7dcdadbf04	converged	603
46	fe465c9d34b06277eebbfb6fdf492252fc12620d	8234f4af23a58948af434e5d533b606dd46cc27f	converged	608
47	2353e2555f3b2cc6c617c6a5a7f6887fe28414ca	af2e51c4f8fdb8f0fe5d03ca6cf1e913789b491f	converged	359
47	288d395431cf2eb781933d91a1217136466377b7	546b5fc41b4bef92b7e876cb3ac00d805d5157cf	converged	366
47	51609d9282f7a9e4195bcb0a3bb575b6daffcb6c	f1211117fc34bd04905eaad2e2aa7b2336f3f2eb	converged	414
47	5603e1cd3c513d3cb058af4d5e3759590163da2d	8150d4f5e9059eb93d24e70ed880d81b111ab17e	converged	419
47	639921afb00a469b1f92c73a06a48454bf180b42	4cda8331fb46203e39f22d86a1150c07e3de0a7f	converged	435
47	748b26c95512fff36ce7849f35aa3ff840de49d9	8f591feede4d51f375f8412e4b665f74d6136fca	converged	451
47	77bc3594f18275b6882c60a981f6a5c935eee2f5	d13b5414234ec8335d31c7611bb98f7c8cffc2ff	converged	457
47	7f486a2ca57410de948da8623b3ac7f51c9d2065	0d31335ca2fbff357a588e184c0ffd3f8992054c	converged	465
47	85173b06048db8f63cb8dfe0b3c19112bae29816	e707f558fb86fa34e51830093d107fcd47364db9	converged	469
47	994efbfd7077092941ab698950b510bcccdc578e	4e750bf595c12f1423f4b58489c049b8ea55f2af	converged	493
47	9f4009d7c6dab72a3092216b71d036b2f4c799a5	12703258a40d60ec1d6af8389d2b5776041f9414	converged	503
47	b2610f7388d950faa49cbcd9b55bc155d4e6a7e7	cdba4f3c4dfcd964491373706d32bc62e84a6c1e	converged	523
47	b3e277071737f4fea97bc7a7e2efdf71a313134d	e63287e1d2108533ee25068b6d00f786c46580b5	converged	524
47	b7cb883975cd7ed029df1c79627116598fa634d4	ce3f8f0cb21e1f098dfee366bf3335ac550b6089	converged	531
47	c7cc0b43d4185bd3ffde5a89e431b5946b4ca85a	8772a23704729fe8d41a2ad70d7337e1e7129d04	converged	546
47	d230824d99f5bf7d59ac204bbc1b35f5293317a1	f444dfd86ca98c0fe86dddc91662ab47ceb70dc5	converged	562
47	d7dda403d507084ed05cc1b9bf6c65829da6a22c	afc0baea449e33ba08a33610c68093b43e07f4d7	converged	571
47	e8da11d87c97fb1d0a2a13bfd37fe8f032b7b35b	888f9aab98d1fea5f37798d5e534a43dc3f25dcd	converged	585
47	e8e8ab63aa33aac013912a7bba79e70bf0104670	55a3d6d36683780f84cb7b55dacc397f7af8c336	converged	586
47	ee44bd083e06c19498a8fea3d26855ca62bae4ba	dd58bb655409c10ad5d82d9f196c3cb38a6f12af	converged	589
47	f1cf70ad90c37e205346d4c7b6dd7fe9b6f92730	5ccb2c952cb37915a26f6509063fbb3d2e8b2362	converged	595
48	075e1ed2739aeffc3e5e0831d56826358336802e	512a7931e3abfb5ec1979319b37ef32774e5813d	converged	313
48	106b29bd87dd66dfc497b1ace292164de1cf3bf8	eb7e5d2b483492c71e82998e99e860f4a354f9d1	converged	331
48	15f0fb655471f3272e07fd2e4c078ce671d84ef1	840c7d900bad653ed5acbe4441934a6b8a6ee579	converged	341
48	18e1729f3b166edb687dc93cb09a978e641f70b2	94b7c729d7f2396c4dd9061056722f79f1337089	converged	347
48	2a10b7314ca86904515bce84dd50ea69c54eab89	eccaf4eb519dcea4936e867e5e55b159674af078	converged	367
48	2c765dbb487a0c5f372132fccf5bf477ee6ee8c0	92716c6bd02d34433b6c6f82ed1c80c6eb440434	converged	370
48	3115a55165cf2efd12ab12e78e9514be8115a322	f7ceb78e820b60eb9acd5c8bb217b71472d5ab48	converged	374
48	34a10292a7aeede12aaf0ada14f6e0dfb6c87b61	c7bc7a01a30f0c41dd3488ccf331856528002fdb	converged	378
48	5851d88b1ec0b1412a280c2605e919ab85eae26d	f48260f71b2fc2ebdc86fc6df67bc5f58583b749	converged	420
48	5be7d38257523a516109ee17da70be6b849bb4d2	02c38c0280bf7b429b226fc0e488fe606a2f26b4	converged	426
48	612e355d6e0b948e7552858e256a3483fd343e6f	4024e2747ae829640390fe2586beafc1cd29d715	converged	431
48	70ac24ae994cd77ab713cc81090b02f4ba9cf519	d1bf6ad7d371aba36faa6e642f1a206ff411348c	converged	450
48	8c299a02d9e8d20d2c28a5bc1acb67becf678d2c	d5d93404e06a3af99679610ed172cc961ea775b7	converged	473
48	8c5946c97abdaadd483711e34b11d509b1265fad	5a4a48cc331e510dd8356e338539ac5caa974ad4	converged	474
48	961e4f1df3d5bc215f267e2fe62cd0aea7049303	8db0a1fb6e2cde17365ba15935d595fba3531be1	converged	490
48	9eb0d6d53eb8c753562a2bbf0c5a90870ecfa324	567c09a72943c77e5ac19a0036a8cc8e186e3fe6	converged	501
48	a21216a4c136b5f7152347da94d54d8b3bdcf918	0fc56f8b9779e8bb02f2777145ba835c3f2d6467	converged	509
48	ae916af9c42834c88d02b364774af99f78c2e8a9	d0ed6c9c8c4c54fa7efeb59f334dfa9fa1359570	converged	519
48	b5a8ca74a9ef56a34ad23829ba7cbaeb8006223a	06d84a0fa740748affad82b60000a78b5f75a6fd	converged	528
48	c95739f0f351d9979093a0d9686985b4898b4a44	16ac10f09dd230de1b31fe48e038d4c17be9cd6b	converged	547
48	d32b48c84c281f55910d246375dd2455a054c970	18ab0172266339f50060b0f560086cbaef445e08	converged	565
48	d71dd9ef32818411e03aabcc7f952cbb8e073364	0ffbab2612ea0330ee5c4a021752e87740ac8cdb	converged	570
48	eff1b12635c7a318872a0f6b90f607945e244862	22ee9aa2467d132002db875e8eabcf634459a6a0	converged	591
48	f041ef7e5426039e222d3d583c87473c23145c28	4a61a36f890ba4c3efb53abc2d61c2a9e1feca21	converged	592
48	fa605cbbc698ba0f9acc3c71010dcb352ebdd981	90251bbbb9f49f8a96186c112c483386144356cb	converged	604
49	057c4998ce3043b33c0dc899cf3adcb6f8aadb62	61bb7682cb55431ff3a7c38c38928bd107a01736	converged	308
49	075e1ed2739aeffc3e5e0831d56826358336802e	512a7931e3abfb5ec1979319b37ef32774e5813d	converged	313
49	08674a0e0f85623d4da72d469faa72d36287032f	c0321cebfb67b63a1fda1e0c3f0664a666fef3d0	converged	316
49	09e6375bd0ace29b879b739c21ff7640cc2d9048	87aad7cb691c2080682ad7e4f3110a5bb64983cb	converged	319
49	0a56eb8b37e7679cba2221f874905bb997678b38	fc0c9be4fccfc590996f339329ea21c294917d8a	converged	320
49	106b29bd87dd66dfc497b1ace292164de1cf3bf8	eb7e5d2b483492c71e82998e99e860f4a354f9d1	converged	331
49	15f0fb655471f3272e07fd2e4c078ce671d84ef1	840c7d900bad653ed5acbe4441934a6b8a6ee579	converged	341
49	18e1729f3b166edb687dc93cb09a978e641f70b2	94b7c729d7f2396c4dd9061056722f79f1337089	converged	347
49	2a10b7314ca86904515bce84dd50ea69c54eab89	eccaf4eb519dcea4936e867e5e55b159674af078	converged	367
49	2c765dbb487a0c5f372132fccf5bf477ee6ee8c0	92716c6bd02d34433b6c6f82ed1c80c6eb440434	converged	370
49	3115a55165cf2efd12ab12e78e9514be8115a322	f7ceb78e820b60eb9acd5c8bb217b71472d5ab48	converged	374
49	31c42076cad601a24eeeb60ba52e3947334cd0f2	66552cf682483e0dd8e2dd5c282cec91905e35f7	converged	375
49	34a10292a7aeede12aaf0ada14f6e0dfb6c87b61	c7bc7a01a30f0c41dd3488ccf331856528002fdb	converged	378
49	35c8b84854c95e19ca73d3e5d0a8420aa1bb80db	0aa96dc6bf07436ea8ae2fad8f73ed77362af01d	converged	379
49	3a5c47e9d4ea1daceab214c179435ac2edf3e6b7	746945ed4f403585a5f1d971c08c9f123849bd7a	converged	385
49	426128635de4bcb7fac4c29bb21fdeb5eef38e99	e4edc15ffed638000c814f0ee60466075f4999ea	converged	394
49	43ec6cf9f9e284417842d43e46ad3c96f71a51f4	eacb87b0b465d61f0a28a078f8034f0deed7708a	converged	396
49	4a4ddb5d925e3c0c3f916977e0f867bb520ae90a	26266cec6d9a7e978b8c39ee633a8a1dd7bc042b	converged	405
49	4ac1db11145bc5622a889fd7155a3b3a943ab7ad	a3d5806aef70cf565b6804832eecf3f070b2a3cf	converged	407
49	4dd7bf489369c0eb45f868fd47674e0adcee6a5e	b1e93504c868d632894e41b13b3e57efca08ee9b	converged	411
49	52f2b937962ff1f0d9a7277ef70f0e85bce96995	773370abdf23484dce6df0405f0657e839178be5	converged	415
49	5851d88b1ec0b1412a280c2605e919ab85eae26d	f48260f71b2fc2ebdc86fc6df67bc5f58583b749	converged	420
49	5be7d38257523a516109ee17da70be6b849bb4d2	02c38c0280bf7b429b226fc0e488fe606a2f26b4	converged	426
49	5c8f6d1fb307a42de2f1f5475ef68aa95c61fd5f	9fe4d7eed066827e75926a46531a4dc63ea84201	converged	427
49	612e355d6e0b948e7552858e256a3483fd343e6f	4024e2747ae829640390fe2586beafc1cd29d715	converged	431
49	630a0debf01296e254447b1781d530268935bef4	adf6f5179f16bd2bdda444870dd6738f6b84a3c6	converged	433
49	70ac24ae994cd77ab713cc81090b02f4ba9cf519	d1bf6ad7d371aba36faa6e642f1a206ff411348c	converged	450
49	770e20de1e7c78ad852e0c0b4bb9860505be1d9a	a1ac62eb9b68f494992f03b7c8a8809118bee9d7	converged	456
49	891703d3d06b0dd715625a0ca4b1750b19f7044f	55d9ee98c6f24ec215f3313649be915d501ef4e7	converged	471
49	8c299a02d9e8d20d2c28a5bc1acb67becf678d2c	d5d93404e06a3af99679610ed172cc961ea775b7	converged	473
49	8c5946c97abdaadd483711e34b11d509b1265fad	5a4a48cc331e510dd8356e338539ac5caa974ad4	converged	474
49	8e73e3916cd33249b7ccbbdd5de4ef309930d80c	e9719cf3bd1cf004319367b93de95779bc28cd45	converged	476
49	943c7def5fab3b9fc9afe34c1cf20e0a67cf3bc4	1d3cc34676dc1b466283e4e730d5da2bc50be51a	converged	488
49	961e4f1df3d5bc215f267e2fe62cd0aea7049303	8db0a1fb6e2cde17365ba15935d595fba3531be1	converged	490
49	9ac768a05a1a5183538fbc360a6621819feb75c3	7d3136320e9ac9a10c015ee4af0cecd0a1370be0	converged	497
49	9bffc6c309b836298fa0db1bc7eb4504c5302290	65935fdf2ab14f7daae2e248a295d8da703bb4ce	converged	499
49	9eb0d6d53eb8c753562a2bbf0c5a90870ecfa324	567c09a72943c77e5ac19a0036a8cc8e186e3fe6	converged	501
49	9fbbc7c4a4b58c5f46b522e676aa6d25c1351f26	caeaca52899d1c25d1feed523d1491165180b5ee	converged	505
49	a21216a4c136b5f7152347da94d54d8b3bdcf918	0fc56f8b9779e8bb02f2777145ba835c3f2d6467	converged	509
49	a6383108066814d4f3641a96f4dca690c595a3d3	4946c87290876d79f96844df0d3f25843e505a52	converged	512
49	ae916af9c42834c88d02b364774af99f78c2e8a9	d0ed6c9c8c4c54fa7efeb59f334dfa9fa1359570	converged	519
49	b1d8dde6f5b24daaa1612db2678889d5b763e3d9	aa27acd44048481f2facfeb94c982f96ceaa2edd	converged	522
49	b5a8ca74a9ef56a34ad23829ba7cbaeb8006223a	06d84a0fa740748affad82b60000a78b5f75a6fd	converged	528
49	c7759c891a2cf19e315832a2275d444ab0471877	3bf0a29570fb31d9d5858a2cda5331b3f3b09d7b	converged	544
49	c95739f0f351d9979093a0d9686985b4898b4a44	16ac10f09dd230de1b31fe48e038d4c17be9cd6b	converged	547
49	c9627b175ee0056d3439dbe670c377da7e93b290	19594b4873f3960302804802f235da4775d9eab9	converged	548
49	ce4d63c752eabb99d46966a3ac431f6ea489d2b9	1075b9cd405f0740e344a4e7c1d92247c967118f	converged	557
49	ce4f79d894b07094ccfe03af7f1a12af67f0118c	4a188975a065b4fc56ce5e8ca0a324708a8b1db8	converged	558
49	d32b48c84c281f55910d246375dd2455a054c970	18ab0172266339f50060b0f560086cbaef445e08	converged	565
49	d486919734c6126af9e5384e8b97195a1be735bd	63515c03d06f6af2f0d5936b97b758bee90747f0	converged	566
49	d6bb53c9858fddf173898cdcfa1cbf42f5d52c5c	26be8c03f00cff0952b0f8da9bb422344ea542d8	converged	569
49	d71dd9ef32818411e03aabcc7f952cbb8e073364	0ffbab2612ea0330ee5c4a021752e87740ac8cdb	converged	570
49	d878f7c6794d0a6d9a8d04be68ebb93eafdf01cc	3dee05bcf4782a1d4eacdbdfaabdd7cd0700f025	converged	572
49	d9f521188e10884be7feb4e36e64c54ba92a2eb0	cde6a902ff7a65a904396b4a03543719ca63f620	converged	574
49	dc504e7e6d04d45ccc6e6eb088e10e6ae370db7f	877a07d273ffa7a31d0898c763e6de31a611cf67	converged	577
49	eff1b12635c7a318872a0f6b90f607945e244862	22ee9aa2467d132002db875e8eabcf634459a6a0	converged	591
49	f041ef7e5426039e222d3d583c87473c23145c28	4a61a36f890ba4c3efb53abc2d61c2a9e1feca21	converged	592
49	f28af1197504d2ee7f1e057da67aad80fe1df0b0	faf489eee1f3cc3ebaefc6cef4b2509387a7d955	converged	596
49	f5b405df003a35ecfe879bb5eb7dae6b4eec2dad	6055795e2af65cfdf6d2ba326df808a1ed533d37	converged	599
49	fa605cbbc698ba0f9acc3c71010dcb352ebdd981	90251bbbb9f49f8a96186c112c483386144356cb	converged	604
50	07abe67565ef00ca65939290f57b7f8fed0ef3e9	db909c4d5e17b692dbe18375ccba7e4912dc8b30	converged	315
50	109f8d0f5bbe62523061149347330b571c675604	a7276147140056217123a5873763e01758457e1f	converged	332
50	286e32b908ef23fe49d3da4bf383190839677948	8d235200eeefc8b41cf2e2045167247cdf906b6d	converged	365
50	45ad6a215f64db417d49b8bdbe368e4950899b53	ec4f083e53c49ad337cd4d813af31a9b84826f1c	converged	399
50	4b8edc749fc6ea1831e6b5ac7f9c5ae8aded5628	9789e717ba33952ef85c09d4029fd358635d9f5b	converged	408
50	69efb804ab1932a948600494efb7073504826206	23dfd6e2883ca16f8d9827b9ea3f6818dcc0432f	converged	441
50	860f565f39c4491817ca18b59a2a542828b35ab8	df76b02b6b6e27779c5ba87e36769d08eefc0493	converged	470
50	90246b4f81a9a10e1f2fbd0c89bed45ceed1dd19	f2dbd8cada7b0322cda13c02aa0ecaefaf869f60	converged	481
50	ee11d8f8f5d4701867dfb1ede321c37ed45792f6	6aaac27e1084e027b18fae8ef7f9106676259b95	converged	588
51	0531c19f799288421c7093bc1a7e8739d91a6780	0b4234b9fdd7b7fcdef8de4a1d96ddd8af92ec43	converged	307
51	06f8fbd96827ebcc2af6cd68eb9d01db513af0cc	54e136b150ae049afc4e083f47bf88b27faf60c6	converged	311
51	16a422954ecee1958247a1cbccca2cc072eb48a6	7c4f93cd26c40370592e81e7a3ca97fc43738303	converged	344
51	3aa96165f327f320711286ec507f2c658987ad6a	4e43060d63f138c5a3175161d836531a35e05198	converged	386
51	41da3955199dd0ca8f3277a04c8d5275a74de03d	550a1cea1689e4820ef2783ad54fb87c4514681d	converged	393
51	490525dae0da5b33f52c8cceac2abaf5695c1dae	e6b10634f7ae229651896e25a48c7ffd89ab399f	converged	402
51	4a9a780375969a9f7ecefcd7f94a7084917b02c0	9395b4f7e6095bfadeb88d38d63bfca21bddf1b0	converged	406
51	4fcbfab58e277bb9df4f7b20795b1a394a086639	b6d5dfd20c8460a6d4f87fbaff9eb82c846f93cf	converged	413
51	6869e075cac2ea8a726b825f52feb9cb19282c9d	cdbef69d4c340f80692f185052db48029f2dc26f	converged	438
51	8a005e4d231a4353d929481925baf648189614b7	2460c1e9c3be656cc9fc7221fc0ebcd4a675765b	converged	472
51	8f59452aa3db35358ce6ceca6e899cadb572dad3	dcd93b5428328bfc4ac97a71b2d31b46d55f0307	converged	480
51	94d66ec8e8f53ff1f84f8db383082eb901747fa1	720108279293b8fd0be4da66cb73d3c279037f86	converged	489
51	a41a2816c7ddadedd3b0c78171fb8c1b9fda38ca	5e1190bc17503c61ff2a4c8e3e1813d174128968	converged	511
51	ab48257c9f53c661fd4b069a55d55b89bfc9e721	64cfe85f7bc17550b9c4507f9fc0bad91cffad8b	converged	516
51	b15d26612f7a81a0115867e264977b4310422ba1	4e1ed0b237ebadd7530ab974b4f6d063950baffc	converged	521
51	b4bf2fa96ffeddbd625786b9e3364bd1b4a6a283	cd8a386f031bf2bf9933d930ab2dadb155d2ad80	converged	525
51	c196bb26dca6f755184e623394b6ee73b530cdab	54e2a84b40997302db2b5a67931012d62fc11804	converged	542
51	cceb2e64f460497f3abce3cdf940796305922ad4	7160a8725f01d13112ca34bb64237f7d0b7d508e	converged	555
51	cd197cce362a92d13965ca88db7dded4fa2f115d	76dd4e631e1ebc0401c67ea88fef7bf116fd720b	converged	556
51	dde1b03bdb515fa5265fe148b747eea81a61ab79	2aa331b6560869e322698a489ad458304938ac72	converged	579
51	fd41c8aaac996261aae6dfd0cf486f8cdb008a6b	d9467c8ca1b2d943b4b997cadedc960f937cdf83	converged	607
52	042bbc7494ef5cb0ca7e6465e9f6d6c0141647a7	5d2f6033c62fdc7bfee627a3bad9e496c737791d	converged	306
52	12332689b0137519d1032e7b3c1bbdd99a145f05	7361f19a277131a8c4ff397320705acb004749b9	converged	335
52	179bee3114d70926e6728f3e4970718f60a2db62	c141fa55e49f5c83566d1a00a8d69d3eb235b7f3	converged	345
52	1edb836840d374c226c45cb34972bc0ec9b577a8	c77d4ecd252f0eb4888517bf9e10d2efe7810bb3	converged	355
52	268fa5ef37532a55a0689b5caeac7f13ec0d8b21	333db6803024d7e4fdbf7d9317d6ec44160a9ecb	converged	362
52	2a2c28f48887aa266a915d1128edb1364f5fa1c8	634ae690616e603a8e55e65a259e3415812ad35a	converged	368
52	2b5cf83b16cd86be0ba5bc30d59546cdc32959da	be71e3aca4425ae23e322a6f60eb2012eaf7e060	converged	369
52	2eb1ed5f4bfb876fdfe5bd571db34d924c3bb272	1714e98434d839e593204a3aa1e437670061eabb	converged	371
52	33bf9cebf5327ac9303e7fed3d7973237afe8ab3	62825b5a4fae7409f75fcc7ba1e6e7e8e45109af	converged	376
52	3849d5a1fbb0386873b33b08109ffa41b62061c7	136d1c92b3c08ea87c51fa1cf5130b50fddb2571	converged	382
52	58edf590b6aab47a5d7285558406629508e605d0	d904aa0e51830eaddbc745dedf6cd5133c40735c	converged	423
52	661ecef37ddb1bfdf490ef65585e50ce6a11f502	0a79450dc9d3087e007797b1d5c46c1c3bce5ff4	converged	437
52	69a9339dc105b38760dce76df845acbc33fffb4d	03333dcfce170e5eb5cf4a7d9546561fa4ff11df	converged	439
52	69eceee5397aebf212dc597716d6c17ede97646f	8a7e31803847b68f4a4b6a623aab17081bd0e683	converged	440
52	6d4cd1885333b5178e725d711c86606516c7892f	d7c2515d6e5c9b76626660dd87c674d5eeada349	converged	446
52	7d6f78b66e8515936a87583c487cf738c99e03a2	c5137429264481f986bb7d60fbfa6b4809a19c33	converged	461
52	b0678c8ed27558036a4a3cae163928976d19a479	c5524b6a5f71b4edc48223c56d34aa56d30f7289	converged	520
52	b928431c950a59bbcb99a651174576f524bf650d	3dca5eb836539b5a1c7ef2ab9a824e9d6e3bdd47	converged	535
52	c2aafeee359f61a8007d42dc71d8e125b362a8c6	0826247200a541c85132b63883d8ab17aaa9aad4	converged	543
52	d6114df91f4560a386aed240f1a12a3c2afdbeff	3d04020fcd41f9f363aa2f08629f95f079e6b3ae	converged	567
52	dc7082da321e75ef33eafd6e45cfc31f49092646	2287368f5a2f29ffe32efa099dfbffaaaaa1c3e8	converged	578
52	e58194327ff02119c20ef726e2fe24563a009eb3	6dfc44cb1646cc4332c5280e685120d2a8ddbe99	converged	583
52	e59c51e4820db7be851b57738511abadddad37d7	a0bc132536a6b0e6c878d2a95a1563ce45cf2902	converged	584
52	ef8f080301d39f60ce5f3303a6f79fed411423fa	53aaf65012696b0b84ee2abab0493c004f9a7a21	converged	590
52	fa3aa51785950d4dac83bb50473536372af1e01f	eebc289a60081c199949feea664faa7dcdadbf04	converged	603
53	0531c19f799288421c7093bc1a7e8739d91a6780	0b4234b9fdd7b7fcdef8de4a1d96ddd8af92ec43	converged	307
53	057e825aff074e168523706c03897e0777df9b94	5a4dd5ca0b87789189baf6b3323a71c23fa08044	converged	309
53	062854d7ba0b4411e1d472c2fd4d00ea44d9d6cc	7581b2b9c2793fc40f86bab592e756c143059058	converged	310
53	0e21dea54f9050ff6ddec278c6156f6f67fa4620	09a89d9a5187b4349092cc849cf0659c323d8efe	converged	327
53	0e512f5267893868c482de2eaad7e086720f9da8	d03303db3c6219c54451905681e93ee0ecee501a	converged	328
53	101ae292210d6919e7202b9789585f3003181bb6	976dfd8fe9c8178462e0556b70e34e6aafa4f4e4	converged	330
53	1143e70ace47ac9c9bade2025ba25a37cf0fa798	1bb7be909daa040e546a53aadf0872795bbb267f	converged	334
53	14913922c0fbab173e657b2a819e2c1dec9f01f0	529b2b51674c7726ece779c27f68297d477c55be	converged	337
53	155d28c93d141f92e3cef3dace7746b4b42268c1	8bb91d2fab8b115e99d79e27ccb229a82932bdb1	converged	339
53	16a422954ecee1958247a1cbccca2cc072eb48a6	7c4f93cd26c40370592e81e7a3ca97fc43738303	converged	344
53	1bd9dc3c69c6706234cd1004c04c73938474f9f8	810fa7cc6a922561b070aad131149e8a6ca93b47	converged	350
53	1eba32b1bf4f9a46630e975ca3136089e0db1ae0	5f6e491ea488340bc5a1ae9950192c443235736c	converged	353
53	1ec158b6dcff1a27b37423604529175845d69dc1	f8b034f1a9db699ea3db37a5bee0ccd83682c041	converged	354
53	3aa96165f327f320711286ec507f2c658987ad6a	4e43060d63f138c5a3175161d836531a35e05198	converged	386
53	482e66ada430a624fb2ee6f2c743ef0cad295495	7c8bcd173a0a939af49ff473cdbd669f3f861645	converged	401
53	494f8e62354ed6fceadf7b4266909da1cb6cfc0f	384f4dcfa8e4c5e0fe8dc520b32592bb1494b46e	converged	403
53	4d8dd369d5876d899d0442cd2676b4aa77c108ed	c662dba7a84e43f7436af50d9e26b42ea3195169	converged	410
53	4fcbfab58e277bb9df4f7b20795b1a394a086639	b6d5dfd20c8460a6d4f87fbaff9eb82c846f93cf	converged	413
53	5b6d6e295e2e83098930002d7d9b1597e8104f84	f7db28ec5e6d0837ddb8c51e4854507a7028ee9c	converged	424
53	5baa9b7c1cd1a2259cc473814a4389647bb6f312	9c107016dcb3d4a7fbc494c3a594c4ecb00e4d92	converged	425
53	609efe21f6eb9bae6f533e933e8d1bd32c868990	a8f43312993371bd04feac9864b9384d2bd9fc0e	converged	429
53	610e0202389348f6d8ed29b1ff13364c67ccb41e	9f4f490a037ac351a8175426ff67afb6a0948574	converged	430
53	633ced11405a6b40d20ab6daa7f4931c49878700	fa91c20929461bc675fee706de9f83a59313a501	converged	434
53	656bd38a12cd3be747e05454892f63ef7d363838	8d63cd33ed7159cc70717599623c634604de049a	converged	436
53	6869e075cac2ea8a726b825f52feb9cb19282c9d	cdbef69d4c340f80692f185052db48029f2dc26f	converged	438
53	6c788fc78680e305f5bb2a1610c62142f950ccf3	9e223cd1a0f23b0ab63b1d39e7bed58fccc1f21f	converged	445
53	704434095b342886b42dfea859c9c9f36a71bc38	c60a844891d20eaaed7296ee643bb3de39f96f82	converged	449
53	75c8f1e53570db45131d425d2dd16c4469969077	49d4808593297a1093c46be318d38f5410810371	converged	453
53	7b6ea3ca13c428ab14ace9e8e92987f4c652550b	1cef97ee856f2addf2779443364657b9335a2d8f	converged	458
53	7c0eb388a0fbeff738c5767a89ed28c9254dd147	39d77d5e4f0999e8f8cfa5f9d44e7f822a44c549	converged	459
53	8a005e4d231a4353d929481925baf648189614b7	2460c1e9c3be656cc9fc7221fc0ebcd4a675765b	converged	472
53	8ea6ebfd7a7d1c9c756c49d2e6523b01de9b83e6	f7194dbd76ffc5c1b2383f31bff31d10577fd981	converged	477
53	9188e5c25e8616a28af08c97dd8d5633755a6321	2d45ea3a4464a803f76ecbd2ce77d4fcc78b6fd3	converged	482
53	9210d9c448226ab6432d66d5452df74a65c0c44b	951da31474f5a9a5239e9928ea748d334eab324b	converged	483
53	92fa4376954618fbf5ca8d4bb3000d4effbdbe96	e47d04681382ff755006878a726695cdccd4d5ff	converged	486
53	94052f5b5f78700311bba2a7edec5694e7570206	7ddd99c903ecc5bce5f4a1b774835ba1820e5313	converged	487
53	9780e4c83411b9a4d781de9bdf7a865017012e36	973189cb238ffe3af9ca882d82eb98de4c729833	converged	491
53	9982829dfdbd9a0dd00ea036ecb90759dcb07301	d7aa3f1f578571271174caa4f820d8ee6c05168f	converged	494
53	9a51a1031e068fbbcaebd3e9e4079c8b103aa1cd	64d39622be61c40fe3fa534ea36240f99f0fae0a	converged	495
53	9ba0ca84ebe3f443d0a525ead480c8edf26f4b85	17f753388b239e09fc1a6ab2cee500b436a61db8	converged	498
53	a41a2816c7ddadedd3b0c78171fb8c1b9fda38ca	5e1190bc17503c61ff2a4c8e3e1813d174128968	converged	511
53	a778f23a229c2faa756ea3347694bf1382fc084f	fc5d4df58ad85b8d75413dfc7c190fe3fe00efa2	converged	513
53	ab48257c9f53c661fd4b069a55d55b89bfc9e721	64cfe85f7bc17550b9c4507f9fc0bad91cffad8b	converged	516
53	ad48594408b255e610e12ed95d678c0feb4094e4	8adf3752709af5ed2e2ef469acc78991b5daa9ca	converged	518
53	b4bf2fa96ffeddbd625786b9e3364bd1b4a6a283	cd8a386f031bf2bf9933d930ab2dadb155d2ad80	converged	525
53	b5e4c0c917c548e86d915f7869b194e66224dad5	8cc7102ee1db508fad197a1ec32958d72ec5e18d	converged	529
53	bd873ae7f2367d19e33e16101939fe7f628f5877	4de395fab21bae1a1bc8ac72fb0eaad0a9d657b8	converged	537
53	c196bb26dca6f755184e623394b6ee73b530cdab	54e2a84b40997302db2b5a67931012d62fc11804	converged	542
53	cbe6ec589b3f32701962efcd767f2721a50b3be1	4f9b0ee671cfb1c9bb2be2732c45e82fe3696be3	converged	552
53	ccbd9202891dbe48ab8cafa97baf56cd5bb5e979	5b08a3d2495fd61251fb10f656eac5a9bdb1bf03	converged	554
53	cceb2e64f460497f3abce3cdf940796305922ad4	7160a8725f01d13112ca34bb64237f7d0b7d508e	converged	555
53	cd197cce362a92d13965ca88db7dded4fa2f115d	76dd4e631e1ebc0401c67ea88fef7bf116fd720b	converged	556
53	d0a58ef27f487fbbcdd30d7869a4a28f82cac2f5	314afd6b9615e8186ebf5fb68b575f202ca47ccd	converged	561
53	d30c6d7c0f0d1582bb1260f70d0b5f9e9df249b2	5a2c2dd5d0cf690605494991e06fd13408c86434	converged	563
53	d31c0e73a1d5612fcf092af2e809da4d3c9885b7	b0b83be573afad2be555f13a5f6d6fd0230e18d0	converged	564
53	dde1b03bdb515fa5265fe148b747eea81a61ab79	2aa331b6560869e322698a489ad458304938ac72	converged	579
53	f136a8b9acd0baf5efa5ed79a72f4688fe4c41da	a74d9244ff20f94d09a066cf9885078a776d6989	converged	593
53	f6627139aaf47a9dff99ec9ba2dfbbcf5d566c2f	062b04858d37e6fcb37d4de8ac6b2e9e43b1d6db	converged	600
53	fb012ac2a2a7ade37930fd553da9421cba16f552	691df76ae0043992aa6e418b8f4c31cd3a11ae6c	converged	605
53	fd41c8aaac996261aae6dfd0cf486f8cdb008a6b	d9467c8ca1b2d943b4b997cadedc960f937cdf83	converged	607
54	057c4998ce3043b33c0dc899cf3adcb6f8aadb62	61bb7682cb55431ff3a7c38c38928bd107a01736	converged	308
54	09e6375bd0ace29b879b739c21ff7640cc2d9048	87aad7cb691c2080682ad7e4f3110a5bb64983cb	converged	319
54	35c8b84854c95e19ca73d3e5d0a8420aa1bb80db	0aa96dc6bf07436ea8ae2fad8f73ed77362af01d	converged	379
54	426128635de4bcb7fac4c29bb21fdeb5eef38e99	e4edc15ffed638000c814f0ee60466075f4999ea	converged	394
54	4a4ddb5d925e3c0c3f916977e0f867bb520ae90a	26266cec6d9a7e978b8c39ee633a8a1dd7bc042b	converged	405
54	4dd7bf489369c0eb45f868fd47674e0adcee6a5e	b1e93504c868d632894e41b13b3e57efca08ee9b	converged	411
54	891703d3d06b0dd715625a0ca4b1750b19f7044f	55d9ee98c6f24ec215f3313649be915d501ef4e7	converged	471
54	8e73e3916cd33249b7ccbbdd5de4ef309930d80c	e9719cf3bd1cf004319367b93de95779bc28cd45	converged	476
54	9fbbc7c4a4b58c5f46b522e676aa6d25c1351f26	caeaca52899d1c25d1feed523d1491165180b5ee	converged	505
54	b1d8dde6f5b24daaa1612db2678889d5b763e3d9	aa27acd44048481f2facfeb94c982f96ceaa2edd	converged	522
54	c7759c891a2cf19e315832a2275d444ab0471877	3bf0a29570fb31d9d5858a2cda5331b3f3b09d7b	converged	544
54	ce4d63c752eabb99d46966a3ac431f6ea489d2b9	1075b9cd405f0740e344a4e7c1d92247c967118f	converged	557
54	d9f521188e10884be7feb4e36e64c54ba92a2eb0	cde6a902ff7a65a904396b4a03543719ca63f620	converged	574
54	dc504e7e6d04d45ccc6e6eb088e10e6ae370db7f	877a07d273ffa7a31d0898c763e6de31a611cf67	converged	577
54	f5b405df003a35ecfe879bb5eb7dae6b4eec2dad	6055795e2af65cfdf6d2ba326df808a1ed533d37	converged	599
55	0531c19f799288421c7093bc1a7e8739d91a6780	0b4234b9fdd7b7fcdef8de4a1d96ddd8af92ec43	converged	307
55	0e21dea54f9050ff6ddec278c6156f6f67fa4620	09a89d9a5187b4349092cc849cf0659c323d8efe	converged	327
55	101ae292210d6919e7202b9789585f3003181bb6	976dfd8fe9c8178462e0556b70e34e6aafa4f4e4	converged	330
55	1143e70ace47ac9c9bade2025ba25a37cf0fa798	1bb7be909daa040e546a53aadf0872795bbb267f	converged	334
55	16a422954ecee1958247a1cbccca2cc072eb48a6	7c4f93cd26c40370592e81e7a3ca97fc43738303	converged	344
55	1eba32b1bf4f9a46630e975ca3136089e0db1ae0	5f6e491ea488340bc5a1ae9950192c443235736c	converged	353
55	1ec158b6dcff1a27b37423604529175845d69dc1	f8b034f1a9db699ea3db37a5bee0ccd83682c041	converged	354
55	656bd38a12cd3be747e05454892f63ef7d363838	8d63cd33ed7159cc70717599623c634604de049a	converged	436
55	6869e075cac2ea8a726b825f52feb9cb19282c9d	cdbef69d4c340f80692f185052db48029f2dc26f	converged	438
55	6c788fc78680e305f5bb2a1610c62142f950ccf3	9e223cd1a0f23b0ab63b1d39e7bed58fccc1f21f	converged	445
55	75c8f1e53570db45131d425d2dd16c4469969077	49d4808593297a1093c46be318d38f5410810371	converged	453
55	7b6ea3ca13c428ab14ace9e8e92987f4c652550b	1cef97ee856f2addf2779443364657b9335a2d8f	converged	458
55	8a005e4d231a4353d929481925baf648189614b7	2460c1e9c3be656cc9fc7221fc0ebcd4a675765b	converged	472
55	8ea6ebfd7a7d1c9c756c49d2e6523b01de9b83e6	f7194dbd76ffc5c1b2383f31bff31d10577fd981	converged	477
55	9188e5c25e8616a28af08c97dd8d5633755a6321	2d45ea3a4464a803f76ecbd2ce77d4fcc78b6fd3	converged	482
55	9210d9c448226ab6432d66d5452df74a65c0c44b	951da31474f5a9a5239e9928ea748d334eab324b	converged	483
55	94052f5b5f78700311bba2a7edec5694e7570206	7ddd99c903ecc5bce5f4a1b774835ba1820e5313	converged	487
55	9780e4c83411b9a4d781de9bdf7a865017012e36	973189cb238ffe3af9ca882d82eb98de4c729833	converged	491
55	9982829dfdbd9a0dd00ea036ecb90759dcb07301	d7aa3f1f578571271174caa4f820d8ee6c05168f	converged	494
55	a41a2816c7ddadedd3b0c78171fb8c1b9fda38ca	5e1190bc17503c61ff2a4c8e3e1813d174128968	converged	511
55	c196bb26dca6f755184e623394b6ee73b530cdab	54e2a84b40997302db2b5a67931012d62fc11804	converged	542
55	cceb2e64f460497f3abce3cdf940796305922ad4	7160a8725f01d13112ca34bb64237f7d0b7d508e	converged	555
55	cd197cce362a92d13965ca88db7dded4fa2f115d	76dd4e631e1ebc0401c67ea88fef7bf116fd720b	converged	556
55	f6627139aaf47a9dff99ec9ba2dfbbcf5d566c2f	062b04858d37e6fcb37d4de8ac6b2e9e43b1d6db	converged	600
55	fd41c8aaac996261aae6dfd0cf486f8cdb008a6b	d9467c8ca1b2d943b4b997cadedc960f937cdf83	converged	607
56	0e1b37392255c8e1029048961c20b6f6ac9111ab	afc6fee3f93f2ff762f1297a7da7d750481e8e38	converged	326
56	112bc01f010f8df228a9524987461f9f34ea0437	3f177c5fc12341b89ef8bef5d452a6df3b4f761e	converged	333
56	21f4f441cdec6810f42efa617cb6491521b7fa3d	57962b7cef26f050c3378e186a634395d75a60ed	converged	358
56	26cc6a41b8cd906d1d4e5432584029b512ed58e4	3c7d1bf72bcf66b65cbfe71125fbb703c181749c	converged	363
56	3cd819d63095c0c33ae71323c04e43c015a7fa88	f78d50088bd450c004336de2ca048aad8655b5fe	converged	387
56	3f48452e8a434e8931cd5b5e074f0f2cf55e729b	becfac3d367264b6f9c2d5cc42931bc8ed849f29	converged	390
56	a13c8811843bc15c45d10059ed4fa97a0c97e622	c27f7f9fc5c3502db4b38df816ddb304b3b3503e	converged	507
56	cfb28c686040b3dcc22a94554c8161b1974d23a8	afe25b551072b5e0dcfad710899d1b8430474e9a	converged	560
56	f8596ee0738fd16a5157d960bb58795b73bbc92e	bf0bfe30b8f5655f7f2bae16b2caa8a3e871159f	converged	601
